Workbook

Sheet INDIKATOR KINERJA DINKES 
A1: INDIKATOR KINERJA PELAYANAN DI RUMAH SAKIT DEPKES
A2: TAHUN 2026
A5: NO | B5: BULAN | C5: JUMLAH TEMPAT TIDUR | D5: JUMLAH PASIEN | G5: JUMLAH HARI PERAWATAN | H5: LAMA DIRAWAT | I5: BOR | J5: LOS | K5: TOI | L5: BTO
D6: PASIEN KELUAR (HIDUP+MATI) | E6: PASIEN KELUAR MATI | F6: PASIEN KELUAR MATI > 48 JAM DIRAWAT
A7: 1 | B7: 2 | C7: 3 | D7: 4 | E7: 5 | F7: 6 | G7: 7 | H7: 8 | I7: 9 | J7: 10 | K7: 11 | L7: 12
A8: 1 | B8: Januari | C8: =[1]Sheet1!F5 -> 388 | D8: =[1]Sheet1!AA5 -> 2514 | E8: =[1]Sheet1!M5 -> 230 | F8: =[1]Sheet1!O5 -> 123 | G8: =[1]Sheet1!S5 -> 9185 | H8: =[1]Sheet1!Q5 -> 8467 | I8: =(G8/(M8*C8)) -> 0.76363485 | J8: =H8/D8 -> 3.3679395 | K8: =((C8*M8)-G8)/D8 -> 1.1308671 | L8: =D8/C8 -> 6.4793814 | M8: =[1]Sheet1!E5 -> 31 | N8: =(G8/(31*C8))*100 -> 76.363485 | P8: =G8/(C8*31)*100 -> 76.363485
A9: 2 | B9: Februari | C9: =[1]Sheet1!F6 -> 388 | D9: =[1]Sheet1!AA6 -> 2275 | E9: =[1]Sheet1!M6 -> 205 | F9: =[1]Sheet1!O6 -> 84 | G9: =[1]Sheet1!S6 -> 8103 | H9: =[1]Sheet1!Q6 -> 7538 | I9: =(G9/(M9*C9)) -> 0.74585788 | J9: =H9/D9 -> 3.3134066 | K9: =((C9*M9)-G9)/D9 -> 1.2136264 | L9: =D9/C9 -> 5.8634021 | M9: =[1]Sheet1!E6 -> 28 | P9: =G9/(C9*31)*100 -> 67.367808
A10: 3 | B10: Maret | C10: =[1]Sheet1!F7 -> 388 | D10: =[1]Sheet1!AA7 -> 2402 | E10: =[1]Sheet1!M7 -> 259 | F10: =[1]Sheet1!O7 -> 146 | G10: =[1]Sheet1!S7 -> 8588 | H10: =[1]Sheet1!Q7 -> 8542 | I10: =(G10/(M10*C10)) -> 0.71400067 | J10: =H10/D10 -> 3.5562032 | K10: =((C10*M10)-G10)/D10 -> 1.4321399 | L10: =D10/C10 -> 6.1907216 | M10: =[1]Sheet1!E7 -> 31 | P10: =G10/(C10*31)*100 -> 71.400067
A11: 4 | B11: April | C11: =[1]Sheet1!F8 -> 388 | D11: =[1]Sheet1!AA8 -> 2903 | E11: =[1]Sheet1!M8 -> 251 | F11: =[1]Sheet1!O8 -> 123 | G11: =[1]Sheet1!S8 -> 10056 | H11: =[1]Sheet1!Q8 -> 10568 | I11: =(G11/(M11*C11)) -> 0.86391753 | J11: =H11/D11 -> 3.640372 | K11: =((C11*M11)-G11)/D11 -> 0.54564244 | L11: =D11/C11 -> 7.4819588 | M11: =[1]Sheet1!E8 -> 30 | O11: =31*305 -> 9455 | P11: =G11/(C11*31)*100 -> 83.604922
A12: 5 | B12: Mei | C12: =[1]Sheet1!F9 -> 388 | D12: =[1]Sheet1!AA9 -> 2886 | E12: =[1]Sheet1!M9 -> 271 | F12: =[1]Sheet1!O9 -> 130 | G12: =[1]Sheet1!S9 -> 9915 | H12: =[1]Sheet1!Q9 -> 10519 | I12: =(G12/(M12*C12)) -> 0.82432657 | J12: =H12/D12 -> 3.6448371 | K12: =((C12*M12)-G12)/D12 -> 0.73215523 | L12: =D12/C12 -> 7.4381443 | M12: =[1]Sheet1!E9 -> 31 | P12: =G12/(C12*31)*100 -> 82.432657
A13: 6 | B13: Juni | C13: =[1]Sheet1!F10 -> 388 | D13: =[1]Sheet1!AA10 -> 2689 | E13: =[1]Sheet1!M10 -> 246 | F13: =[1]Sheet1!O10 -> 130 | G13: =[1]Sheet1!S10 -> 9751 | H13: =[1]Sheet1!Q10 -> 9954 | I13: =(G13/(M13*C13)) -> 0.83771478 | J13: =H13/D13 -> 3.7017479 | K13: =((C13*M13)-G13)/D13 -> 0.70249163 | L13: =D13/C13 -> 6.9304124 | M13: =[1]Sheet1!E10 -> 30 | P13: =G13/(C13*31)*100 -> 81.069172
A14: 7 | B14: Juli | C14: =[1]Sheet1!F11 -> 0 | D14: =[1]Sheet1!AA11 -> 0 | E14: =[1]Sheet1!M11 -> 0 | F14: =[1]Sheet1!O11 -> 0 | G14: =[1]Sheet1!S11 -> 0 | H14: =[1]Sheet1!Q11 -> 0 | I14: =(G14/(M14*C14)) -> #DIV/0! | J14: =H14/D14 -> #DIV/0! | K14: =((C14*31)-G14)/D14 -> #DIV/0! | L14: =D14/C14 -> #DIV/0! | M14: =[1]Sheet1!E11 -> 0 | P14: =G14/(C14*31)*100 -> #DIV/0!
A15: 8 | B15: Agustus | C15: =[1]Sheet1!F12 -> 0 | D15: =[1]Sheet1!AA12 -> 0 | E15: =[1]Sheet1!M12 -> 0 | F15: =[1]Sheet1!O12 -> 0 | G15: =[1]Sheet1!S12 -> 0 | H15: =[1]Sheet1!Q12 -> 0 | I15: =(G15/(M15*C15)) -> #DIV/0! | J15: =H15/D15 -> #DIV/0! | K15: =((C15*31)-G15)/D15 -> #DIV/0! | L15: =D15/C15 -> #DIV/0! | M15: =[1]Sheet1!E12 -> 0 | P15: =G15/(C15*31)*100 -> #DIV/0!
A16: 9 | B16: September | C16: =[1]Sheet1!F13 -> 0 | D16: =[1]Sheet1!AA13 -> 0 | E16: =[1]Sheet1!M13 -> 0 | F16: =[1]Sheet1!O13 -> 0 | G16: =[1]Sheet1!S13 -> 0 | H16: =[1]Sheet1!Q13 -> 0 | I16: =(G16/(M16*C16)) -> #DIV/0! | J16: =H16/D16 -> #DIV/0! | K16: =((C16*31)-G16)/D16 -> #DIV/0! | L16: =D16/C16 -> #DIV/0! | M16: =[1]Sheet1!E13 -> 0 | P16: =G16/(C16*31)*100 -> #DIV/0!
A17: 10 | B17: Oktober | C17: =[1]Sheet1!F14 -> 0 | D17: =[1]Sheet1!AA14 -> 0 | E17: =[1]Sheet1!M14 -> 0 | F17: =[1]Sheet1!O14 -> 0 | G17: =[1]Sheet1!S14 -> 0 | H17: =[1]Sheet1!Q14 -> 0 | I17: =(G17/(M17*C17)) -> #DIV/0! | J17: =H17/D17 -> #DIV/0! | K17: =((C17*31)-G17)/D17 -> #DIV/0! | L17: =D17/C17 -> #DIV/0! | M17: =[1]Sheet1!E14 -> 0 | P17: =G17/(C17*31)*100 -> #DIV/0! | Q17: 4+(5*6)
A18: 11 | B18: November | C18: =[1]Sheet1!F15 -> 0 | D18: =[1]Sheet1!AA15 -> 0 | E18: =[1]Sheet1!M15 -> 0 | F18: =[1]Sheet1!O15 -> 0 | G18: =[1]Sheet1!S15 -> 0 | H18: =[1]Sheet1!Q15 -> 0 | I18: =(G18/(M18*C18)) -> #DIV/0! | J18: =H18/D18 -> #DIV/0! | K18: =((C18*31)-G18)/D18 -> #DIV/0! | L18: =D18/C18 -> #DIV/0! | M18: =[1]Sheet1!E15 -> 0 | P18: =G18/(C18*31)*100 -> #DIV/0!
A19: 12 | B19: Desember | C19: =[1]Sheet1!F16 -> 0 | D19: =[1]Sheet1!AA16 -> 0 | E19: =[1]Sheet1!M16 -> 0 | F19: =[1]Sheet1!O16 -> 0 | G19: =[1]Sheet1!S16 -> 0 | H19: =[1]Sheet1!Q16 -> 0 | I19: =(G19/(M19*C19)) -> #DIV/0! | J19: =H19/D19 -> #DIV/0! | K19: =((C19*31)-G19)/D19 -> #DIV/0! | L19: =D19/C19 -> #DIV/0! | M19: =[1]Sheet1!E16 -> 0 | P19: =G19/(C19*31)*100 -> #DIV/0!
A20: TOTAL | C20: 388 | D20: =SUM(D8:D19) -> 15669 | E20: =SUM(E8:E19) -> 1462 | F20: =SUM(F8:F19) -> 736 | G20: =SUM(G8:G19) -> 55598 | H20: =SUM(H8:H19) -> 55588 | I20: =(G20/(M20*C20)) -> 0.79167853 | J20: =H20/D20 -> 3.5476418 | K20: =((C20*M20)-G20)/D20 -> 0.93369073 | L20: =D20/C20 -> 40.384021 | M20: =[1]Sheet1!E17 -> 181 | P20: =G20/(C20*31)*100 -> 462.23811
P21: =G21/(C21*31)*100 -> #DIV/0!

Sheet INDIKATOR KINERJA BBJ
A1: ='INDIKATOR KINERJA DINKES '!A1:K1 -> INDIKATOR KINERJA PELAYANAN DI RUMAH SAKIT DEPKES
A2: ='INDIKATOR KINERJA DINKES '!A2:K2 -> TAHUN 2026
A5: NO | B5: BULAN | C5: JUMLAH TEMPAT TIDUR | D5: JUMLAH PASIEN | G5: JUMLAH HARI PERAWATAN | H5: LAMA DIRAWAT | I5: BOR | J5: LOS | K5: TOI | L5: BTO
D6: PASIEN KELUAR (HIDUP+MATI) | E6: PASIEN KELUAR MATI | F6: PASIEN KELUAR MATI > 48 JAM DIRAWAT
A7: 1 | B7: 2 | C7: 3 | D7: 4 | E7: 5 | F7: 6 | G7: 7 | H7: 8 | I7: 9 | J7: 10 | K7: 11 | L7: 12
A8: 1 | B8: Januari | C8: ='INDIKATOR KINERJA DINKES '!C8 -> 388 | D8: ='INDIKATOR KINERJA DINKES '!D8 -> 2514 | E8: ='INDIKATOR KINERJA DINKES '!E8 -> 230 | F8: ='INDIKATOR KINERJA DINKES '!F8 -> 123 | G8: ='INDIKATOR KINERJA DINKES '!G8 -> 9185 | H8: ='INDIKATOR KINERJA DINKES '!H8 -> 8467 | I8: =(G8/(M8*C8)) -> 0.76363485 | J8: =G8/D8 -> 3.6535402 | K8: =((C8*M8)-G8)/D8 -> 1.1308671 | L8: =D8/C8 -> 6.4793814 | M8: ='INDIKATOR KINERJA DINKES '!M8 -> 31
A9: 2 | B9: Februari | C9: ='INDIKATOR KINERJA DINKES '!C9 -> 388 | D9: ='INDIKATOR KINERJA DINKES '!D9 -> 2275 | E9: ='INDIKATOR KINERJA DINKES '!E9 -> 205 | F9: ='INDIKATOR KINERJA DINKES '!F9 -> 84 | G9: ='INDIKATOR KINERJA DINKES '!G9 -> 8103 | H9: ='INDIKATOR KINERJA DINKES '!H9 -> 7538 | I9: =(G9/(M9*C9)) -> 0.74585788 | J9: =G9/D9 -> 3.5617582 | K9: =((C9*M9)-G9)/D9 -> 1.2136264 | L9: =D9/C9 -> 5.8634021 | M9: ='INDIKATOR KINERJA DINKES '!M9 -> 28
A10: 3 | B10: Maret | C10: ='INDIKATOR KINERJA DINKES '!C10 -> 388 | D10: ='INDIKATOR KINERJA DINKES '!D10 -> 2402 | E10: ='INDIKATOR KINERJA DINKES '!E10 -> 259 | F10: ='INDIKATOR KINERJA DINKES '!F10 -> 146 | G10: ='INDIKATOR KINERJA DINKES '!G10 -> 8588 | H10: ='INDIKATOR KINERJA DINKES '!H10 -> 8542 | I10: =(G10/(M10*C10)) -> 0.71400067 | J10: =G10/D10 -> 3.5753539 | K10: =((C10*M10)-G10)/D10 -> 1.4321399 | L10: =D10/C10 -> 6.1907216 | M10: ='INDIKATOR KINERJA DINKES '!M10 -> 31
A11: 4 | B11: April | C11: ='INDIKATOR KINERJA DINKES '!C11 -> 388 | D11: ='INDIKATOR KINERJA DINKES '!D11 -> 2903 | E11: ='INDIKATOR KINERJA DINKES '!E11 -> 251 | F11: ='INDIKATOR KINERJA DINKES '!F11 -> 123 | G11: ='INDIKATOR KINERJA DINKES '!G11 -> 10056 | H11: ='INDIKATOR KINERJA DINKES '!H11 -> 10568 | I11: =(G11/(M11*C11)) -> 0.86391753 | J11: =G11/D11 -> 3.4640028 | K11: =((C11*M11)-G11)/D11 -> 0.54564244 | L11: =D11/C11 -> 7.4819588 | M11: ='INDIKATOR KINERJA DINKES '!M11 -> 30
A12: 5 | B12: Mei | C12: ='INDIKATOR KINERJA DINKES '!C12 -> 388 | D12: ='INDIKATOR KINERJA DINKES '!D12 -> 2886 | E12: ='INDIKATOR KINERJA DINKES '!E12 -> 271 | F12: ='INDIKATOR KINERJA DINKES '!F12 -> 130 | G12: ='INDIKATOR KINERJA DINKES '!G12 -> 9915 | H12: ='INDIKATOR KINERJA DINKES '!H12 -> 10519 | I12: =(G12/(M12*C12)) -> 0.82432657 | J12: =G12/D12 -> 3.4355509 | K12: =((C12*M12)-G12)/D12 -> 0.73215523 | L12: =D12/C12 -> 7.4381443 | M12: ='INDIKATOR KINERJA DINKES '!M12 -> 31
A13: 6 | B13: Juni | C13: ='INDIKATOR KINERJA DINKES '!C13 -> 388 | D13: ='INDIKATOR KINERJA DINKES '!D13 -> 2689 | E13: ='INDIKATOR KINERJA DINKES '!E13 -> 246 | F13: ='INDIKATOR KINERJA DINKES '!F13 -> 130 | G13: ='INDIKATOR KINERJA DINKES '!G13 -> 9751 | H13: ='INDIKATOR KINERJA DINKES '!H13 -> 9954 | I13: =(G13/(M13*C13)) -> 0.83771478 | J13: =G13/D13 -> 3.6262551 | K13: =((C13*M13)-G13)/D13 -> 0.70249163 | L13: =D13/C13 -> 6.9304124 | M13: ='INDIKATOR KINERJA DINKES '!M13 -> 30
A14: 7 | B14: Juli | C14: ='INDIKATOR KINERJA DINKES '!C14 -> 0 | D14: ='INDIKATOR KINERJA DINKES '!D14 -> 0 | E14: ='INDIKATOR KINERJA DINKES '!E14 -> 0 | F14: ='INDIKATOR KINERJA DINKES '!F14 -> 0 | G14: ='INDIKATOR KINERJA DINKES '!G14 -> 0 | H14: ='INDIKATOR KINERJA DINKES '!H14 -> 0 | I14: =(G14/(M14*C14)) -> #DIV/0! | J14: =G14/D14 -> #DIV/0! | K14: =((C14*31)-G14)/D14 -> #DIV/0! | L14: =D14/C14 -> #DIV/0! | M14: ='INDIKATOR KINERJA DINKES '!M14 -> 0
A15: 8 | B15: Agustus | C15: ='INDIKATOR KINERJA DINKES '!C15 -> 0 | D15: ='INDIKATOR KINERJA DINKES '!D15 -> 0 | E15: ='INDIKATOR KINERJA DINKES '!E15 -> 0 | F15: ='INDIKATOR KINERJA DINKES '!F15 -> 0 | G15: ='INDIKATOR KINERJA DINKES '!G15 -> 0 | H15: ='INDIKATOR KINERJA DINKES '!H15 -> 0 | I15: =(G15/(M15*C15)) -> #DIV/0! | J15: =G15/D15 -> #DIV/0! | K15: =((C15*31)-G15)/D15 -> #DIV/0! | L15: =D15/C15 -> #DIV/0! | M15: ='INDIKATOR KINERJA DINKES '!M15 -> 0
A16: 9 | B16: September | C16: ='INDIKATOR KINERJA DINKES '!C16 -> 0 | D16: ='INDIKATOR KINERJA DINKES '!D16 -> 0 | E16: ='INDIKATOR KINERJA DINKES '!E16 -> 0 | F16: ='INDIKATOR KINERJA DINKES '!F16 -> 0 | G16: ='INDIKATOR KINERJA DINKES '!G16 -> 0 | H16: ='INDIKATOR KINERJA DINKES '!H16 -> 0 | I16: =(G16/(M16*C16)) -> #DIV/0! | J16: =G16/D16 -> #DIV/0! | K16: =((C16*31)-G16)/D16 -> #DIV/0! | L16: =D16/C16 -> #DIV/0! | M16: ='INDIKATOR KINERJA DINKES '!M16 -> 0
A17: 10 | B17: Oktober | C17: ='INDIKATOR KINERJA DINKES '!C17 -> 0 | D17: ='INDIKATOR KINERJA DINKES '!D17 -> 0 | E17: ='INDIKATOR KINERJA DINKES '!E17 -> 0 | F17: ='INDIKATOR KINERJA DINKES '!F17 -> 0 | G17: ='INDIKATOR KINERJA DINKES '!G17 -> 0 | H17: ='INDIKATOR KINERJA DINKES '!H17 -> 0 | I17: =(G17/(M17*C17)) -> #DIV/0! | J17: =G17/D17 -> #DIV/0! | K17: =((C17*31)-G17)/D17 -> #DIV/0! | L17: =D17/C17 -> #DIV/0! | M17: ='INDIKATOR KINERJA DINKES '!M17 -> 0
A18: 11 | B18: November | C18: ='INDIKATOR KINERJA DINKES '!C18 -> 0 | D18: ='INDIKATOR KINERJA DINKES '!D18 -> 0 | E18: ='INDIKATOR KINERJA DINKES '!E18 -> 0 | F18: ='INDIKATOR KINERJA DINKES '!F18 -> 0 | G18: ='INDIKATOR KINERJA DINKES '!G18 -> 0 | H18: ='INDIKATOR KINERJA DINKES '!H18 -> 0 | I18: =(G18/(M18*C18)) -> #DIV/0! | J18: =G18/D18 -> #DIV/0! | K18: =((C18*31)-G18)/D18 -> #DIV/0! | L18: =D18/C18 -> #DIV/0! | M18: ='INDIKATOR KINERJA DINKES '!M18 -> 0
A19: 12 | B19: Desember | C19: ='INDIKATOR KINERJA DINKES '!C19 -> 0 | D19: ='INDIKATOR KINERJA DINKES '!D19 -> 0 | E19: ='INDIKATOR KINERJA DINKES '!E19 -> 0 | F19: ='INDIKATOR KINERJA DINKES '!F19 -> 0 | G19: ='INDIKATOR KINERJA DINKES '!G19 -> 0 | H19: ='INDIKATOR KINERJA DINKES '!H19 -> 0 | I19: =(G19/(M19*C19)) -> #DIV/0! | J19: =G19/D19 -> #DIV/0! | K19: =((C19*31)-G19)/D19 -> #DIV/0! | L19: =D19/C19 -> #DIV/0! | M19: ='INDIKATOR KINERJA DINKES '!M19 -> 0
A20: TOTAL | C20: 390 | D20: =SUM(D8:D19) -> 15669 | E20: =SUM(E8:E19) -> 1462 | F20: =SUM(F8:F19) -> 736 | G20: =SUM(G8:G19) -> 55598 | H20: =SUM(H8:H19) -> 55588 | I20: =(G20/(M20*C20)) -> 0.78761864 | J20: =G20/D20 -> 3.54828 | K20: =((C20*M20)-G20)/D20 -> 0.95679367 | L20: =D20/C20 -> 40.176923 | M20: ='INDIKATOR KINERJA DINKES '!M20 -> 181

Sheet NDR GDR
A1: ='INDIKATOR KINERJA DINKES '!A1:K1 -> INDIKATOR KINERJA PELAYANAN DI RUMAH SAKIT DEPKES
A2: KABUPATEN JEMBER
A3: ='INDIKATOR KINERJA DINKES '!A2:K2 -> TAHUN 2026
A4: RSD dr. SOEBANDI JEMBER
A5: Jenis RS | B5: Bulan | C5: TT | D5: Pasien Keluar (Hidup) | G5: Pasien Keluar Mati | J5: Pasien Keluar Mati < 48 jam | M5: Pasien Keluar Mati ≥ 48 jam | P5: GDR/‰ | S5: NDR/‰ | V5: TOTAL KUNJUNGAN | Y5: Kematian Ibu | AB5: Kematian Bayi
Y6: Ibu Hamil | Z6: Ibu Melahirkan | AA6: Nifas
D7: L | E7: P | F7: L+P | G7: L | H7: P | I7: L+P | J7: L | K7: P | L7: L+P | M7: L | N7: P | O7: L+P | P7: L | Q7: P | R7: L+P | S7: L | T7: P | U7: L+P | V7: L | W7: P | X7: L+P | Y7: 19 | Z7: 20 | AA7: 21 | AB7: 22
B8: Januari | C8: ='INDIKATOR KINERJA DINKES '!C8 -> 388 | D8: 1082 | E8: 1202 | F8: =D8+E8 -> 2284 | G8: =+J8+M8 -> 119 | H8: =+K8+N8 -> 111 | I8: =G8+H8 -> 230 | J8: 56 | K8: 51 | L8: =J8+K8 -> 107 | M8: 63 | N8: 60 | O8: =M8+N8 -> 123 | P8: =(G8/V8)*1000 -> 99.084097 | Q8: =(H8/W8)*1000 -> 84.539223 | R8: =(I8/X8)*1000 -> 91.487669 | S8: =(M8/V8)*1000 -> 52.456286 | T8: =(N8/W8)*1000 -> 45.696877 | U8: =(O8/X8)*1000 -> 48.926014 | V8: =+D8+G8 -> 1201 | W8: =+E8+H8 -> 1313 | X8: =+F8+I8 -> 2514 | AA8: 4 | AB8: 13
B9: Pebruari | C9: ='INDIKATOR KINERJA DINKES '!C9 -> 388 | D9: 978 | E9: 1092 | F9: =D9+E9 -> 2070 | G9: =+J9+M9 -> 125 | H9: =+K9+N9 -> 80 | I9: =G9+H9 -> 205 | J9: 72 | K9: 49 | L9: =J9+K9 -> 121 | M9: 53 | N9: 31 | O9: =M9+N9 -> 84 | P9: =(G9/V9)*1000 -> 113.32729 | Q9: =(H9/W9)*1000 -> 68.259386 | R9: =(I9/X9)*1000 -> 90.10989 | S9: =(M9/V9)*1000 -> 48.050771 | T9: =(N9/W9)*1000 -> 26.450512 | U9: =(O9/X9)*1000 -> 36.923077 | V9: =+D9+G9 -> 1103 | W9: =+E9+H9 -> 1172 | X9: =+F9+I9 -> 2275 | AA9: 1 | AB9: 7
B10: maret | C10: ='INDIKATOR KINERJA DINKES '!C10 -> 388 | D10: 1025 | E10: 1118 | F10: =D10+E10 -> 2143 | G10: =+J10+M10 -> 136 | H10: =+K10+N10 -> 123 | I10: =G10+H10 -> 259 | J10: 63 | K10: 50 | L10: =J10+K10 -> 113 | M10: 73 | N10: 73 | O10: =M10+N10 -> 146 | P10: =(G10/V10)*1000 -> 117.1404 | Q10: =(H10/W10)*1000 -> 99.113618 | R10: =(I10/X10)*1000 -> 107.82681 | S10: =(M10/V10)*1000 -> 62.87683 | T10: =(N10/W10)*1000 -> 58.823529 | U10: =(O10/X10)*1000 -> 60.782681 | V10: =+D10+G10 -> 1161 | W10: =+E10+H10 -> 1241 | X10: =+F10+I10 -> 2402 | Y10: 2 | AB10: 16
B11: April | C11: ='INDIKATOR KINERJA DINKES '!C11 -> 388 | D11: 1178 | E11: 1474 | F11: =D11+E11 -> 2652 | G11: =+J11+M11 -> 139 | H11: =+K11+N11 -> 112 | I11: =G11+H11 -> 251 | J11: 70 | K11: 58 | L11: =J11+K11 -> 128 | M11: 69 | N11: 54 | O11: =M11+N11 -> 123 | P11: =(G11/V11)*1000 -> 105.5429 | Q11: =(H11/W11)*1000 -> 70.617907 | R11: =(I11/X11)*1000 -> 86.46228 | S11: =(M11/V11)*1000 -> 52.3918 | T11: =(N11/W11)*1000 -> 34.047919 | U11: =(O11/X11)*1000 -> 42.369962 | V11: =+D11+G11 -> 1317 | W11: =+E11+H11 -> 1586 | X11: =+F11+I11 -> 2903
B12: Mei | C12: ='INDIKATOR KINERJA DINKES '!C12 -> 388 | D12: 1142 | E12: 1473 | F12: =D12+E12 -> 2615 | G12: =+J12+M12 -> 152 | H12: =+K12+N12 -> 119 | I12: =G12+H12 -> 271 | J12: 85 | K12: 56 | L12: =J12+K12 -> 141 | M12: 67 | N12: 63 | O12: =M12+N12 -> 130 | P12: =(G12/V12)*1000 -> 117.46522 | Q12: =(H12/W12)*1000 -> 74.748744 | R12: =(I12/X12)*1000 -> 93.901594 | S12: =(M12/V12)*1000 -> 51.777434 | T12: =(N12/W12)*1000 -> 39.572864 | U12: =(O12/X12)*1000 -> 45.045045 | V12: =+D12+G12 -> 1294 | W12: =+E12+H12 -> 1592 | X12: =+F12+I12 -> 2886
B13: Juni | C13: ='INDIKATOR KINERJA DINKES '!C13 -> 388 | D13: 1121 | E13: 1322 | F13: =D13+E13 -> 2443 | G13: =+J13+M13 -> 120 | H13: =+K13+N13 -> 126 | I13: =G13+H13 -> 246 | J13: 59 | K13: 57 | L13: =J13+K13 -> 116 | M13: 61 | N13: 69 | O13: =M13+N13 -> 130 | P13: =(G13/V13)*1000 -> 96.696213 | Q13: =(H13/W13)*1000 -> 87.016575 | R13: =(I13/X13)*1000 -> 91.483823 | S13: =(M13/V13)*1000 -> 49.153908 | T13: =(N13/W13)*1000 -> 47.651934 | U13: =(O13/X13)*1000 -> 48.34511 | V13: =+D13+G13 -> 1241 | W13: =+E13+H13 -> 1448 | X13: =+F13+I13 -> 2689
B14: Juli | C14: ='INDIKATOR KINERJA DINKES '!C14 -> 0 | F14: =D14+E14 -> 0 | G14: =+J14+M14 -> 0 | H14: =+K14+N14 -> 0 | I14: =G14+H14 -> 0 | L14: =J14+K14 -> 0 | O14: =M14+N14 -> 0 | P14: =(G14/V14)*1000 -> #DIV/0! | Q14: =(H14/W14)*1000 -> #DIV/0! | R14: =(I14/X14)*1000 -> #DIV/0! | S14: =(M14/V14)*1000 -> #DIV/0! | T14: =(N14/W14)*1000 -> #DIV/0! | U14: =(O14/X14)*1000 -> #DIV/0! | V14: =+D14+G14 -> 0 | W14: =+E14+H14 -> 0 | X14: =+F14+I14 -> 0
B15: Agustus | C15: ='INDIKATOR KINERJA DINKES '!C15 -> 0 | F15: =D15+E15 -> 0 | G15: =+J15+M15 -> 0 | H15: =+K15+N15 -> 0 | I15: =G15+H15 -> 0 | L15: =J15+K15 -> 0 | O15: =M15+N15 -> 0 | P15: =(G15/V15)*1000 -> #DIV/0! | Q15: =(H15/W15)*1000 -> #DIV/0! | R15: =(I15/X15)*1000 -> #DIV/0! | S15: =(M15/V15)*1000 -> #DIV/0! | T15: =(N15/W15)*1000 -> #DIV/0! | U15: =(O15/X15)*1000 -> #DIV/0! | V15: =+D15+G15 -> 0 | W15: =+E15+H15 -> 0 | X15: =+F15+I15 -> 0
B16: September | C16: ='INDIKATOR KINERJA DINKES '!C16 -> 0 | F16: =D16+E16 -> 0 | G16: =+J16+M16 -> 0 | H16: =+K16+N16 -> 0 | I16: =G16+H16 -> 0 | L16: =J16+K16 -> 0 | O16: =M16+N16 -> 0 | P16: =(G16/V16)*1000 -> #DIV/0! | Q16: =(H16/W16)*1000 -> #DIV/0! | R16: =(I16/X16)*1000 -> #DIV/0! | S16: =(M16/V16)*1000 -> #DIV/0! | T16: =(N16/W16)*1000 -> #DIV/0! | U16: =(O16/X16)*1000 -> #DIV/0! | V16: =+D16+G16 -> 0 | W16: =+E16+H16 -> 0 | X16: =+F16+I16 -> 0
B17: Oktober | C17: ='INDIKATOR KINERJA DINKES '!C17 -> 0 | F17: =D17+E17 -> 0 | G17: =+J17+M17 -> 0 | H17: =+K17+N17 -> 0 | I17: =G17+H17 -> 0 | L17: =J17+K17 -> 0 | O17: =M17+N17 -> 0 | P17: =(G17/V17)*1000 -> #DIV/0! | Q17: =(H17/W17)*1000 -> #DIV/0! | R17: =(I17/X17)*1000 -> #DIV/0! | S17: =(M17/V17)*1000 -> #DIV/0! | T17: =(N17/W17)*1000 -> #DIV/0! | U17: =(O17/X17)*1000 -> #DIV/0! | V17: =+D17+G17 -> 0 | W17: =+E17+H17 -> 0 | X17: =+F17+I17 -> 0
B18: Nopember | C18: ='INDIKATOR KINERJA DINKES '!C18 -> 0 | F18: =D18+E18 -> 0 | G18: =+J18+M18 -> 0 | H18: =+K18+N18 -> 0 | I18: =G18+H18 -> 0 | L18: =J18+K18 -> 0 | O18: =M18+N18 -> 0 | P18: =(G18/V18)*1000 -> #DIV/0! | Q18: =(H18/W18)*1000 -> #DIV/0! | R18: =(I18/X18)*1000 -> #DIV/0! | S18: =(M18/V18)*1000 -> #DIV/0! | T18: =(N18/W18)*1000 -> #DIV/0! | U18: =(O18/X18)*1000 -> #DIV/0! | V18: =+D18+G18 -> 0 | W18: =+E18+H18 -> 0 | X18: =+F18+I18 -> 0
B19: Desember | C19: ='INDIKATOR KINERJA DINKES '!C19 -> 0 | F19: =D19+E19 -> 0 | G19: =+J19+M19 -> 0 | H19: =+K19+N19 -> 0 | I19: =G19+H19 -> 0 | L19: =J19+K19 -> 0 | O19: =M19+N19 -> 0 | P19: =(G19/V19)*1000 -> #DIV/0! | Q19: =(H19/W19)*1000 -> #DIV/0! | R19: =(I19/X19)*1000 -> #DIV/0! | S19: =(M19/V19)*1000 -> #DIV/0! | T19: =(N19/W19)*1000 -> #DIV/0! | U19: =(O19/X19)*1000 -> #DIV/0! | V19: =+D19+G19 -> 0 | W19: =+E19+H19 -> 0 | X19: =+F19+I19 -> 0
A20: TOTAL | C20: 388 | D20: =SUM(D8:D19) -> 6526 | E20: =SUM(E8:E19) -> 7681 | F20: =D20+E20 -> 14207 | G20: =SUM(G8:G19) -> 791 | H20: =SUM(H8:H19) -> 671 | I20: =SUM(I8:I19) -> 1462 | J20: =SUM(J8:J19) -> 405 | K20: =SUM(K8:K19) -> 321 | L20: =SUM(L8:L19) -> 726 | M20: =SUM(M8:M19) -> 386 | N20: =SUM(N8:N19) -> 350 | O20: =SUM(O8:O19) -> 736 | P20: =(G20/V20)*1000 -> 108.10441 | Q20: =(H20/W20)*1000 -> 80.340038 | R20: =(I20/X20)*1000 -> 93.305252 | S20: =(M20/V20)*1000 -> 52.753861 | T20: =(N20/W20)*1000 -> 41.90613 | U20: =(O20/X20)*1000 -> 46.971728 | V20: =+D20+G20 -> 7317 | W20: =+E20+H20 -> 8352 | X20: =+F20+I20 -> 15669 | Y20: =SUM(Y8:Y19) -> 2 | Z20: =SUM(Z8:Z19) -> 0 | AA20: =SUM(AA8:AA19) -> 5 | AB20: =SUM(AB8:AB19) -> 36

Sheet KUNJ.RJ&RI
A2: JUMLAH KUNJUNGAN RAWAT JALAN, RAWAT INAP, DAN KUNJUNGAN GANGGUAN JIWA DI SARANA PELAYANAN KESEHATAN
A3: TAHUN 2026
A6: NO | B6: BULAN | C6: JUMLAH KUNJUNGAN | I6: KUNJUNGAN GANGGUAN JIWA
C7: RAWAT JALAN | F7: RAWAT INAP | I7: JUMLAH
C8: L | D8: P | E8: L+P | F8: L | G8: P | H8: L+P | I8: L | J8: P | K8: L+P
A9: 1 | B9: 2 | C9: 3 | D9: 4 | E9: 5=3+4 | F9: 6 | G9: 7 | H9: 8=6+7 | I9: 9 | J9: 10 | K9: 11=9+10
A10: 1 | B10: Januari | E10: =C10+D10 -> 0 | F10: =+'NDR GDR'!D8+'NDR GDR'!G8 -> 1201 | G10: =+'NDR GDR'!E8+'NDR GDR'!H8 -> 1313 | H10: =F10+G10 -> 2514 | K10: =I10+J10 -> 0
A11: 2 | B11: Februari | E11: =C11+D11 -> 0 | F11: =+'NDR GDR'!D9+'NDR GDR'!G9 -> 1103 | G11: =+'NDR GDR'!E9+'NDR GDR'!H9 -> 1172 | H11: =F11+G11 -> 2275 | K11: =I11+J11 -> 0
A12: 3 | B12: Maret | E12: =C12+D12 -> 0 | F12: =+'NDR GDR'!D10+'NDR GDR'!G10 -> 1161 | G12: =+'NDR GDR'!E10+'NDR GDR'!H10 -> 1241 | H12: =F12+G12 -> 2402 | K12: =I12+J12 -> 0
A13: 4 | B13: April | E13: =C13+D13 -> 0 | F13: =+'NDR GDR'!D11+'NDR GDR'!G11 -> 1317 | G13: =+'NDR GDR'!E11+'NDR GDR'!H11 -> 1586 | H13: =F13+G13 -> 2903 | K13: =I13+J13 -> 0
A14: 5 | B14: Mei | E14: =C14+D14 -> 0 | F14: =+'NDR GDR'!D12+'NDR GDR'!G12 -> 1294 | G14: =+'NDR GDR'!E12+'NDR GDR'!H12 -> 1592 | H14: =F14+G14 -> 2886 | K14: =I14+J14 -> 0
A15: 6 | B15: Juni | E15: =C15+D15 -> 0 | F15: =+'NDR GDR'!D13+'NDR GDR'!G13 -> 1241 | G15: =+'NDR GDR'!E13+'NDR GDR'!H13 -> 1448 | H15: =F15+G15 -> 2689 | K15: =I15+J15 -> 0
A16: 7 | B16: Juli | E16: =C16+D16 -> 0 | F16: =+'NDR GDR'!D14+'NDR GDR'!G14 -> 0 | G16: =+'NDR GDR'!E14+'NDR GDR'!H14 -> 0 | H16: =F16+G16 -> 0 | K16: =I16+J16 -> 0
A17: 8 | B17: Agustus | E17: =C17+D17 -> 0 | F17: =+'NDR GDR'!D15+'NDR GDR'!G15 -> 0 | G17: =+'NDR GDR'!E15+'NDR GDR'!H15 -> 0 | H17: =F17+G17 -> 0 | K17: =I17+J17 -> 0
A18: 9 | B18: September | E18: =C18+D18 -> 0 | F18: =+'NDR GDR'!D16+'NDR GDR'!G16 -> 0 | G18: =+'NDR GDR'!E16+'NDR GDR'!H16 -> 0 | H18: =F18+G18 -> 0 | K18: =I18+J18 -> 0
A19: 10 | B19: Oktober | E19: =C19+D19 -> 0 | F19: =+'NDR GDR'!D17+'NDR GDR'!G17 -> 0 | G19: =+'NDR GDR'!E17+'NDR GDR'!H17 -> 0 | H19: =F19+G19 -> 0 | K19: =I19+J19 -> 0
A20: 11 | B20: November | E20: =C20+D20 -> 0 | F20: =+'NDR GDR'!D18+'NDR GDR'!G18 -> 0 | G20: =+'NDR GDR'!E18+'NDR GDR'!H18 -> 0 | H20: =F20+G20 -> 0 | K20: =I20+J20 -> 0
A21: 12 | B21: Desember | E21: =C21+D21 -> 0 | F21: =+'NDR GDR'!D19+'NDR GDR'!G19 -> 0 | G21: =+'NDR GDR'!E19+'NDR GDR'!H19 -> 0 | H21: =F21+G21 -> 0 | K21: =I21+J21 -> 0
A22: TOTAL | C22: =SUM(C10:C21) -> 0 | D22: =SUM(D10:D21) -> 0 | E22: =SUM(E10:E21) -> 0 | F22: =SUM(F10:F21) -> 7317 | G22: =SUM(G10:G21) -> 8352 | H22: =SUM(H10:H21) -> 15669 | I22: =SUM(I10:I21) -> 0 | J22: =SUM(J10:J21) -> 0 | K22: =SUM(K10:K21) -> 0
