Workbook

Sheet JAN
A1: DATA PELAYANAN RI RSD Dr.SOEBANDI JEMBER
A2: BULAN : JANUARI 2026
A3: NO | B3: PELAYANAN | C3: RAWAT INAP | D3: KLAS PERAWATAN | E3: PERIODE | F3: TT (T) | G3: PX AWAL | H3: PX MASUK | I3: PX PINDAHAN | J3: JUMLAH (1+2+3) | K3: PX DI PINDAHKAN | L3: PX KELUAR HIDUP | M3: PX MATI | N3: KURANG 48 JAM | O3: LEBIH 48 JAM | P3: JUMLAH (5+6+7) | Q3: LAMA DI RAWAT | R3: PX KELUAR/MASUK HR SAMA | S3: HARI PERAWATAN | T3: Px AKHIR | U3: KUNJUNGN | V3: O | W3: BOR (O/T) | X3: LOS | Y3: TOI | Z3: BTO
V4: (TT terpakai) | W4: (75%-85%) | X4: (3-12 hari) | Y4: (1-3 hr) | Z4: (30 px)
G6: 1 | H6: 2 | I6: 3 | J6: 4 | K6: 5 | L6: 6 | M6: 7 | N6: 8 | O6: 9 | P6: 10 | Q6: 11 | R6: 12 | S6: 13 | T6: 14 | V6: 15 | W6: 16 | X6: 17 | Y6: 18 | Z6: 19
A7: 1 | B7: INTENSIVE | C7: ICU | D7: I | E7: 31 | F7: 14 | G7: 17 | H7: 12 | I7: 88 | J7: 117 | K7: 93 | L7: 0 | M7: 18 | N7: 2 | O7: 16 | P7: 111 | Q7: 117 | R7: 0 | S7: 348 | T7: 6 | U7: 18 | V7: 11.225806 | W7: 80.184332 | X7: 19.333333 | Y7: 4.7777778 | Z7: 1.2857143
C8: ICU | D8: I | E8: 31 | F8: 14 | G8: 17 | H8: 12 | I8: 88 | J8: 117 | K8: 93 | L8: 0 | M8: 18 | N8: 2 | O8: 16 | P8: 111 | Q8: 117 | R8: 0 | S8: 348 | T8: 6 | U8: 18 | V8: 11.225806 | W8: 80.184332 | X8: 19.333333 | Y8: 4.7777778 | Z8: 1.2857143
A9: 2 | C9: ICCU | D9: I | E9: 31 | F9: 5 | G9: 2 | H9: 71 | I9: 10 | J9: 83 | K9: 77 | L9: 0 | M9: 1 | N9: 1 | O9: 0 | P9: 78 | Q9: 1 | R9: 1 | S9: 114 | T9: 5 | U9: 1 | V9: 3.6774194 | W9: 73.548387 | X9: 114 | Y9: 41 | Z9: 0.2
C10: ICCU | D10: I | E10: 31 | F10: 5 | G10: 2 | H10: 71 | I10: 10 | J10: 83 | K10: 77 | L10: 0 | M10: 1 | N10: 1 | O10: 0 | P10: 78 | Q10: 1 | R10: 1 | S10: 114 | T10: 5 | U10: 1 | V10: 3.6774194 | W10: 73.548387 | X10: 114 | Y10: 41 | Z10: 0.2
A11: 3 | C11: PICU | D11: I | E11: 31 | F11: 3 | G11: 2 | H11: 15 | I11: 9 | J11: 26 | K11: 19 | L11: 1 | M11: 3 | N11: 1 | O11: 2 | P11: 23 | Q11: 35 | R11: 0 | S11: 67 | T11: 3 | U11: 4 | V11: 2.1612903 | W11: 72.043011 | X11: 16.75 | Y11: 6.5 | Z11: 1.3333333
C12: PICU | D12: I | E12: 31 | F12: 3 | G12: 2 | H12: 15 | I12: 9 | J12: 26 | K12: 19 | L12: 1 | M12: 3 | N12: 1 | O12: 2 | P12: 23 | Q12: 35 | R12: 0 | S12: 67 | T12: 3 | U12: 4 | V12: 2.1612903 | W12: 72.043011 | X12: 16.75 | Y12: 6.5 | Z12: 1.3333333
A13: 4 | C13: NICU | D13: I | E13: 31 | F13: 5 | G13: 5 | H13: 13 | I13: 18 | J13: 36 | K13: 24 | L13: 0 | M13: 7 | N13: 1 | O13: 6 | P13: 31 | Q13: 50 | R13: 0 | S13: 117 | T13: 5 | U13: 7 | V13: 3.7741935 | W13: 75.483871 | X13: 16.714286 | Y13: 5.4285714 | Z13: 1.4
C14: NICU | D14: I | E14: 31 | F14: 5 | G14: 5 | H14: 13 | I14: 18 | J14: 36 | K14: 24 | L14: 0 | M14: 7 | N14: 1 | O14: 6 | P14: 31 | Q14: 50 | R14: 0 | S14: 117 | T14: 5 | U14: 7 | V14: 3.7741935 | W14: 75.483871 | X14: 16.714286 | Y14: 5.4285714 | Z14: 1.4
A15: 5 | C15: ICU MEDICAL | D15: I | E15: 31 | F15: 4 | G15: 3 | H15: 33 | I15: 15 | J15: 51 | K15: 31 | L15: 1 | M15: 16 | N15: 10 | O15: 6 | P15: 48 | Q15: 35 | R15: 4 | S15: 85 | T15: 3 | U15: 17 | V15: 2.7419355 | W15: 68.548387 | X15: 5 | Y15: 2.2941176 | Z15: 4.25
C16: ICU MEDICAL | D16: I | E16: 31 | F16: 4 | G16: 3 | H16: 33 | I16: 15 | J16: 51 | K16: 31 | L16: 1 | M16: 16 | N16: 10 | O16: 6 | P16: 48 | Q16: 35 | R16: 4 | S16: 85 | T16: 3 | U16: 17 | V16: 2.7419355 | W16: 68.548387 | X16: 5 | Y16: 2.2941176 | Z16: 4.25
A17: 6 | C17: RICU ED | D17: I | E17: 31 | F17: 2 | G17: 0 | H17: 7 | I17: 5 | J17: 12 | K17: 7 | L17: 0 | M17: 4 | N17: 2 | O17: 2 | P17: 11 | Q17: 13 | R17: 2 | S17: 40 | T17: 1 | U17: 4 | V17: 1.2903226 | W17: 64.516129 | X17: 10 | Y17: 5.5 | Z17: 2
C18: RICU ED | E18: 31 | F18: 2 | G18: 0 | H18: 7 | I18: 5 | J18: 12 | K18: 7 | L18: 0 | M18: 4 | N18: 2 | O18: 2 | P18: 11 | Q18: 13 | R18: 2 | S18: 40 | T18: 1 | U18: 4 | V18: 1.2903226 | W18: 64.516129 | X18: 10 | Y18: 5.5 | Z18: 2
A19: 7 | C19: HCU MELATI BAWAH | D19: II | E19: 31 | F19: 12 | G19: 12 | H19: 81 | I19: 31 | J19: 124 | K19: 22 | L19: 71 | M19: 19 | N19: 11 | O19: 8 | P19: 112 | Q19: 314 | R19: 0 | S19: 367 | T19: 12 | U19: 90 | V19: 11.83871 | W19: 98.655914 | X19: 4.0777778 | Y19: 0.055555556 | Z19: 7.5
C20: HCU MELATI BAWAH | D20: II | E20: 31 | F20: 12 | G20: 12 | H20: 81 | I20: 31 | J20: 124 | K20: 22 | L20: 71 | M20: 19 | N20: 11 | O20: 8 | P20: 112 | Q20: 314 | R20: 0 | S20: 367 | T20: 12 | U20: 90 | V20: 11.83871 | W20: 98.655914 | X20: 4.0777778 | Y20: 0.055555556 | Z20: 7.5
A21: TOTAL INTENSIVE | E21: 31 | F21: 45 | G21: 41 | H21: 232 | I21: 176 | J21: 449 | K21: 273 | L21: 73 | M21: 68 | N21: 28 | O21: 40 | P21: 414 | Q21: 565 | R21: 7 | S21: 1138 | T21: 35 | U21: 141 | V21: 36.709677 | W21: 81.577061 | X21: 8.070922 | Y21: 1.822695 | Z21: 3.1333333
A24: NO | B24: PELAYANAN | C24: RAWAT INAP | D24: KLAS PERAWATAN | E24: PERIODE | F24: TT (T) | G24: PX AWAL | H24: PX MASUK | I24: PX PINDAHAN | J24: JUMLAH (1+2+3) | K24: PX DI PINDAHKAN | L24: PX KELUAR HIDUP | M24: PX MATI | N24: KURANG 48 JAM | O24: LEBIH 48 JAM | P24: JUMLAH (5+6+7) | Q24: LAMA DI RAWAT | R24: PX KELUAR/MASUK HR SAMA | S24: HARI PERAWATAN | T24: Px AKHIR | U24: KUNJUNGN | V24: O | W24: BOR (O/T) | X24: LOS | Y24: TOI | Z24: BTO
V25: (TT terpakai) | W25: (75%-85%) | X25: (3-12 hari) | Y25: (1-3 hr) | Z25: (30 px)
G27: 1 | H27: 2 | I27: 3 | J27: 4 | K27: 5 | L27: 6 | M27: 7 | N27: 8 | O27: 9 | P27: 10 | Q27: 11 | R27: 12 | S27: 13 | T27: 14 | V27: 15 | W27: 16 | X27: 17 | Y27: 18 | Z27: 19
A28: 1 | B28: ISOLASI | C28: SAKURA | D28: TB MDR II | E28: 31 | F28: 2 | G28: 0 | H28: 4 | I28: 1 | J28: 5 | K28: 1 | L28: 1 | M28: 3 | N28: 2 | O28: 1 | P28: 5 | Q28: 11 | R28: 0 | S28: 6 | T28: 0 | U28: 4 | V28: 0.19354839 | W28: 9.6774194 | X28: 1.5 | Y28: 14 | Z28: 2
C29: SAKURA | D29: TB MDR III | E29: 31 | F29: 3 | G29: 1 | H29: 9 | I29: 0 | J29: 10 | K29: 0 | L29: 8 | M29: 2 | N29: 0 | O29: 2 | P29: 10 | Q29: 50 | R29: 0 | S29: 34 | T29: 0 | U29: 10 | V29: 1.0967742 | W29: 36.55914 | X29: 3.4 | Y29: 5.9 | Z29: 3.3333333
C30: SAKURA | D30: TB PARU II | E30: 31 | F30: 2 | G30: 0 | H30: 3 | I30: 2 | J30: 5 | K30: 0 | L30: 1 | M30: 4 | N30: 3 | O30: 1 | P30: 5 | Q30: 41 | R30: 0 | S30: 30 | T30: 0 | U30: 5 | V30: 0.96774194 | W30: 48.387097 | X30: 6 | Y30: 6.4 | Z30: 2.5
C31: SAKURA | D31: TB PARU III | E31: 31 | F31: 10 | G31: 2 | H31: 43 | I31: 12 | J31: 57 | K31: 3 | L31: 34 | M31: 15 | N31: 6 | O31: 9 | P31: 52 | Q31: 226 | R31: 0 | S31: 204 | T31: 5 | U31: 49 | V31: 6.5806452 | W31: 65.806452 | X31: 4.1632653 | Y31: 2.1632653 | Z31: 4.9
C32: SAKURA | E32: 31 | F32: 17 | G32: 3 | H32: 59 | I32: 15 | J32: 77 | K32: 4 | L32: 44 | M32: 24 | N32: 11 | O32: 13 | P32: 72 | Q32: 328 | R32: 0 | S32: 274 | T32: 5 | U32: 68 | V32: 8.8387097 | W32: 51.99241 | X32: 4.0294118 | Y32: 3.7205882 | Z32: 4
A33: 2 | C33: CATALYA | D33: ISOLASI | E33: 31 | F33: 6 | G33: 4 | H33: 47 | I33: 10 | J33: 61 | K33: 13 | L33: 37 | M33: 3 | N33: 1 | O33: 2 | P33: 53 | Q33: 115 | R33: 0 | S33: 179 | T33: 8 | U33: 40 | V33: 5.7741935 | W33: 96.236559 | X33: 4.475 | Y33: 0.175 | Z33: 6.6666667
C34: CATALYA | E34: 31 | F34: 6 | G34: 4 | H34: 47 | I34: 10 | J34: 61 | K34: 13 | L34: 37 | M34: 3 | N34: 1 | O34: 2 | P34: 53 | Q34: 115 | R34: 0 | S34: 179 | T34: 8 | U34: 40 | V34: 5.7741935 | W34: 96.236559 | X34: 4.475 | Y34: 0.175 | Z34: 6.6666667
A35: 3 | C35: LAVENDER | D35: III | E35: 31 | F35: 4 | G35: 0 | H35: 0 | I35: 0 | J35: 0 | K35: 0 | L35: 0 | M35: 0 | N35: 0 | O35: 0 | P35: 0 | Q35: 0 | R35: 0 | S35: 0 | T35: 0 | U35: 0 | V35: 0 | W35: 0 | X35: #DIV/0! | Y35: #DIV/0! | Z35: 0
C36: LAVENDER | E36: 31 | F36: 4 | G36: 0 | H36: 0 | I36: 0 | J36: 0 | K36: 0 | L36: 0 | M36: 0 | N36: 0 | O36: 0 | P36: 0 | Q36: 0 | R36: 0 | S36: 0 | T36: 0 | U36: 0 | V36: 0 | W36: 0 | X36: #DIV/0! | Y36: #DIV/0! | Z36: 0
A37: 4 | C37: NUSA INDAH | D37: I | E37: 31 | F37: 2 | G37: 0 | H37: 0 | I37: 0 | J37: 0 | K37: 0 | L37: 0 | M37: 0 | N37: 0 | O37: 0 | P37: 0 | Q37: 0 | R37: 0 | S37: 0 | T37: 0 | U37: 0 | V37: 0 | W37: 0 | X37: #DIV/0! | Y37: #DIV/0! | Z37: 0
C38: NUSA INDAH | E38: 31 | F38: 2 | G38: 0 | H38: 0 | I38: 0 | J38: 0 | K38: 0 | L38: 0 | M38: 0 | N38: 0 | O38: 0 | P38: 0 | Q38: 0 | R38: 0 | S38: 0 | T38: 0 | U38: 0 | V38: 0 | W38: 0 | X38: #DIV/0! | Y38: #DIV/0! | Z38: 0
A39: 5 | C39: MAWAR | D39: III | E39: 31 | F39: 4 | G39: 0 | H39: 0 | I39: 0 | J39: 0 | K39: 0 | L39: 0 | M39: 0 | N39: 0 | O39: 0 | P39: 0 | Q39: 0 | R39: 0 | S39: 0 | T39: 0 | U39: 0 | V39: 0 | W39: 0 | X39: #DIV/0! | Y39: #DIV/0! | Z39: 0
C40: MAWAR | E40: 31 | F40: 4 | G40: 0 | H40: 0 | I40: 0 | J40: 0 | K40: 0 | L40: 0 | M40: 0 | N40: 0 | O40: 0 | P40: 0 | Q40: 0 | R40: 0 | S40: 0 | T40: 0 | U40: 0 | V40: 0 | W40: 0 | X40: #DIV/0! | Y40: #DIV/0! | Z40: 0
A41: 6 | C41: BOGENVILE | D41: I | E41: 31 | F41: 1 | G41: 0 | H41: 0 | I41: 0 | J41: 0 | K41: 0 | L41: 0 | M41: 0 | N41: 0 | O41: 0 | P41: 0 | Q41: 0 | R41: 0 | S41: 0 | T41: 0 | U41: 0 | V41: 0 | W41: 0 | X41: #DIV/0! | Y41: #DIV/0! | Z41: 0
C42: BOGENVILE | E42: 31 | F42: 1 | G42: 0 | H42: 0 | I42: 0 | J42: 0 | K42: 0 | L42: 0 | M42: 0 | N42: 0 | O42: 0 | P42: 0 | Q42: 0 | R42: 0 | S42: 0 | T42: 0 | U42: 0 | V42: 0 | W42: 0 | X42: #DIV/0! | Y42: #DIV/0! | Z42: 0
A43: 7 | C43: MELATI ATAS | D43: III | E43: 31 | F43: 4 | G43: 0 | H43: 0 | I43: 0 | J43: 0 | K43: 0 | L43: 0 | M43: 0 | N43: 0 | O43: 0 | P43: 0 | Q43: 0 | R43: 0 | S43: 0 | T43: 0 | U43: 0 | V43: 0 | W43: 0 | X43: #DIV/0! | Y43: #DIV/0! | Z43: 0
C44: MELATI ATAS | E44: 31 | F44: 4 | G44: 0 | H44: 0 | I44: 0 | J44: 0 | K44: 0 | L44: 0 | M44: 0 | N44: 0 | O44: 0 | P44: 0 | Q44: 0 | R44: 0 | S44: 0 | T44: 0 | U44: 0 | V44: 0 | W44: 0 | X44: #DIV/0! | Y44: #DIV/0! | Z44: 0
A45: 8 | C45: ALAMANDA | D45: III | E45: 31 | F45: 1 | G45: 0 | H45: 0 | I45: 0 | J45: 0 | K45: 0 | L45: 0 | M45: 0 | N45: 0 | O45: 0 | P45: 0 | Q45: 0 | R45: 0 | S45: 0 | T45: 0 | U45: 0 | V45: 0 | W45: 0 | X45: #DIV/0! | Y45: #DIV/0! | Z45: 0
C46: ALAMANDA | E46: 31 | F46: 1 | G46: 0 | H46: 0 | I46: 0 | J46: 0 | K46: 0 | L46: 0 | M46: 0 | N46: 0 | O46: 0 | P46: 0 | Q46: 0 | R46: 0 | S46: 0 | T46: 0 | U46: 0 | V46: 0 | W46: 0 | X46: #DIV/0! | Y46: #DIV/0! | Z46: 0
A47: 9 | C47: ASTER | D47: III | E47: 31 | F47: 5 | G47: 4 | H47: 20 | I47: 6 | J47: 30 | K47: 4 | L47: 24 | M47: 0 | N47: 0 | O47: 0 | P47: 28 | Q47: 89 | R47: 0 | S47: 86 | T47: 2 | U47: 24 | V47: 2.7741935 | W47: 55.483871 | X47: 3.5833333 | Y47: 2.875 | Z47: 4.8
C48: ASTER | E48: 31 | F48: 5 | G48: 4 | H48: 20 | I48: 6 | J48: 30 | K48: 4 | L48: 24 | M48: 0 | N48: 0 | O48: 0 | P48: 28 | Q48: 89 | R48: 0 | S48: 86 | T48: 2 | U48: 24 | V48: 2.7741935 | W48: 55.483871 | X48: 3.5833333 | Y48: 2.875 | Z48: 4.8
A49: TOTAL ISOLASI | E49: 31 | F49: 44 | G49: 11 | H49: 126 | I49: 31 | J49: 168 | K49: 21 | L49: 105 | M49: 27 | N49: 12 | O49: 15 | P49: 153 | Q49: 532 | R49: 0 | S49: 539 | T49: 15 | U49: 132 | V49: 17.387097 | W49: 39.516129 | X49: 4.0833333 | Y49: 6.25 | Z49: 3
A52: NO | B52: PELAYANAN | C52: RAWAT INAP | D52: KLAS PERAWATAN | E52: PERIODE | F52: TT (T) | G52: PX AWAL | H52: PX MASUK | I52: PX PINDAHAN | J52: JUMLAH (1+2+3) | K52: PX DI PINDAHKAN | L52: PX KELUAR HIDUP | M52: PX MATI | N52: KURANG 48 JAM | O52: LEBIH 48 JAM | P52: JUMLAH (5+6+7) | Q52: LAMA DI RAWAT | R52: PX KELUAR/MASUK HR SAMA | S52: HARI PERAWATAN | T52: Px AKHIR | U52: KUNJUNGN | V52: O | W52: BOR (O/T) | X52: LOS | Y52: TOI | Z52: BTO
V53: (TT terpakai) | W53: (75%-85%) | X53: (3-12 hari) | Y53: (1-3 hr) | Z53: (30 px)
G55: 1 | H55: 2 | I55: 3 | J55: 4 | K55: 5 | L55: 6 | M55: 7 | N55: 8 | O55: 9 | P55: 10 | Q55: 11 | R55: 12 | S55: 13 | T55: 14 | V55: 15 | W55: 16 | X55: 17 | Y55: 18 | Z55: 19
A56: 1 | B56: PERISTI | C56: PERINATOLOGI | D56: II | E56: 31 | F56: 30 | G56: 13 | H56: 145 | I56: 20 | J56: 178 | K56: 76 | L56: 84 | M56: 3 | N56: 3 | O56: 0 | P56: 163 | Q56: 523 | R56: 2 | S56: 540 | T56: 15 | U56: 87 | V56: 17.419355 | W56: 58.064516 | X56: 6.2068966 | Y56: 4.4827586 | Z56: 2.9
A57: TOTAL PERISTI | E57: 31 | F57: 30 | G57: 13 | H57: 145 | I57: 20 | J57: 178 | K57: 76 | L57: 84 | M57: 3 | N57: 3 | O57: 0 | P57: 163 | Q57: 523 | R57: 2 | S57: 540 | T57: 15 | U57: 87 | V57: 17.419355 | W57: 58.064516 | X57: 6.2068966 | Y57: 4.4827586 | Z57: 2.9
A60: NO | B60: PELAYANAN | C60: RAWAT INAP | D60: KLAS PERAWATAN | E60: PERIODE | F60: TT (T) | G60: PX AWAL | H60: PX MASUK | I60: PX PINDAHAN | J60: JUMLAH (1+2+3) | K60: PX DI PINDAHKAN | L60: PX KELUAR HIDUP | M60: PX MATI | N60: KURANG 48 JAM | O60: LEBIH 48 JAM | P60: JUMLAH (5+6+7) | Q60: LAMA DI RAWAT | R60: PX KELUAR/MASUK HR SAMA | S60: HARI PERAWATAN | T60: Px AKHIR | U60: KUNJUNGN | V60: O | W60: BOR (O/T) | X60: LOS | Y60: TOI | Z60: BTO
V61: (TT terpakai) | W61: (75%-85%) | X61: (3-12 hari) | Y61: (1-3 hr) | Z61: (30 px)
G63: 1 | H63: 2 | I63: 3 | J63: 4 | K63: 5 | L63: 6 | M63: 7 | N63: 8 | O63: 9 | P63: 10 | Q63: 11 | R63: 12 | S63: 13 | T63: 14 | V63: 15 | W63: 16 | X63: 17 | Y63: 18 | Z63: 19
A64: 1 | B64: PAVILIUN | C64: ANGGREK | D64: VIP | E64: 31 | F64: 8 | G64: 4 | H64: 31 | I64: 2 | J64: 37 | K64: 1 | L64: 30 | M64: 3 | N64: 0 | O64: 3 | P64: 34 | Q64: 111 | R64: 0 | S64: 112 | T64: 3 | U64: 33 | V64: 3.6129032 | W64: 45.16129 | X64: 3.3939394 | Y64: 4.1212121 | Z64: 4.125
C65: ANGGREK | D65: VIP | E65: 31 | F65: 8 | G65: 4 | H65: 31 | I65: 2 | J65: 37 | K65: 1 | L65: 30 | M65: 3 | N65: 0 | O65: 3 | P65: 34 | Q65: 111 | R65: 0 | S65: 112 | T65: 3 | U65: 33 | V65: 3.6129032 | W65: 45.16129 | X65: 3.3939394 | Y65: 4.1212121 | Z65: 4.125
A66: 2 | C66: NUSA INDAH | D66: VIP | E66: 31 | F66: 2 | G66: 0 | H66: 1 | I66: 0 | J66: 1 | K66: 0 | L66: 1 | M66: 0 | N66: 0 | O66: 0 | P66: 1 | Q66: 3 | R66: 0 | S66: 1 | T66: 0 | U66: 1 | V66: 0.032258065 | W66: 1.6129032 | X66: 1 | Y66: 61 | Z66: 0.5
C67: NUSA INDAH | D67: VIP | E67: 31 | F67: 2 | G67: 0 | H67: 1 | I67: 0 | J67: 1 | K67: 0 | L67: 1 | M67: 0 | N67: 0 | O67: 0 | P67: 1 | Q67: 3 | R67: 0 | S67: 1 | T67: 0 | U67: 1 | V67: 0.032258065 | W67: 1.6129032 | X67: 1 | Y67: 61 | Z67: 0.5
A68: 3 | C68: BOGENVILE | D68: VIP | E68: 31 | F68: 8 | G68: 6 | H68: 26 | I68: 16 | J68: 48 | K68: 7 | L68: 32 | M68: 5 | N68: 2 | O68: 3 | P68: 44 | Q68: 137 | R68: 0 | S68: 131 | T68: 4 | U68: 37 | V68: 4.2258065 | W68: 52.822581 | X68: 3.5405405 | Y68: 3.1621622 | Z68: 4.625
C69: BOGENVILE | D69: VIP | E69: 31 | F69: 8 | G69: 6 | H69: 26 | I69: 16 | J69: 48 | K69: 7 | L69: 32 | M69: 5 | N69: 2 | O69: 3 | P69: 44 | Q69: 137 | R69: 0 | S69: 131 | T69: 4 | U69: 37 | V69: 4.2258065 | W69: 52.822581 | X69: 3.5405405 | Y69: 3.1621622 | Z69: 4.625
A70: PAVILIUN | D70: VIP | E70: 31 | F70: 18 | G70: 10 | H70: 58 | I70: 18 | J70: 86 | K70: 8 | L70: 63 | M70: 8 | N70: 2 | O70: 6 | P70: 79 | Q70: 251 | R70: 0 | S70: 244 | T70: 7 | U70: 71 | V70: 7.8709677 | W70: 43.727599 | X70: 3.4366197 | Y70: 4.4225352 | Z70: 3.9444444
A73: NO | B73: PELAYANAN | C73: RAWAT INAP | D73: KLAS PERAWATAN | E73: PERIODE | F73: TT (T) | G73: PX AWAL | H73: PX MASUK | I73: PX PINDAHAN | J73: JUMLAH (1+2+3) | K73: PX DI PINDAHKAN | L73: PX KELUAR HIDUP | M73: PX MATI | N73: KURANG 48 JAM | O73: LEBIH 48 JAM | P73: JUMLAH (5+6+7) | Q73: LAMA DI RAWAT | R73: PX KELUAR/MASUK HR SAMA | S73: HARI PERAWATAN | T73: Px AKHIR | U73: KUNJUNGN | V73: O | W73: BOR (O/T) | X73: LOS | Y73: TOI | Z73: BTO
V74: (TT terpakai) | W74: (75%-85%) | X74: (3-12 hari) | Y74: (1-3 hr) | Z74: (30 px)
G76: 1 | H76: 2 | I76: 3 | J76: 4 | K76: 5 | L76: 6 | M76: 7 | N76: 8 | O76: 9 | P76: 10 | Q76: 11 | R76: 12 | S76: 13 | T76: 14 | V76: 15 | W76: 16 | X76: 17 | Y76: 18 | Z76: 19
A77: 1 | B77: KELAS I | C77: ALAMANDA | D77: I | E77: 31 | F77: 2 | G77: 3 | H77: 15 | I77: 2 | J77: 20 | K77: 2 | L77: 14 | M77: 1 | N77: 1 | O77: 0 | P77: 17 | Q77: 47 | R77: 0 | S77: 70 | T77: 3 | U77: 15 | V77: 2.2580645 | W77: 112.90323 | X77: 4.6666667 | Y77: -0.53333333 | Z77: 7.5
C78: ALAMANDA | D78: I | E78: 31 | F78: 2 | G78: 3 | H78: 15 | I78: 2 | J78: 20 | K78: 2 | L78: 14 | M78: 1 | N78: 1 | O78: 0 | P78: 17 | Q78: 47 | R78: 0 | S78: 70 | T78: 3 | U78: 15 | V78: 2.2580645 | W78: 112.90323 | X78: 4.6666667 | Y78: -0.53333333 | Z78: 7.5
A79: 2 | C79: NUSA INDAH | D79: I | E79: 31 | F79: 13 | G79: 14 | H79: 105 | I79: 16 | J79: 135 | K79: 12 | L79: 109 | M79: 7 | N79: 1 | O79: 6 | P79: 128 | Q79: 376 | R79: 0 | S79: 362 | T79: 7 | U79: 116 | V79: 11.677419 | W79: 89.826303 | X79: 3.1206897 | Y79: 0.35344828 | Z79: 8.9230769
C80: NUSA INDAH | D80: I | E80: 31 | F80: 13 | G80: 14 | H80: 105 | I80: 16 | J80: 135 | K80: 12 | L80: 109 | M80: 7 | N80: 1 | O80: 6 | P80: 128 | Q80: 376 | R80: 0 | S80: 362 | T80: 7 | U80: 116 | V80: 11.677419 | W80: 89.826303 | X80: 3.1206897 | Y80: 0.35344828 | Z80: 8.9230769
A81: 3 | C81: DAHLIA IBU | D81: I | E81: 31 | F81: 2 | G81: 0 | H81: 9 | I81: 8 | J81: 17 | K81: 5 | L81: 11 | M81: 0 | N81: 0 | O81: 0 | P81: 16 | Q81: 29 | R81: 0 | S81: 26 | T81: 1 | U81: 11 | V81: 0.83870968 | W81: 41.935484 | X81: 2.3636364 | Y81: 3.2727273 | Z81: 5.5
C82: DAHLIA BAYI | D82: I | E82: 31 | F82: 2 | G82: 0 | H82: 0 | I82: 3 | J82: 3 | K82: 0 | L82: 2 | M82: 0 | N82: 0 | O82: 0 | P82: 2 | Q82: 3 | R82: 0 | S82: 3 | T82: 1 | U82: 2 | V82: 0.096774194 | W82: 4.8387097 | X82: 1.5 | Y82: 29.5 | Z82: 1
C83: DAHLIA | D83: I | E83: 31 | F83: 4 | G83: 0 | H83: 9 | I83: 11 | J83: 20 | K83: 5 | L83: 13 | M83: 0 | N83: 0 | O83: 0 | P83: 18 | Q83: 32 | R83: 0 | S83: 29 | T83: 2 | U83: 13 | V83: 0.93548387 | W83: 23.387097 | X83: 2.2307692 | Y83: 7.3076923 | Z83: 3.25
A84: 4 | C84: BOGENVILE | D84: I | E84: 31 | F84: 3 | G84: 4 | H84: 37 | I84: 5 | J84: 46 | K84: 8 | L84: 33 | M84: 3 | N84: 2 | O84: 1 | P84: 44 | Q84: 115 | R84: 1 | S84: 114 | T84: 2 | U84: 36 | V84: 3.6774194 | W84: 122.58065 | X84: 3.1666667 | Y84: -0.58333333 | Z84: 12
C85: BOGENVILE | D85: I | E85: 31 | F85: 3 | G85: 4 | H85: 37 | I85: 5 | J85: 46 | K85: 8 | L85: 33 | M85: 3 | N85: 2 | O85: 1 | P85: 44 | Q85: 115 | R85: 1 | S85: 114 | T85: 2 | U85: 36 | V85: 3.6774194 | W85: 122.58065 | X85: 3.1666667 | Y85: -0.58333333 | Z85: 12
A86: 5 | C86: CATALYA BAWAH | D86: I | E86: 31 | F86: 14 | G86: 8 | H86: 75 | I86: 9 | J86: 92 | K86: 13 | L86: 74 | M86: 3 | N86: 2 | O86: 1 | P86: 90 | Q86: 296 | R86: 1 | S86: 264 | T86: 2 | U86: 77 | V86: 8.516129 | W86: 60.829493 | X86: 3.4285714 | Y86: 2.2077922 | Z86: 5.5
C87: CATALYA BAWAH | D87: I | E87: 31 | F87: 14 | G87: 8 | H87: 75 | I87: 9 | J87: 92 | K87: 13 | L87: 74 | M87: 3 | N87: 2 | O87: 1 | P87: 90 | Q87: 296 | R87: 1 | S87: 264 | T87: 2 | U87: 77 | V87: 8.516129 | W87: 60.829493 | X87: 3.4285714 | Y87: 2.2077922 | Z87: 5.5
A88: TOTAL KELAS I | E88: 31 | F88: 36 | G88: 29 | H88: 241 | I88: 43 | J88: 313 | K88: 40 | L88: 243 | M88: 14 | N88: 6 | O88: 8 | P88: 297 | Q88: 866 | R88: 2 | S88: 839 | T88: 16 | U88: 257 | V88: 27.064516 | W88: 75.179211 | X88: 3.2645914 | Y88: 1.077821 | Z88: 7.1388889
A91: NO | B91: PELAYANAN | C91: RAWAT INAP | D91: KLAS PERAWATAN | E91: PERIODE | F91: TT (T) | G91: PX AWAL | H91: PX MASUK | I91: PX PINDAHAN | J91: JUMLAH (1+2+3) | K91: PX DI PINDAHKAN | L91: PX KELUAR HIDUP | M91: PX MATI | N91: KURANG 48 JAM | O91: LEBIH 48 JAM | P91: JUMLAH (5+6+7) | Q91: LAMA DI RAWAT | R91: PX KELUAR/MASUK HR SAMA | S91: HARI PERAWATAN | T91: Px AKHIR | U91: KUNJUNGN | V91: O | W91: BOR (O/T) | X91: LOS | Y91: TOI | Z91: BTO
V92: (TT terpakai) | W92: (75%-85%) | X92: (3-12 hari) | Y92: (1-3 hr) | Z92: (30 px)
G94: 1 | H94: 2 | I94: 3 | J94: 4 | K94: 5 | L94: 6 | M94: 7 | N94: 8 | O94: 9 | P94: 10 | Q94: 11 | R94: 12 | S94: 13 | T94: 14 | V94: 15 | W94: 16 | X94: 17 | Y94: 18 | Z94: 19
A95: 1 | B95: KELAS II | C95: ALAMANDA | D95: II | E95: 31 | F95: 4 | G95: 4 | H95: 23 | I95: 6 | J95: 33 | K95: 1 | L95: 26 | M95: 2 | N95: 2 | O95: 0 | P95: 29 | Q95: 111 | R95: 2 | S95: 106 | T95: 4 | U95: 28 | V95: 3.4193548 | W95: 85.483871 | X95: 3.7857143 | Y95: 0.64285714 | Z95: 7
C96: ALAMANDA | D96: II | E96: 31 | F96: 4 | G96: 4 | H96: 23 | I96: 6 | J96: 33 | K96: 1 | L96: 26 | M96: 2 | N96: 2 | O96: 0 | P96: 29 | Q96: 111 | R96: 2 | S96: 106 | T96: 4 | U96: 28 | V96: 3.4193548 | W96: 85.483871 | X96: 3.7857143 | Y96: 0.64285714 | Z96: 7
A97: 2 | C97: CATALYA ATAS | D97: II | E97: 31 | F97: 8 | G97: 4 | H97: 51 | I97: 5 | J97: 60 | K97: 10 | L97: 44 | M97: 2 | N97: 0 | O97: 2 | P97: 56 | Q97: 144 | R97: 2 | S97: 120 | T97: 4 | U97: 46 | V97: 3.8709677 | W97: 48.387097 | X97: 2.6086957 | Y97: 2.7826087 | Z97: 5.75
C98: CATALYA ATAS | D98: II | E98: 31 | F98: 8 | G98: 4 | H98: 51 | I98: 5 | J98: 60 | K98: 10 | L98: 44 | M98: 2 | N98: 0 | O98: 2 | P98: 56 | Q98: 144 | R98: 2 | S98: 120 | T98: 4 | U98: 46 | V98: 3.8709677 | W98: 48.387097 | X98: 2.6086957 | Y98: 2.7826087 | Z98: 5.75
A99: 3 | C99: DAHLIA IBU | D99: II | E99: 31 | F99: 8 | G99: 7 | H99: 24 | I99: 129 | J99: 160 | K99: 140 | L99: 17 | M99: 1 | N99: 0 | O99: 1 | P99: 158 | Q99: 42 | R99: 1 | S99: 178 | T99: 2 | U99: 18 | V99: 5.7419355 | W99: 71.774194 | X99: 9.8888889 | Y99: 3.8888889 | Z99: 2.25
C100: DAHLIA BAYI | D100: II | E100: 31 | F100: 4 | G100: 2 | H100: 0 | I100: 59 | J100: 61 | K100: 57 | L100: 4 | M100: 0 | N100: 0 | O100: 0 | P100: 61 | Q100: 7 | R100: 0 | S100: 62 | T100: 0 | U100: 4 | V100: 2 | W100: 50 | X100: 15.5 | Y100: 15.5 | Z100: 1
C101: DAHLIA | D101: II | E101: 31 | F101: 12 | G101: 9 | H101: 24 | I101: 188 | J101: 221 | K101: 197 | L101: 21 | M101: 1 | N101: 0 | O101: 1 | P101: 219 | Q101: 49 | R101: 1 | S101: 240 | T101: 2 | U101: 22 | V101: 7.7419355 | W101: 64.516129 | X101: 10.909091 | Y101: 6 | Z101: 1.8333333
A102: 4 | C102: ASTER | D102: II | E102: 31 | F102: 2 | G102: 2 | H102: 13 | I102: 7 | J102: 22 | K102: 8 | L102: 13 | M102: 0 | N102: 0 | O102: 0 | P102: 21 | Q102: 40 | R102: 0 | S102: 41 | T102: 1 | U102: 13 | V102: 1.3225806 | W102: 66.129032 | X102: 3.1538462 | Y102: 1.6153846 | Z102: 6.5
C103: ASTER | D103: II | E103: 31 | F103: 2 | G103: 2 | H103: 13 | I103: 7 | J103: 22 | K103: 8 | L103: 13 | M103: 0 | N103: 0 | O103: 0 | P103: 21 | Q103: 40 | R103: 0 | S103: 41 | T103: 1 | U103: 13 | V103: 1.3225806 | W103: 66.129032 | X103: 3.1538462 | Y103: 1.6153846 | Z103: 6.5
A104: TOTAL KELAS II | E104: 31 | F104: 26 | G104: 19 | H104: 111 | I104: 206 | J104: 336 | K104: 216 | L104: 104 | M104: 5 | N104: 2 | O104: 3 | P104: 325 | Q104: 344 | R104: 5 | S104: 507 | T104: 11 | U104: 109 | V104: 16.354839 | W104: 62.903226 | X104: 4.6513761 | Y104: 2.7431193 | Z104: 4.1923077
A107: NO | B107: PELAYANAN | C107: RAWAT INAP | D107: KLAS PERAWATAN | E107: PERIODE | F107: TT (T) | G107: PX AWAL | H107: PX MASUK | I107: PX PINDAHAN | J107: JUMLAH (1+2+3) | K107: PX DI PINDAHKAN | L107: PX KELUAR HIDUP | M107: PX MATI | N107: KURANG 48 JAM | O107: LEBIH 48 JAM | P107: JUMLAH (5+6+7) | Q107: LAMA DI RAWAT | R107: PX KELUAR/MASUK HR SAMA | S107: HARI PERAWATAN | T107: Px AKHIR | U107: KUNJUNGN | V107: O | W107: BOR (O/T) | X107: LOS | Y107: TOI | Z107: BTO
V108: (TT terpakai) | W108: (75%-85%) | X108: (3-12 hari) | Y108: (1-3 hr) | Z108: (30 px)
G110: 1 | H110: 2 | I110: 3 | J110: 4 | K110: 5 | L110: 6 | M110: 7 | N110: 8 | O110: 9 | P110: 10 | Q110: 11 | R110: 12 | S110: 13 | T110: 14 | V110: 15 | W110: 16 | X110: 17 | Y110: 18 | Z110: 19
A111: 1 | B111: KELAS III | C111: ALAMANDA | D111: III | E111: 31 | F111: 12 | G111: 7 | H111: 75 | I111: 9 | J111: 91 | K111: 2 | L111: 76 | M111: 4 | N111: 2 | O111: 2 | P111: 82 | Q111: 282 | R111: 1 | S111: 302 | T111: 9 | U111: 80 | V111: 9.7419355 | W111: 81.182796 | X111: 3.775 | Y111: 0.875 | Z111: 6.6666667
C112: ALAMANDA | D112: III | E112: 31 | F112: 12 | G112: 7 | H112: 75 | I112: 9 | J112: 91 | K112: 2 | L112: 76 | M112: 4 | N112: 2 | O112: 2 | P112: 82 | Q112: 282 | R112: 1 | S112: 302 | T112: 9 | U112: 80 | V112: 9.7419355 | W112: 81.182796 | X112: 3.775 | Y112: 0.875 | Z112: 6.6666667
A113: 2 | C113: LAVENDER | D113: III | E113: 31 | F113: 12 | G113: 17 | H113: 135 | I113: 11 | J113: 163 | K113: 13 | L113: 126 | M113: 9 | N113: 5 | O113: 4 | P113: 148 | Q113: 488 | R113: 2 | S113: 504 | T113: 15 | U113: 135 | V113: 16.258065 | W113: 135.48387 | X113: 3.7333333 | Y113: -0.97777778 | Z113: 11.25
C114: LAVENDER | D114: III | E114: 31 | F114: 12 | G114: 17 | H114: 135 | I114: 11 | J114: 163 | K114: 13 | L114: 126 | M114: 9 | N114: 5 | O114: 4 | P114: 148 | Q114: 488 | R114: 2 | S114: 504 | T114: 15 | U114: 135 | V114: 16.258065 | W114: 135.48387 | X114: 3.7333333 | Y114: -0.97777778 | Z114: 11.25
A115: 3 | C115: MELATI ATAS | D115: III | E115: 31 | F115: 15 | G115: 21 | H115: 136 | I115: 12 | J115: 169 | K115: 17 | L115: 111 | M115: 21 | N115: 10 | O115: 11 | P115: 149 | Q115: 504 | R115: 2 | S115: 566 | T115: 20 | U115: 132 | V115: 18.258065 | W115: 121.72043 | X115: 4.2878788 | Y115: -0.76515152 | Z115: 8.8
C116: MELATI ATAS | D116: III | E116: 31 | F116: 15 | G116: 21 | H116: 136 | I116: 12 | J116: 169 | K116: 17 | L116: 111 | M116: 21 | N116: 10 | O116: 11 | P116: 149 | Q116: 504 | R116: 2 | S116: 566 | T116: 20 | U116: 132 | V116: 18.258065 | W116: 121.72043 | X116: 4.2878788 | Y116: -0.76515152 | Z116: 8.8
A117: 4 | C117: SERUNI | D117: III | E117: 31 | F117: 18 | G117: 18 | H117: 157 | I117: 19 | J117: 194 | K117: 10 | L117: 169 | M117: 1 | N117: 0 | O117: 1 | P117: 180 | Q117: 499 | R117: 3 | S117: 523 | T117: 14 | U117: 170 | V117: 16.870968 | W117: 93.727599 | X117: 3.0764706 | Y117: 0.20588235 | Z117: 9.4444444
C118: SERUNI | D118: III | E118: 31 | F118: 18 | G118: 18 | H118: 157 | I118: 19 | J118: 194 | K118: 10 | L118: 169 | M118: 1 | N118: 0 | O118: 1 | P118: 180 | Q118: 499 | R118: 3 | S118: 523 | T118: 14 | U118: 170 | V118: 16.870968 | W118: 93.727599 | X118: 3.0764706 | Y118: 0.20588235 | Z118: 9.4444444
A119: 5 | C119: GARDENA | D119: III | E119: 31 | F119: 20 | G119: 17 | H119: 157 | I119: 4 | J119: 178 | K119: 8 | L119: 146 | M119: 10 | N119: 6 | O119: 4 | P119: 164 | Q119: 500 | R119: 2 | S119: 517 | T119: 14 | U119: 156 | V119: 16.677419 | W119: 83.387097 | X119: 3.3141026 | Y119: 0.66025641 | Z119: 7.8
...

Sheet FEB
A1: DATA PELAYANAN RI RSD Dr.SOEBANDI JEMBER
A2: BULAN : FEBRUARI 2026
A3: NO | B3: PELAYANAN | C3: RAWAT INAP | D3: KLAS PERAWATAN | E3: PERIODE | F3: TT (T) | G3: PX AWAL | H3: PX MASUK | I3: PX PINDAHAN | J3: JUMLAH (1+2+3) | K3: PX DI PINDAHKAN | L3: PX KELUAR HIDUP | M3: PX MATI | N3: KURANG 48 JAM | O3: LEBIH 48 JAM | P3: JUMLAH (5+6+7) | Q3: LAMA DI RAWAT | R3: PX KELUAR/MASUK HR SAMA | S3: HARI PERAWATAN | T3: Px AKHIR | U3: KUNJUNGN | V3: O | W3: BOR (O/T) | X3: LOS | Y3: TOI | Z3: BTO
V4: (TT terpakai) | W4: (75%-85%) | X4: (3-12 hari) | Y4: (1-3 hr) | Z4: (30 px)
G6: 1 | H6: 2 | I6: 3 | J6: 4 | K6: 5 | L6: 6 | M6: 7 | N6: 8 | O6: 9 | P6: 10 | Q6: 11 | R6: 12 | S6: 13 | T6: 14 | V6: 15 | W6: 16 | X6: 17 | Y6: 18 | Z6: 19
A7: 1 | B7: INTENSIVE | C7: ICU | D7: I | E7: 28 | F7: 14 | G7: 6 | H7: 14 | I7: 96 | J7: 116 | K7: 94 | L7: 0 | M7: 13 | N7: 2 | O7: 11 | P7: 107 | Q7: 149 | R7: 1 | S7: 255 | T7: 9 | U7: 13 | V7: 9.1071429 | W7: 65.05102 | X7: 19.615385 | Y7: 10.538462 | Z7: 0.92857143
C8: ICU | D8: I | E8: 28 | F8: 14 | G8: 6 | H8: 14 | I8: 96 | J8: 116 | K8: 94 | L8: 0 | M8: 13 | N8: 2 | O8: 11 | P8: 107 | Q8: 149 | R8: 1 | S8: 255 | T8: 9 | U8: 13 | V8: 9.1071429 | W8: 65.05102 | X8: 19.615385 | Y8: 10.538462 | Z8: 0.92857143
A9: 2 | C9: ICCU | D9: I | E9: 28 | F9: 5 | G9: 5 | H9: 69 | I9: 8 | J9: 82 | K9: 71 | L9: 1 | M9: 7 | N9: 7 | O9: 0 | P9: 79 | Q9: 8 | R9: 4 | S9: 102 | T9: 3 | U9: 8 | V9: 3.6428571 | W9: 72.857143 | X9: 12.75 | Y9: 4.75 | Z9: 1.6
C10: ICCU | D10: I | E10: 28 | F10: 5 | G10: 5 | H10: 69 | I10: 8 | J10: 82 | K10: 71 | L10: 1 | M10: 7 | N10: 7 | O10: 0 | P10: 79 | Q10: 8 | R10: 4 | S10: 102 | T10: 3 | U10: 8 | V10: 3.6428571 | W10: 72.857143 | X10: 12.75 | Y10: 4.75 | Z10: 1.6
A11: 3 | C11: PICU | D11: I | E11: 28 | F11: 3 | G11: 3 | H11: 12 | I11: 7 | J11: 22 | K11: 17 | L11: 0 | M11: 4 | N11: 1 | O11: 3 | P11: 21 | Q11: 23 | R11: 0 | S11: 48 | T11: 1 | U11: 4 | V11: 1.7142857 | W11: 57.142857 | X11: 12 | Y11: 9 | Z11: 1.3333333
C12: PICU | D12: I | E12: 28 | F12: 3 | G12: 3 | H12: 12 | I12: 7 | J12: 22 | K12: 17 | L12: 0 | M12: 4 | N12: 1 | O12: 3 | P12: 21 | Q12: 23 | R12: 0 | S12: 48 | T12: 1 | U12: 4 | V12: 1.7142857 | W12: 57.142857 | X12: 12 | Y12: 9 | Z12: 1.3333333
A13: 4 | C13: NICU | D13: I | E13: 28 | F13: 5 | G13: 5 | H13: 9 | I13: 17 | J13: 31 | K13: 16 | L13: 1 | M13: 10 | N13: 6 | O13: 4 | P13: 27 | Q13: 51 | R13: 1 | S13: 119 | T13: 4 | U13: 11 | V13: 4.25 | W13: 85 | X13: 10.818182 | Y13: 1.9090909 | Z13: 2.2
C14: NICU | D14: I | E14: 28 | F14: 5 | G14: 5 | H14: 9 | I14: 17 | J14: 31 | K14: 16 | L14: 1 | M14: 10 | N14: 6 | O14: 4 | P14: 27 | Q14: 51 | R14: 1 | S14: 119 | T14: 4 | U14: 11 | V14: 4.25 | W14: 85 | X14: 10.818182 | Y14: 1.9090909 | Z14: 2.2
A15: 5 | C15: ICU MEDICAL | D15: I | E15: 28 | F15: 4 | G15: 3 | H15: 29 | I15: 8 | J15: 40 | K15: 25 | L15: 0 | M15: 11 | N15: 9 | O15: 2 | P15: 36 | Q15: 21 | R15: 2 | S15: 67 | T15: 4 | U15: 11 | V15: 2.3928571 | W15: 59.821429 | X15: 6.0909091 | Y15: 4.0909091 | Z15: 2.75
C16: ICU MEDICAL | D16: I | E16: 28 | F16: 4 | G16: 3 | H16: 29 | I16: 8 | J16: 40 | K16: 25 | L16: 0 | M16: 11 | N16: 9 | O16: 2 | P16: 36 | Q16: 21 | R16: 2 | S16: 67 | T16: 4 | U16: 11 | V16: 2.3928571 | W16: 59.821429 | X16: 6.0909091 | Y16: 4.0909091 | Z16: 2.75
A17: 6 | C17: RICU ED | D17: I | E17: 28 | F17: 2 | G17: 1 | H17: 8 | I17: 3 | J17: 12 | K17: 7 | L17: 0 | M17: 3 | N17: 1 | O17: 2 | P17: 10 | Q17: 8 | R17: 0 | S17: 24 | T17: 2 | U17: 3 | V17: 0.85714286 | W17: 42.857143 | X17: 8 | Y17: 10.666667 | Z17: 1.5
C18: RICU ED | E18: 28 | F18: 2 | G18: 1 | H18: 8 | I18: 3 | J18: 12 | K18: 7 | L18: 0 | M18: 3 | N18: 1 | O18: 2 | P18: 10 | Q18: 8 | R18: 0 | S18: 24 | T18: 2 | U18: 3 | V18: 0.85714286 | W18: 42.857143 | X18: 8 | Y18: 10.666667 | Z18: 1.5
A19: 7 | C19: HCU MELATI BAWAH | D19: II | E19: 28 | F19: 12 | G19: 12 | H19: 65 | I19: 28 | J19: 105 | K19: 18 | L19: 68 | M19: 11 | N19: 9 | O19: 2 | P19: 97 | Q19: 307 | R19: 4 | S19: 345 | T19: 8 | U19: 79 | V19: 12.321429 | W19: 102.67857 | X19: 4.3670886 | Y19: -0.11392405 | Z19: 6.5833333
C20: HCU MELATI BAWAH | D20: II | E20: 28 | F20: 12 | G20: 12 | H20: 65 | I20: 28 | J20: 105 | K20: 18 | L20: 68 | M20: 11 | N20: 9 | O20: 2 | P20: 97 | Q20: 307 | R20: 4 | S20: 345 | T20: 8 | U20: 79 | V20: 12.321429 | W20: 102.67857 | X20: 4.3670886 | Y20: -0.11392405 | Z20: 6.5833333
A21: TOTAL INTENSIVE | E21: 28 | F21: 45 | G21: 35 | H21: 206 | I21: 167 | J21: 408 | K21: 248 | L21: 70 | M21: 59 | N21: 35 | O21: 24 | P21: 377 | Q21: 567 | R21: 12 | S21: 960 | T21: 31 | U21: 129 | V21: 34.285714 | W21: 76.190476 | X21: 7.4418605 | Y21: 2.3255814 | Z21: 2.8666667
A24: NO | B24: PELAYANAN | C24: RAWAT INAP | D24: KLAS PERAWATAN | E24: PERIODE | F24: TT (T) | G24: PX AWAL | H24: PX MASUK | I24: PX PINDAHAN | J24: JUMLAH (1+2+3) | K24: PX DI PINDAHKAN | L24: PX KELUAR HIDUP | M24: PX MATI | N24: KURANG 48 JAM | O24: LEBIH 48 JAM | P24: JUMLAH (5+6+7) | Q24: LAMA DI RAWAT | R24: PX KELUAR/MASUK HR SAMA | S24: HARI PERAWATAN | T24: Px AKHIR | U24: KUNJUNGN | V24: O | W24: BOR (O/T) | X24: LOS | Y24: TOI | Z24: BTO
V25: (TT terpakai) | W25: (75%-85%) | X25: (3-12 hari) | Y25: (1-3 hr) | Z25: (30 px)
G27: 1 | H27: 2 | I27: 3 | J27: 4 | K27: 5 | L27: 6 | M27: 7 | N27: 8 | O27: 9 | P27: 10 | Q27: 11 | R27: 12 | S27: 13 | T27: 14 | V27: 15 | W27: 16 | X27: 17 | Y27: 18 | Z27: 19
A28: 1 | B28: ISOLASI | C28: SAKURA | D28: TB MDR II | E28: 28 | F28: 2 | G28: 0 | H28: 1 | I28: 0 | J28: 1 | K28: 0 | L28: 1 | M28: 0 | N28: 0 | O28: 0 | P28: 1 | Q28: 3 | R28: 0 | S28: 3 | T28: 0 | U28: 1 | V28: 0.10714286 | W28: 5.3571429 | X28: 3 | Y28: 53 | Z28: 0.5
C29: SAKURA | D29: TB MDR III | E29: 28 | F29: 3 | G29: 0 | H29: 4 | I29: 0 | J29: 4 | K29: 0 | L29: 1 | M29: 3 | N29: 1 | O29: 2 | P29: 4 | Q29: 12 | R29: 0 | S29: 11 | T29: 0 | U29: 4 | V29: 0.39285714 | W29: 13.095238 | X29: 2.75 | Y29: 18.25 | Z29: 1.3333333
C30: SAKURA | D30: TB PARU II | E30: 28 | F30: 2 | G30: 0 | H30: 6 | I30: 4 | J30: 10 | K30: 0 | L30: 8 | M30: 0 | N30: 0 | O30: 0 | P30: 8 | Q30: 40 | R30: 0 | S30: 30 | T30: 2 | U30: 8 | V30: 1.0714286 | W30: 53.571429 | X30: 3.75 | Y30: 3.25 | Z30: 4
C31: SAKURA | D31: TB PARU III | E31: 28 | F31: 10 | G31: 5 | H31: 47 | I31: 7 | J31: 59 | K31: 2 | L31: 35 | M31: 14 | N31: 7 | O31: 7 | P31: 51 | Q31: 230 | R31: 0 | S31: 229 | T31: 8 | U31: 49 | V31: 8.1785714 | W31: 81.785714 | X31: 4.6734694 | Y31: 1.0408163 | Z31: 4.9
C32: SAKURA | E32: 28 | F32: 17 | G32: 5 | H32: 58 | I32: 11 | J32: 74 | K32: 2 | L32: 45 | M32: 17 | N32: 8 | O32: 9 | P32: 64 | Q32: 285 | R32: 0 | S32: 273 | T32: 10 | U32: 62 | V32: 9.75 | W32: 57.352941 | X32: 4.4032258 | Y32: 3.2741935 | Z32: 3.6470588
A33: 2 | C33: CATALYA | D33: ISOLASI | E33: 28 | F33: 6 | G33: 8 | H33: 46 | I33: 8 | J33: 62 | K33: 3 | L33: 45 | M33: 7 | N33: 2 | O33: 5 | P33: 55 | Q33: 141 | R33: 0 | S33: 177 | T33: 7 | U33: 52 | V33: 6.3214286 | W33: 105.35714 | X33: 3.4038462 | Y33: -0.17307692 | Z33: 8.6666667
C34: CATALYA | E34: 28 | F34: 6 | G34: 8 | H34: 46 | I34: 8 | J34: 62 | K34: 3 | L34: 45 | M34: 7 | N34: 2 | O34: 5 | P34: 55 | Q34: 141 | R34: 0 | S34: 177 | T34: 7 | U34: 52 | V34: 6.3214286 | W34: 105.35714 | X34: 3.4038462 | Y34: -0.17307692 | Z34: 8.6666667
A35: 3 | C35: LAVENDER | D35: III | E35: 28 | F35: 4 | G35: 0 | H35: 0 | I35: 0 | J35: 0 | K35: 0 | L35: 0 | M35: 0 | N35: 0 | O35: 0 | P35: 0 | Q35: 0 | R35: 0 | S35: 0 | T35: 0 | U35: 0 | V35: 0 | W35: 0 | X35: #DIV/0! | Y35: #DIV/0! | Z35: 0
C36: LAVENDER | E36: 28 | F36: 4 | G36: 0 | H36: 0 | I36: 0 | J36: 0 | K36: 0 | L36: 0 | M36: 0 | N36: 0 | O36: 0 | P36: 0 | Q36: 0 | R36: 0 | S36: 0 | T36: 0 | U36: 0 | V36: 0 | W36: 0 | X36: #DIV/0! | Y36: #DIV/0! | Z36: 0
A37: 4 | C37: NUSA INDAH | D37: I | E37: 28 | F37: 2 | G37: 0 | H37: 0 | I37: 0 | J37: 0 | K37: 0 | L37: 0 | M37: 0 | N37: 0 | O37: 0 | P37: 0 | Q37: 0 | R37: 0 | S37: 0 | T37: 0 | U37: 0 | V37: 0 | W37: 0 | X37: #DIV/0! | Y37: #DIV/0! | Z37: 0
C38: NUSA INDAH | E38: 28 | F38: 2 | G38: 0 | H38: 0 | I38: 0 | J38: 0 | K38: 0 | L38: 0 | M38: 0 | N38: 0 | O38: 0 | P38: 0 | Q38: 0 | R38: 0 | S38: 0 | T38: 0 | U38: 0 | V38: 0 | W38: 0 | X38: #DIV/0! | Y38: #DIV/0! | Z38: 0
A39: 5 | C39: MAWAR | D39: III | E39: 28 | F39: 4 | G39: 0 | H39: 0 | I39: 0 | J39: 0 | K39: 0 | L39: 0 | M39: 0 | N39: 0 | O39: 0 | P39: 0 | Q39: 0 | R39: 0 | S39: 0 | T39: 0 | U39: 0 | V39: 0 | W39: 0 | X39: #DIV/0! | Y39: #DIV/0! | Z39: 0
C40: MAWAR | E40: 28 | F40: 4 | G40: 0 | H40: 0 | I40: 0 | J40: 0 | K40: 0 | L40: 0 | M40: 0 | N40: 0 | O40: 0 | P40: 0 | Q40: 0 | R40: 0 | S40: 0 | T40: 0 | U40: 0 | V40: 0 | W40: 0 | X40: #DIV/0! | Y40: #DIV/0! | Z40: 0
A41: 6 | C41: BOGENVILE | D41: I | E41: 28 | F41: 1 | G41: 0 | H41: 0 | I41: 0 | J41: 0 | K41: 0 | L41: 0 | M41: 0 | N41: 0 | O41: 0 | P41: 0 | Q41: 0 | R41: 0 | S41: 0 | T41: 0 | U41: 0 | V41: 0 | W41: 0 | X41: #DIV/0! | Y41: #DIV/0! | Z41: 0
C42: BOGENVILE | E42: 28 | F42: 1 | G42: 0 | H42: 0 | I42: 0 | J42: 0 | K42: 0 | L42: 0 | M42: 0 | N42: 0 | O42: 0 | P42: 0 | Q42: 0 | R42: 0 | S42: 0 | T42: 0 | U42: 0 | V42: 0 | W42: 0 | X42: #DIV/0! | Y42: #DIV/0! | Z42: 0
A43: 7 | C43: MELATI ATAS | D43: III | E43: 28 | F43: 4 | G43: 0 | H43: 0 | I43: 0 | J43: 0 | K43: 0 | L43: 0 | M43: 0 | N43: 0 | O43: 0 | P43: 0 | Q43: 0 | R43: 0 | S43: 0 | T43: 0 | U43: 0 | V43: 0 | W43: 0 | X43: #DIV/0! | Y43: #DIV/0! | Z43: 0
C44: MELATI ATAS | E44: 28 | F44: 4 | G44: 0 | H44: 0 | I44: 0 | J44: 0 | K44: 0 | L44: 0 | M44: 0 | N44: 0 | O44: 0 | P44: 0 | Q44: 0 | R44: 0 | S44: 0 | T44: 0 | U44: 0 | V44: 0 | W44: 0 | X44: #DIV/0! | Y44: #DIV/0! | Z44: 0
A45: 8 | C45: ALAMANDA | D45: III | E45: 28 | F45: 1 | G45: 0 | H45: 0 | I45: 0 | J45: 0 | K45: 0 | L45: 0 | M45: 0 | N45: 0 | O45: 0 | P45: 0 | Q45: 0 | R45: 0 | S45: 0 | T45: 0 | U45: 0 | V45: 0 | W45: 0 | X45: #DIV/0! | Y45: #DIV/0! | Z45: 0
C46: ALAMANDA | E46: 28 | F46: 1 | G46: 0 | H46: 0 | I46: 0 | J46: 0 | K46: 0 | L46: 0 | M46: 0 | N46: 0 | O46: 0 | P46: 0 | Q46: 0 | R46: 0 | S46: 0 | T46: 0 | U46: 0 | V46: 0 | W46: 0 | X46: #DIV/0! | Y46: #DIV/0! | Z46: 0
A47: 9 | C47: ASTER | D47: III | E47: 28 | F47: 5 | G47: 2 | H47: 9 | I47: 25 | J47: 36 | K47: 6 | L47: 25 | M47: 0 | N47: 0 | O47: 0 | P47: 31 | Q47: 80 | R47: 1 | S47: 104 | T47: 5 | U47: 25 | V47: 3.7142857 | W47: 74.285714 | X47: 4.16 | Y47: 1.44 | Z47: 5
C48: ASTER | E48: 28 | F48: 5 | G48: 2 | H48: 9 | I48: 25 | J48: 36 | K48: 6 | L48: 25 | M48: 0 | N48: 0 | O48: 0 | P48: 31 | Q48: 80 | R48: 1 | S48: 104 | T48: 5 | U48: 25 | V48: 3.7142857 | W48: 74.285714 | X48: 4.16 | Y48: 1.44 | Z48: 5
A49: TOTAL ISOLASI | E49: 28 | F49: 44 | G49: 15 | H49: 113 | I49: 44 | J49: 172 | K49: 11 | L49: 115 | M49: 24 | N49: 10 | O49: 14 | P49: 150 | Q49: 506 | R49: 1 | S49: 554 | T49: 22 | U49: 139 | V49: 19.785714 | W49: 44.967532 | X49: 3.9856115 | Y49: 4.8776978 | Z49: 3.1590909
A52: NO | B52: PELAYANAN | C52: RAWAT INAP | D52: KLAS PERAWATAN | E52: PERIODE | F52: TT (T) | G52: PX AWAL | H52: PX MASUK | I52: PX PINDAHAN | J52: JUMLAH (1+2+3) | K52: PX DI PINDAHKAN | L52: PX KELUAR HIDUP | M52: PX MATI | N52: KURANG 48 JAM | O52: LEBIH 48 JAM | P52: JUMLAH (5+6+7) | Q52: LAMA DI RAWAT | R52: PX KELUAR/MASUK HR SAMA | S52: HARI PERAWATAN | T52: Px AKHIR | U52: KUNJUNGN | V52: O | W52: BOR (O/T) | X52: LOS | Y52: TOI | Z52: BTO
V53: (TT terpakai) | W53: (75%-85%) | X53: (3-12 hari) | Y53: (1-3 hr) | Z53: (30 px)
G55: 1 | H55: 2 | I55: 3 | J55: 4 | K55: 5 | L55: 6 | M55: 7 | N55: 8 | O55: 9 | P55: 10 | Q55: 11 | R55: 12 | S55: 13 | T55: 14 | V55: 15 | W55: 16 | X55: 17 | Y55: 18 | Z55: 19
A56: 1 | B56: PERISTI | C56: PERINATOLOGI | D56: II | E56: 28 | F56: 30 | G56: 15 | H56: 151 | I56: 15 | J56: 181 | K56: 75 | L56: 79 | M56: 4 | N56: 3 | O56: 1 | P56: 158 | Q56: 453 | R56: 2 | S56: 476 | T56: 23 | U56: 83 | V56: 17 | W56: 56.666667 | X56: 5.7349398 | Y56: 4.3855422 | Z56: 2.7666667
A57: TOTAL PERISTI | E57: 28 | F57: 30 | G57: 15 | H57: 151 | I57: 15 | J57: 181 | K57: 75 | L57: 79 | M57: 4 | N57: 3 | O57: 1 | P57: 158 | Q57: 453 | R57: 2 | S57: 476 | T57: 23 | U57: 83 | V57: 17 | W57: 56.666667 | X57: 5.7349398 | Y57: 4.3855422 | Z57: 2.7666667
A60: NO | B60: PELAYANAN | C60: RAWAT INAP | D60: KLAS PERAWATAN | E60: PERIODE | F60: TT (T) | G60: PX AWAL | H60: PX MASUK | I60: PX PINDAHAN | J60: JUMLAH (1+2+3) | K60: PX DI PINDAHKAN | L60: PX KELUAR HIDUP | M60: PX MATI | N60: KURANG 48 JAM | O60: LEBIH 48 JAM | P60: JUMLAH (5+6+7) | Q60: LAMA DI RAWAT | R60: PX KELUAR/MASUK HR SAMA | S60: HARI PERAWATAN | T60: Px AKHIR | U60: KUNJUNGN | V60: O | W60: BOR (O/T) | X60: LOS | Y60: TOI | Z60: BTO
V61: (TT terpakai) | W61: (75%-85%) | X61: (3-12 hari) | Y61: (1-3 hr) | Z61: (30 px)
G63: 1 | H63: 2 | I63: 3 | J63: 4 | K63: 5 | L63: 6 | M63: 7 | N63: 8 | O63: 9 | P63: 10 | Q63: 11 | R63: 12 | S63: 13 | T63: 14 | V63: 15 | W63: 16 | X63: 17 | Y63: 18 | Z63: 19
A64: 1 | B64: PAVILIUN | C64: ANGGREK | D64: VIP | E64: 28 | F64: 8 | G64: 3 | H64: 26 | I64: 5 | J64: 34 | K64: 4 | L64: 25 | M64: 1 | N64: 0 | O64: 1 | P64: 30 | Q64: 92 | R64: 1 | S64: 115 | T64: 4 | U64: 26 | V64: 4.1071429 | W64: 51.339286 | X64: 4.4230769 | Y64: 4.1923077 | Z64: 3.25
C65: ANGGREK | D65: VIP | E65: 28 | F65: 8 | G65: 3 | H65: 26 | I65: 5 | J65: 34 | K65: 4 | L65: 25 | M65: 1 | N65: 0 | O65: 1 | P65: 30 | Q65: 92 | R65: 1 | S65: 115 | T65: 4 | U65: 26 | V65: 4.1071429 | W65: 51.339286 | X65: 4.4230769 | Y65: 4.1923077 | Z65: 3.25
A66: 2 | C66: NUSA INDAH | D66: VIP | E66: 28 | F66: 2 | G66: 0 | H66: 0 | I66: 0 | J66: 0 | K66: 0 | L66: 0 | M66: 0 | N66: 0 | O66: 0 | P66: 0 | Q66: 0 | R66: 0 | S66: 0 | T66: 0 | U66: 0 | V66: 0 | W66: 0 | X66: #DIV/0! | Y66: #DIV/0! | Z66: 0
C67: NUSA INDAH | D67: VIP | E67: 28 | F67: 2 | G67: 0 | H67: 0 | I67: 0 | J67: 0 | K67: 0 | L67: 0 | M67: 0 | N67: 0 | O67: 0 | P67: 0 | Q67: 0 | R67: 0 | S67: 0 | T67: 0 | U67: 0 | V67: 0 | W67: 0 | X67: #DIV/0! | Y67: #DIV/0! | Z67: 0
A68: 3 | C68: BOGENVILE | D68: VIP | E68: 28 | F68: 8 | G68: 4 | H68: 35 | I68: 10 | J68: 49 | K68: 11 | L68: 34 | M68: 2 | N68: 1 | O68: 1 | P68: 47 | Q68: 126 | R68: 1 | S68: 123 | T68: 2 | U68: 36 | V68: 4.3928571 | W68: 54.910714 | X68: 3.4166667 | Y68: 2.8055556 | Z68: 4.5
C69: BOGENVILE | D69: VIP | E69: 28 | F69: 8 | G69: 4 | H69: 35 | I69: 10 | J69: 49 | K69: 11 | L69: 34 | M69: 2 | N69: 1 | O69: 1 | P69: 47 | Q69: 126 | R69: 1 | S69: 123 | T69: 2 | U69: 36 | V69: 4.3928571 | W69: 54.910714 | X69: 3.4166667 | Y69: 2.8055556 | Z69: 4.5
A70: PAVILIUN | D70: VIP | E70: 28 | F70: 18 | G70: 7 | H70: 61 | I70: 15 | J70: 83 | K70: 15 | L70: 59 | M70: 3 | N70: 1 | O70: 2 | P70: 77 | Q70: 218 | R70: 2 | S70: 238 | T70: 6 | U70: 62 | V70: 8.5 | W70: 47.222222 | X70: 3.8387097 | Y70: 4.2903226 | Z70: 3.4444444
A73: NO | B73: PELAYANAN | C73: RAWAT INAP | D73: KLAS PERAWATAN | E73: PERIODE | F73: TT (T) | G73: PX AWAL | H73: PX MASUK | I73: PX PINDAHAN | J73: JUMLAH (1+2+3) | K73: PX DI PINDAHKAN | L73: PX KELUAR HIDUP | M73: PX MATI | N73: KURANG 48 JAM | O73: LEBIH 48 JAM | P73: JUMLAH (5+6+7) | Q73: LAMA DI RAWAT | R73: PX KELUAR/MASUK HR SAMA | S73: HARI PERAWATAN | T73: Px AKHIR | U73: KUNJUNGN | V73: O | W73: BOR (O/T) | X73: LOS | Y73: TOI | Z73: BTO
V74: (TT terpakai) | W74: (75%-85%) | X74: (3-12 hari) | Y74: (1-3 hr) | Z74: (30 px)
G76: 1 | H76: 2 | I76: 3 | J76: 4 | K76: 5 | L76: 6 | M76: 7 | N76: 8 | O76: 9 | P76: 10 | Q76: 11 | R76: 12 | S76: 13 | T76: 14 | V76: 15 | W76: 16 | X76: 17 | Y76: 18 | Z76: 19
A77: 1 | B77: KELAS I | C77: ALAMANDA | D77: I | E77: 28 | F77: 2 | G77: 3 | H77: 14 | I77: 4 | J77: 21 | K77: 2 | L77: 15 | M77: 2 | N77: 0 | O77: 2 | P77: 19 | Q77: 56 | R77: 0 | S77: 65 | T77: 2 | U77: 17 | V77: 2.3214286 | W77: 116.07143 | X77: 3.8235294 | Y77: -0.52941176 | Z77: 8.5
C78: ALAMANDA | D78: I | E78: 28 | F78: 2 | G78: 3 | H78: 14 | I78: 4 | J78: 21 | K78: 2 | L78: 15 | M78: 2 | N78: 0 | O78: 2 | P78: 19 | Q78: 56 | R78: 0 | S78: 65 | T78: 2 | U78: 17 | V78: 2.3214286 | W78: 116.07143 | X78: 3.8235294 | Y78: -0.52941176 | Z78: 8.5
A79: 2 | C79: NUSA INDAH | D79: I | E79: 28 | F79: 13 | G79: 7 | H79: 101 | I79: 12 | J79: 120 | K79: 8 | L79: 96 | M79: 5 | N79: 3 | O79: 2 | P79: 109 | Q79: 318 | R79: 0 | S79: 343 | T79: 11 | U79: 101 | V79: 12.25 | W79: 94.230769 | X79: 3.3960396 | Y79: 0.20792079 | Z79: 7.7692308
C80: NUSA INDAH | D80: I | E80: 28 | F80: 13 | G80: 7 | H80: 101 | I80: 12 | J80: 120 | K80: 8 | L80: 96 | M80: 5 | N80: 3 | O80: 2 | P80: 109 | Q80: 318 | R80: 0 | S80: 343 | T80: 11 | U80: 101 | V80: 12.25 | W80: 94.230769 | X80: 3.3960396 | Y80: 0.20792079 | Z80: 7.7692308
A81: 3 | C81: DAHLIA IBU | D81: I | E81: 28 | F81: 2 | G81: 1 | H81: 3 | I81: 6 | J81: 10 | K81: 3 | L81: 7 | M81: 0 | N81: 0 | O81: 0 | P81: 10 | Q81: 25 | R81: 0 | S81: 10 | T81: 0 | U81: 7 | V81: 0.35714286 | W81: 17.857143 | X81: 1.4285714 | Y81: 6.5714286 | Z81: 3.5
C82: DAHLIA BAYI | D82: I | E82: 28 | F82: 2 | G82: 1 | H82: 0 | I82: 2 | J82: 3 | K82: 0 | L82: 3 | M82: 0 | N82: 0 | O82: 0 | P82: 3 | Q82: 5 | R82: 0 | S82: 2 | T82: 0 | U82: 3 | V82: 0.071428571 | W82: 3.5714286 | X82: 0.66666667 | Y82: 18 | Z82: 1.5
C83: DAHLIA | D83: I | E83: 28 | F83: 4 | G83: 2 | H83: 3 | I83: 8 | J83: 13 | K83: 3 | L83: 10 | M83: 0 | N83: 0 | O83: 0 | P83: 13 | Q83: 30 | R83: 0 | S83: 12 | T83: 0 | U83: 10 | V83: 0.42857143 | W83: 10.714286 | X83: 1.2 | Y83: 10 | Z83: 2.5
A84: 4 | C84: BOGENVILE | D84: I | E84: 28 | F84: 3 | G84: 2 | H84: 28 | I84: 12 | J84: 42 | K84: 7 | L84: 32 | M84: 0 | N84: 0 | O84: 0 | P84: 39 | Q84: 89 | R84: 1 | S84: 99 | T84: 3 | U84: 32 | V84: 3.5357143 | W84: 117.85714 | X84: 3.09375 | Y84: -0.46875 | Z84: 10.666667
C85: BOGENVILE | D85: I | E85: 28 | F85: 3 | G85: 2 | H85: 28 | I85: 12 | J85: 42 | K85: 7 | L85: 32 | M85: 0 | N85: 0 | O85: 0 | P85: 39 | Q85: 89 | R85: 1 | S85: 99 | T85: 3 | U85: 32 | V85: 3.5357143 | W85: 117.85714 | X85: 3.09375 | Y85: -0.46875 | Z85: 10.666667
A86: 5 | C86: CATALYA BAWAH | D86: I | E86: 28 | F86: 14 | G86: 2 | H86: 63 | I86: 12 | J86: 77 | K86: 10 | L86: 54 | M86: 5 | N86: 5 | O86: 0 | P86: 69 | Q86: 157 | R86: 3 | S86: 200 | T86: 8 | U86: 59 | V86: 7.1428571 | W86: 51.020408 | X86: 3.3898305 | Y86: 3.2542373 | Z86: 4.2142857
C87: CATALYA BAWAH | D87: I | E87: 28 | F87: 14 | G87: 2 | H87: 63 | I87: 12 | J87: 77 | K87: 10 | L87: 54 | M87: 5 | N87: 5 | O87: 0 | P87: 69 | Q87: 157 | R87: 3 | S87: 200 | T87: 8 | U87: 59 | V87: 7.1428571 | W87: 51.020408 | X87: 3.3898305 | Y87: 3.2542373 | Z87: 4.2142857
A88: TOTAL KELAS I | E88: 28 | F88: 36 | G88: 16 | H88: 209 | I88: 48 | J88: 273 | K88: 30 | L88: 207 | M88: 12 | N88: 8 | O88: 4 | P88: 249 | Q88: 650 | R88: 4 | S88: 719 | T88: 24 | U88: 219 | V88: 25.678571 | W88: 71.329365 | X88: 3.283105 | Y88: 1.3196347 | Z88: 6.0833333
A91: NO | B91: PELAYANAN | C91: RAWAT INAP | D91: KLAS PERAWATAN | E91: PERIODE | F91: TT (T) | G91: PX AWAL | H91: PX MASUK | I91: PX PINDAHAN | J91: JUMLAH (1+2+3) | K91: PX DI PINDAHKAN | L91: PX KELUAR HIDUP | M91: PX MATI | N91: KURANG 48 JAM | O91: LEBIH 48 JAM | P91: JUMLAH (5+6+7) | Q91: LAMA DI RAWAT | R91: PX KELUAR/MASUK HR SAMA | S91: HARI PERAWATAN | T91: Px AKHIR | U91: KUNJUNGN | V91: O | W91: BOR (O/T) | X91: LOS | Y91: TOI | Z91: BTO
V92: (TT terpakai) | W92: (75%-85%) | X92: (3-12 hari) | Y92: (1-3 hr) | Z92: (30 px)
G94: 1 | H94: 2 | I94: 3 | J94: 4 | K94: 5 | L94: 6 | M94: 7 | N94: 8 | O94: 9 | P94: 10 | Q94: 11 | R94: 12 | S94: 13 | T94: 14 | V94: 15 | W94: 16 | X94: 17 | Y94: 18 | Z94: 19
A95: 1 | B95: KELAS II | C95: ALAMANDA | D95: II | E95: 28 | F95: 4 | G95: 4 | H95: 24 | I95: 3 | J95: 31 | K95: 1 | L95: 25 | M95: 1 | N95: 1 | O95: 0 | P95: 27 | Q95: 82 | R95: 0 | S95: 90 | T95: 4 | U95: 26 | V95: 3.2142857 | W95: 80.357143 | X95: 3.4615385 | Y95: 0.84615385 | Z95: 6.5
C96: ALAMANDA | D96: II | E96: 28 | F96: 4 | G96: 4 | H96: 24 | I96: 3 | J96: 31 | K96: 1 | L96: 25 | M96: 1 | N96: 1 | O96: 0 | P96: 27 | Q96: 82 | R96: 0 | S96: 90 | T96: 4 | U96: 26 | V96: 3.2142857 | W96: 80.357143 | X96: 3.4615385 | Y96: 0.84615385 | Z96: 6.5
A97: 2 | C97: CATALYA ATAS | D97: II | E97: 28 | F97: 8 | G97: 4 | H97: 34 | I97: 10 | J97: 48 | K97: 5 | L97: 39 | M97: 1 | N97: 1 | O97: 0 | P97: 45 | Q97: 120 | R97: 1 | S97: 115 | T97: 3 | U97: 40 | V97: 4.1071429 | W97: 51.339286 | X97: 2.875 | Y97: 2.725 | Z97: 5
C98: CATALYA ATAS | D98: II | E98: 28 | F98: 8 | G98: 4 | H98: 34 | I98: 10 | J98: 48 | K98: 5 | L98: 39 | M98: 1 | N98: 1 | O98: 0 | P98: 45 | Q98: 120 | R98: 1 | S98: 115 | T98: 3 | U98: 40 | V98: 4.1071429 | W98: 51.339286 | X98: 2.875 | Y98: 2.725 | Z98: 5
A99: 3 | C99: DAHLIA IBU | D99: II | E99: 28 | F99: 8 | G99: 2 | H99: 30 | I99: 116 | J99: 148 | K99: 121 | L99: 20 | M99: 2 | N99: 1 | O99: 1 | P99: 143 | Q99: 54 | R99: 2 | S99: 172 | T99: 5 | U99: 22 | V99: 6.1428571 | W99: 76.785714 | X99: 7.8181818 | Y99: 2.3636364 | Z99: 2.75
C100: DAHLIA BAYI | D100: II | E100: 28 | F100: 4 | G100: 0 | H100: 1 | I100: 56 | J100: 57 | K100: 51 | L100: 6 | M100: 0 | N100: 0 | O100: 0 | P100: 57 | Q100: 9 | R100: 0 | S100: 56 | T100: 0 | U100: 6 | V100: 2 | W100: 50 | X100: 9.3333333 | Y100: 9.3333333 | Z100: 1.5
C101: DAHLIA | D101: II | E101: 28 | F101: 12 | G101: 2 | H101: 31 | I101: 172 | J101: 205 | K101: 172 | L101: 26 | M101: 2 | N101: 1 | O101: 1 | P101: 200 | Q101: 63 | R101: 2 | S101: 228 | T101: 5 | U101: 28 | V101: 8.1428571 | W101: 67.857143 | X101: 8.1428571 | Y101: 3.8571429 | Z101: 2.3333333
A102: 4 | C102: ASTER | D102: II | E102: 28 | F102: 2 | G102: 1 | H102: 18 | I102: 6 | J102: 25 | K102: 14 | L102: 10 | M102: 0 | N102: 0 | O102: 0 | P102: 24 | Q102: 31 | R102: 0 | S102: 34 | T102: 1 | U102: 10 | V102: 1.2142857 | W102: 60.714286 | X102: 3.4 | Y102: 2.2 | Z102: 5
C103: ASTER | D103: II | E103: 28 | F103: 2 | G103: 1 | H103: 18 | I103: 6 | J103: 25 | K103: 14 | L103: 10 | M103: 0 | N103: 0 | O103: 0 | P103: 24 | Q103: 31 | R103: 0 | S103: 34 | T103: 1 | U103: 10 | V103: 1.2142857 | W103: 60.714286 | X103: 3.4 | Y103: 2.2 | Z103: 5
A104: TOTAL KELAS II | E104: 28 | F104: 26 | G104: 11 | H104: 107 | I104: 191 | J104: 309 | K104: 192 | L104: 100 | M104: 4 | N104: 3 | O104: 1 | P104: 296 | Q104: 296 | R104: 3 | S104: 467 | T104: 13 | U104: 104 | V104: 16.678571 | W104: 64.148352 | X104: 4.4903846 | Y104: 2.5096154 | Z104: 4
A107: NO | B107: PELAYANAN | C107: RAWAT INAP | D107: KLAS PERAWATAN | E107: PERIODE | F107: TT (T) | G107: PX AWAL | H107: PX MASUK | I107: PX PINDAHAN | J107: JUMLAH (1+2+3) | K107: PX DI PINDAHKAN | L107: PX KELUAR HIDUP | M107: PX MATI | N107: KURANG 48 JAM | O107: LEBIH 48 JAM | P107: JUMLAH (5+6+7) | Q107: LAMA DI RAWAT | R107: PX KELUAR/MASUK HR SAMA | S107: HARI PERAWATAN | T107: Px AKHIR | U107: KUNJUNGN | V107: O | W107: BOR (O/T) | X107: LOS | Y107: TOI | Z107: BTO
V108: (TT terpakai) | W108: (75%-85%) | X108: (3-12 hari) | Y108: (1-3 hr) | Z108: (30 px)
G110: 1 | H110: 2 | I110: 3 | J110: 4 | K110: 5 | L110: 6 | M110: 7 | N110: 8 | O110: 9 | P110: 10 | Q110: 11 | R110: 12 | S110: 13 | T110: 14 | V110: 15 | W110: 16 | X110: 17 | Y110: 18 | Z110: 19
A111: 1 | B111: KELAS III | C111: ALAMANDA | D111: III | E111: 28 | F111: 12 | G111: 9 | H111: 75 | I111: 8 | J111: 92 | K111: 2 | L111: 74 | M111: 7 | N111: 4 | O111: 3 | P111: 83 | Q111: 288 | R111: 1 | S111: 273 | T111: 9 | U111: 81 | V111: 9.75 | W111: 81.25 | X111: 3.3703704 | Y111: 0.77777778 | Z111: 6.75
C112: ALAMANDA | D112: III | E112: 28 | F112: 12 | G112: 9 | H112: 75 | I112: 8 | J112: 92 | K112: 2 | L112: 74 | M112: 7 | N112: 4 | O112: 3 | P112: 83 | Q112: 288 | R112: 1 | S112: 273 | T112: 9 | U112: 81 | V112: 9.75 | W112: 81.25 | X112: 3.3703704 | Y112: 0.77777778 | Z112: 6.75
A113: 2 | C113: LAVENDER | D113: III | E113: 28 | F113: 12 | G113: 15 | H113: 110 | I113: 12 | J113: 137 | K113: 12 | L113: 105 | M113: 12 | N113: 7 | O113: 5 | P113: 129 | Q113: 397 | R113: 1 | S113: 412 | T113: 8 | U113: 117 | V113: 14.714286 | W113: 122.61905 | X113: 3.5213675 | Y113: -0.64957265 | Z113: 9.75
C114: LAVENDER | D114: III | E114: 28 | F114: 12 | G114: 15 | H114: 110 | I114: 12 | J114: 137 | K114: 12 | L114: 105 | M114: 12 | N114: 7 | O114: 5 | P114: 129 | Q114: 397 | R114: 1 | S114: 412 | T114: 8 | U114: 117 | V114: 14.714286 | W114: 122.61905 | X114: 3.5213675 | Y114: -0.64957265 | Z114: 9.75
A115: 3 | C115: MELATI ATAS | D115: III | E115: 28 | F115: 15 | G115: 20 | H115: 114 | I115: 6 | J115: 140 | K115: 10 | L115: 99 | M115: 18 | N115: 11 | O115: 7 | P115: 127 | Q115: 478 | R115: 3 | S115: 489 | T115: 13 | U115: 117 | V115: 17.464286 | W115: 116.42857 | X115: 4.1794872 | Y115: -0.58974359 | Z115: 7.8
C116: MELATI ATAS | D116: III | E116: 28 | F116: 15 | G116: 20 | H116: 114 | I116: 6 | J116: 140 | K116: 10 | L116: 99 | M116: 18 | N116: 11 | O116: 7 | P116: 127 | Q116: 478 | R116: 3 | S116: 489 | T116: 13 | U116: 117 | V116: 17.464286 | W116: 116.42857 | X116: 4.1794872 | Y116: -0.58974359 | Z116: 7.8
A117: 4 | C117: SERUNI | D117: III | E117: 28 | F117: 18 | G117: 14 | H117: 139 | I117: 10 | J117: 163 | K117: 13 | L117: 127 | M117: 7 | N117: 4 | O117: 3 | P117: 147 | Q117: 440 | R117: 1 | S117: 511 | T117: 16 | U117: 134 | V117: 18.25 | W117: 101.38889 | X117: 3.8134328 | Y117: -0.052238806 | Z117: 7.4444444
C118: SERUNI | D118: III | E118: 28 | F118: 18 | G118: 14 | H118: 139 | I118: 10 | J118: 163 | K118: 13 | L118: 127 | M118: 7 | N118: 4 | O118: 3 | P118: 147 | Q118: 440 | R118: 1 | S118: 511 | T118: 16 | U118: 134 | V118: 18.25 | W118: 101.38889 | X118: 3.8134328 | Y118: -0.052238806 | Z118: 7.4444444
A119: 5 | C119: GARDENA | D119: III | E119: 28 | F119: 20 | G119: 14 | H119: 150 | I119: 10 | J119: 174 | K119: 13 | L119: 143 | M119: 8 | N119: 6 | O119: 2 | P119: 164 | Q119: 467 | R119: 2 | S119: 431 | T119: 10 | U119: 151 | V119: 15.392857 | W119: 76.964286 | X119: 2.8543046 | Y119: 0.85430464 | Z119: 7.55
...

Sheet MAR
A1: DATA PELAYANAN RI RSD Dr.SOEBANDI JEMBER
A2: BULAN : MARET 2026
A3: NO | B3: PELAYANAN | C3: RAWAT INAP | D3: KLAS PERAWATAN | E3: PERIODE | F3: TT (T) | G3: PX AWAL | H3: PX MASUK | I3: PX PINDAHAN | J3: JUMLAH (1+2+3) | K3: PX DI PINDAHKAN | L3: PX KELUAR HIDUP | M3: PX MATI | N3: KURANG 48 JAM | O3: LEBIH 48 JAM | P3: JUMLAH (5+6+7) | Q3: LAMA DI RAWAT | R3: PX KELUAR/MASUK HR SAMA | S3: HARI PERAWATAN | T3: Px AKHIR | U3: KUNJUNGN | V3: O | W3: BOR (O/T) | X3: LOS | Y3: TOI | Z3: BTO
V4: (TT terpakai) | W4: (75%-85%) | X4: (3-12 hari) | Y4: (1-3 hr) | Z4: (30 px)
G6: 1 | H6: 2 | I6: 3 | J6: 4 | K6: 5 | L6: 6 | M6: 7 | N6: 8 | O6: 9 | P6: 10 | Q6: 11 | R6: 12 | S6: 13 | T6: 14 | V6: 15 | W6: 16 | X6: 17 | Y6: 18 | Z6: 19
A7: 1 | B7: INTENSIVE | C7: ICU | D7: I | E7: 31 | F7: 14 | G7: 9 | H7: 15 | I7: 90 | J7: 114 | K7: 90 | L7: 0 | M7: 14 | N7: 1 | O7: 13 | P7: 104 | Q7: 138 | R7: 0 | S7: 329 | T7: 10 | U7: 14 | V7: 10.612903 | W7: 75.806452 | X7: 23.5 | Y7: 7.5 | Z7: 1
C8: ICU | D8: I | E8: 31 | F8: 14 | G8: 9 | H8: 15 | I8: 90 | J8: 114 | K8: 90 | L8: 0 | M8: 14 | N8: 1 | O8: 13 | P8: 104 | Q8: 138 | R8: 0 | S8: 329 | T8: 10 | U8: 14 | V8: 10.612903 | W8: 75.806452 | X8: 23.5 | Y8: 7.5 | Z8: 1
A9: 2 | C9: ICCU | D9: I | E9: 31 | F9: 5 | G9: 3 | H9: 81 | I9: 11 | J9: 95 | K9: 80 | L9: 2 | M9: 8 | N9: 6 | O9: 2 | P9: 90 | Q9: 14 | R9: 0 | S9: 98 | T9: 5 | U9: 10 | V9: 3.1612903 | W9: 63.225806 | X9: 9.8 | Y9: 5.7 | Z9: 2
C10: ICCU | D10: I | E10: 31 | F10: 5 | G10: 3 | H10: 81 | I10: 11 | J10: 95 | K10: 80 | L10: 2 | M10: 8 | N10: 6 | O10: 2 | P10: 90 | Q10: 14 | R10: 0 | S10: 98 | T10: 5 | U10: 10 | V10: 3.1612903 | W10: 63.225806 | X10: 9.8 | Y10: 5.7 | Z10: 2
A11: 3 | C11: PICU | D11: I | E11: 31 | F11: 3 | G11: 1 | H11: 13 | I11: 11 | J11: 25 | K11: 19 | L11: 0 | M11: 3 | N11: 3 | O11: 0 | P11: 22 | Q11: 6 | R11: 0 | S11: 71 | T11: 3 | U11: 3 | V11: 2.2903226 | W11: 76.344086 | X11: 23.666667 | Y11: 7.3333333 | Z11: 1
C12: PICU | D12: I | E12: 31 | F12: 3 | G12: 1 | H12: 13 | I12: 11 | J12: 25 | K12: 19 | L12: 0 | M12: 3 | N12: 3 | O12: 0 | P12: 22 | Q12: 6 | R12: 0 | S12: 71 | T12: 3 | U12: 3 | V12: 2.2903226 | W12: 76.344086 | X12: 23.666667 | Y12: 7.3333333 | Z12: 1
A13: 4 | C13: NICU | D13: I | E13: 31 | F13: 5 | G13: 4 | H13: 8 | I13: 15 | J13: 27 | K13: 19 | L13: 0 | M13: 3 | N13: 2 | O13: 1 | P13: 22 | Q13: 26 | R13: 1 | S13: 128 | T13: 5 | U13: 3 | V13: 4.1290323 | W13: 82.580645 | X13: 42.666667 | Y13: 9 | Z13: 0.6
C14: NICU | D14: I | E14: 31 | F14: 5 | G14: 4 | H14: 8 | I14: 15 | J14: 27 | K14: 19 | L14: 0 | M14: 3 | N14: 2 | O14: 1 | P14: 22 | Q14: 26 | R14: 1 | S14: 128 | T14: 5 | U14: 3 | V14: 4.1290323 | W14: 82.580645 | X14: 42.666667 | Y14: 9 | Z14: 0.6
A15: 5 | C15: ICU MEDICAL | D15: I | E15: 31 | F15: 4 | G15: 4 | H15: 17 | I15: 9 | J15: 30 | K15: 19 | L15: 0 | M15: 10 | N15: 7 | O15: 3 | P15: 29 | Q15: 30 | R15: 1 | S15: 79 | T15: 1 | U15: 10 | V15: 2.5483871 | W15: 63.709677 | X15: 7.9 | Y15: 4.5 | Z15: 2.5
C16: ICU MEDICAL | D16: I | E16: 31 | F16: 4 | G16: 4 | H16: 17 | I16: 9 | J16: 30 | K16: 19 | L16: 0 | M16: 10 | N16: 7 | O16: 3 | P16: 29 | Q16: 30 | R16: 1 | S16: 79 | T16: 1 | U16: 10 | V16: 2.5483871 | W16: 63.709677 | X16: 7.9 | Y16: 4.5 | Z16: 2.5
A17: 6 | C17: RICU ED | D17: I | E17: 31 | F17: 2 | G17: 2 | H17: 11 | I17: 4 | J17: 17 | K17: 9 | L17: 1 | M17: 6 | N17: 3 | O17: 3 | P17: 16 | Q17: 20 | R17: 0 | S17: 48 | T17: 1 | U17: 7 | V17: 1.5483871 | W17: 77.419355 | X17: 6.8571429 | Y17: 2 | Z17: 3.5
C18: RICU ED | E18: 31 | F18: 2 | G18: 2 | H18: 11 | I18: 4 | J18: 17 | K18: 9 | L18: 1 | M18: 6 | N18: 3 | O18: 3 | P18: 16 | Q18: 20 | R18: 0 | S18: 48 | T18: 1 | U18: 7 | V18: 1.5483871 | W18: 77.419355 | X18: 6.8571429 | Y18: 2 | Z18: 3.5
A19: 7 | C19: HCU MELATI BAWAH | D19: II | E19: 31 | F19: 15 | G19: 8 | H19: 81 | I19: 27 | J19: 116 | K19: 18 | L19: 69 | M19: 15 | N19: 7 | O19: 8 | P19: 102 | Q19: 437 | R19: 2 | S19: 375 | T19: 14 | U19: 84 | V19: 12.096774 | W19: 80.645161 | X19: 4.4642857 | Y19: 1.0714286 | Z19: 5.6
C20: HCU MELATI BAWAH | D20: II | E20: 31 | F20: 15 | G20: 8 | H20: 81 | I20: 27 | J20: 116 | K20: 18 | L20: 69 | M20: 15 | N20: 7 | O20: 8 | P20: 102 | Q20: 437 | R20: 2 | S20: 375 | T20: 14 | U20: 84 | V20: 12.096774 | W20: 80.645161 | X20: 4.4642857 | Y20: 1.0714286 | Z20: 5.6
A21: TOTAL INTENSIVE | E21: 31 | F21: 48 | G21: 31 | H21: 226 | I21: 167 | J21: 424 | K21: 254 | L21: 72 | M21: 59 | N21: 29 | O21: 30 | P21: 385 | Q21: 671 | R21: 4 | S21: 1128 | T21: 39 | U21: 131 | V21: 36.387097 | W21: 75.806452 | X21: 8.610687 | Y21: 2.7480916 | Z21: 2.7291667
A24: NO | B24: PELAYANAN | C24: RAWAT INAP | D24: KLAS PERAWATAN | E24: PERIODE | F24: TT (T) | G24: PX AWAL | H24: PX MASUK | I24: PX PINDAHAN | J24: JUMLAH (1+2+3) | K24: PX DI PINDAHKAN | L24: PX KELUAR HIDUP | M24: PX MATI | N24: KURANG 48 JAM | O24: LEBIH 48 JAM | P24: JUMLAH (5+6+7) | Q24: LAMA DI RAWAT | R24: PX KELUAR/MASUK HR SAMA | S24: HARI PERAWATAN | T24: Px AKHIR | U24: KUNJUNGN | V24: O | W24: BOR (O/T) | X24: LOS | Y24: TOI | Z24: BTO
V25: (TT terpakai) | W25: (75%-85%) | X25: (3-12 hari) | Y25: (1-3 hr) | Z25: (30 px)
G27: 1 | H27: 2 | I27: 3 | J27: 4 | K27: 5 | L27: 6 | M27: 7 | N27: 8 | O27: 9 | P27: 10 | Q27: 11 | R27: 12 | S27: 13 | T27: 14 | V27: 15 | W27: 16 | X27: 17 | Y27: 18 | Z27: 19
A28: 1 | B28: ISOLASI | C28: SAKURA | D28: TB MDR II | E28: 31 | F28: 2 | G28: 0 | H28: 3 | I28: 1 | J28: 4 | K28: 1 | L28: 2 | M28: 0 | N28: 0 | O28: 0 | P28: 3 | Q28: 9 | R28: 0 | S28: 18 | T28: 1 | U28: 2 | V28: 0.58064516 | W28: 29.032258 | X28: 9 | Y28: 22 | Z28: 1
C29: SAKURA | D29: TB MDR III | E29: 31 | F29: 3 | G29: 0 | H29: 4 | I29: 1 | J29: 5 | K29: 2 | L29: 1 | M29: 2 | N29: 0 | O29: 2 | P29: 5 | Q29: 16 | R29: 0 | S29: 17 | T29: 0 | U29: 3 | V29: 0.5483871 | W29: 18.27957 | X29: 5.6666667 | Y29: 25.333333 | Z29: 1
C30: SAKURA | D30: TB PARU II | E30: 31 | F30: 2 | G30: 2 | H30: 2 | I30: 0 | J30: 4 | K30: 2 | L30: 1 | M30: 1 | N30: 0 | O30: 1 | P30: 4 | Q30: 9 | R30: 0 | S30: 5 | T30: 0 | U30: 2 | V30: 0.16129032 | W30: 8.0645161 | X30: 2.5 | Y30: 28.5 | Z30: 1
C31: SAKURA | D31: TB PARU III | E31: 31 | F31: 10 | G31: 8 | H31: 48 | I31: 5 | J31: 61 | K31: 1 | L31: 31 | M31: 24 | N31: 12 | O31: 12 | P31: 56 | Q31: 207 | R31: 1 | S31: 166 | T31: 5 | U31: 55 | V31: 5.3548387 | W31: 53.548387 | X31: 3.0181818 | Y31: 2.6181818 | Z31: 5.5
C32: SAKURA | E32: 31 | F32: 17 | G32: 10 | H32: 57 | I32: 7 | J32: 74 | K32: 6 | L32: 35 | M32: 27 | N32: 12 | O32: 15 | P32: 68 | Q32: 241 | R32: 1 | S32: 206 | T32: 6 | U32: 62 | V32: 6.6451613 | W32: 39.089184 | X32: 3.3225806 | Y32: 5.1774194 | Z32: 3.6470588
A33: 2 | C33: CATALYA | D33: ISOLASI | E33: 31 | F33: 6 | G33: 7 | H33: 21 | I33: 4 | J33: 32 | K33: 13 | L33: 19 | M33: 0 | N33: 0 | O33: 0 | P33: 32 | Q33: 60 | R33: 0 | S33: 102 | T33: 0 | U33: 19 | V33: 3.2903226 | W33: 54.83871 | X33: 5.3684211 | Y33: 4.4210526 | Z33: 3.1666667
C34: CATALYA | E34: 31 | F34: 6 | G34: 7 | H34: 21 | I34: 4 | J34: 32 | K34: 13 | L34: 19 | M34: 0 | N34: 0 | O34: 0 | P34: 32 | Q34: 60 | R34: 0 | S34: 102 | T34: 0 | U34: 19 | V34: 3.2903226 | W34: 54.83871 | X34: 5.3684211 | Y34: 4.4210526 | Z34: 3.1666667
A35: 3 | C35: LAVENDER | D35: III | E35: 31 | F35: 4 | G35: 0 | H35: 0 | I35: 0 | J35: 0 | K35: 0 | L35: 0 | M35: 0 | N35: 0 | O35: 0 | P35: 0 | Q35: 0 | R35: 0 | S35: 0 | T35: 0 | U35: 0 | V35: 0 | W35: 0 | X35: #DIV/0! | Y35: #DIV/0! | Z35: 0
C36: LAVENDER | E36: 31 | F36: 4 | G36: 0 | H36: 0 | I36: 0 | J36: 0 | K36: 0 | L36: 0 | M36: 0 | N36: 0 | O36: 0 | P36: 0 | Q36: 0 | R36: 0 | S36: 0 | T36: 0 | U36: 0 | V36: 0 | W36: 0 | X36: #DIV/0! | Y36: #DIV/0! | Z36: 0
A37: 4 | C37: NUSA INDAH | D37: I | E37: 31 | F37: 2 | G37: 0 | H37: 0 | I37: 0 | J37: 0 | K37: 0 | L37: 0 | M37: 0 | N37: 0 | O37: 0 | P37: 0 | Q37: 0 | R37: 0 | S37: 0 | T37: 0 | U37: 0 | V37: 0 | W37: 0 | X37: #DIV/0! | Y37: #DIV/0! | Z37: 0
C38: NUSA INDAH | E38: 31 | F38: 2 | G38: 0 | H38: 0 | I38: 0 | J38: 0 | K38: 0 | L38: 0 | M38: 0 | N38: 0 | O38: 0 | P38: 0 | Q38: 0 | R38: 0 | S38: 0 | T38: 0 | U38: 0 | V38: 0 | W38: 0 | X38: #DIV/0! | Y38: #DIV/0! | Z38: 0
A39: 5 | C39: MAWAR | D39: III | E39: 31 | F39: 4 | G39: 0 | H39: 0 | I39: 0 | J39: 0 | K39: 0 | L39: 0 | M39: 0 | N39: 0 | O39: 0 | P39: 0 | Q39: 0 | R39: 0 | S39: 0 | T39: 0 | U39: 0 | V39: 0 | W39: 0 | X39: #DIV/0! | Y39: #DIV/0! | Z39: 0
C40: MAWAR | E40: 31 | F40: 4 | G40: 0 | H40: 0 | I40: 0 | J40: 0 | K40: 0 | L40: 0 | M40: 0 | N40: 0 | O40: 0 | P40: 0 | Q40: 0 | R40: 0 | S40: 0 | T40: 0 | U40: 0 | V40: 0 | W40: 0 | X40: #DIV/0! | Y40: #DIV/0! | Z40: 0
A41: 6 | C41: BOGENVILE | D41: I | E41: 31 | F41: 1 | G41: 0 | H41: 0 | I41: 0 | J41: 0 | K41: 0 | L41: 0 | M41: 0 | N41: 0 | O41: 0 | P41: 0 | Q41: 0 | R41: 0 | S41: 0 | T41: 0 | U41: 0 | V41: 0 | W41: 0 | X41: #DIV/0! | Y41: #DIV/0! | Z41: 0
C42: BOGENVILE | E42: 31 | F42: 1 | G42: 0 | H42: 0 | I42: 0 | J42: 0 | K42: 0 | L42: 0 | M42: 0 | N42: 0 | O42: 0 | P42: 0 | Q42: 0 | R42: 0 | S42: 0 | T42: 0 | U42: 0 | V42: 0 | W42: 0 | X42: #DIV/0! | Y42: #DIV/0! | Z42: 0
A43: 7 | C43: MELATI ATAS | D43: III | E43: 31 | F43: 4 | G43: 0 | H43: 0 | I43: 0 | J43: 0 | K43: 0 | L43: 0 | M43: 0 | N43: 0 | O43: 0 | P43: 0 | Q43: 0 | R43: 0 | S43: 0 | T43: 0 | U43: 0 | V43: 0 | W43: 0 | X43: #DIV/0! | Y43: #DIV/0! | Z43: 0
C44: MELATI ATAS | E44: 31 | F44: 4 | G44: 0 | H44: 0 | I44: 0 | J44: 0 | K44: 0 | L44: 0 | M44: 0 | N44: 0 | O44: 0 | P44: 0 | Q44: 0 | R44: 0 | S44: 0 | T44: 0 | U44: 0 | V44: 0 | W44: 0 | X44: #DIV/0! | Y44: #DIV/0! | Z44: 0
A45: 8 | C45: ALAMANDA | D45: III | E45: 31 | F45: 1 | G45: 0 | H45: 9 | I45: 1 | J45: 10 | K45: 2 | L45: 7 | M45: 0 | N45: 0 | O45: 0 | P45: 9 | Q45: 21 | R45: 0 | S45: 21 | T45: 1 | U45: 7 | V45: 0.67741935 | W45: 67.741935 | X45: 3 | Y45: 1.4285714 | Z45: 7
C46: ALAMANDA | E46: 31 | F46: 1 | G46: 0 | H46: 9 | I46: 1 | J46: 10 | K46: 2 | L46: 7 | M46: 0 | N46: 0 | O46: 0 | P46: 9 | Q46: 21 | R46: 0 | S46: 21 | T46: 1 | U46: 7 | V46: 0.67741935 | W46: 67.741935 | X46: 3 | Y46: 1.4285714 | Z46: 7
A47: 9 | C47: ASTER | D47: III | E47: 31 | F47: 5 | G47: 5 | H47: 14 | I47: 20 | J47: 39 | K47: 2 | L47: 31 | M47: 1 | N47: 0 | O47: 1 | P47: 34 | Q47: 133 | R47: 1 | S47: 105 | T47: 5 | U47: 32 | V47: 3.3870968 | W47: 67.741935 | X47: 3.28125 | Y47: 1.5625 | Z47: 6.4
C48: ASTER | E48: 31 | F48: 5 | G48: 5 | H48: 14 | I48: 20 | J48: 39 | K48: 2 | L48: 31 | M48: 1 | N48: 0 | O48: 1 | P48: 34 | Q48: 133 | R48: 1 | S48: 105 | T48: 5 | U48: 32 | V48: 3.3870968 | W48: 67.741935 | X48: 3.28125 | Y48: 1.5625 | Z48: 6.4
A49: TOTAL ISOLASI | E49: 31 | F49: 44 | G49: 22 | H49: 101 | I49: 32 | J49: 155 | K49: 23 | L49: 92 | M49: 28 | N49: 12 | O49: 16 | P49: 143 | Q49: 455 | R49: 2 | S49: 434 | T49: 12 | U49: 120 | V49: 14 | W49: 31.818182 | X49: 3.6166667 | Y49: 7.75 | Z49: 2.7272727
A52: NO | B52: PELAYANAN | C52: RAWAT INAP | D52: KLAS PERAWATAN | E52: PERIODE | F52: TT (T) | G52: PX AWAL | H52: PX MASUK | I52: PX PINDAHAN | J52: JUMLAH (1+2+3) | K52: PX DI PINDAHKAN | L52: PX KELUAR HIDUP | M52: PX MATI | N52: KURANG 48 JAM | O52: LEBIH 48 JAM | P52: JUMLAH (5+6+7) | Q52: LAMA DI RAWAT | R52: PX KELUAR/MASUK HR SAMA | S52: HARI PERAWATAN | T52: Px AKHIR | U52: KUNJUNGN | V52: O | W52: BOR (O/T) | X52: LOS | Y52: TOI | Z52: BTO
V53: (TT terpakai) | W53: (75%-85%) | X53: (3-12 hari) | Y53: (1-3 hr) | Z53: (30 px)
G55: 1 | H55: 2 | I55: 3 | J55: 4 | K55: 5 | L55: 6 | M55: 7 | N55: 8 | O55: 9 | P55: 10 | Q55: 11 | R55: 12 | S55: 13 | T55: 14 | V55: 15 | W55: 16 | X55: 17 | Y55: 18 | Z55: 19
A56: 1 | B56: PERISTI | C56: PERINATOLOGI | D56: II | E56: 31 | F56: 30 | G56: 23 | H56: 197 | I56: 23 | J56: 243 | K56: 107 | L56: 106 | M56: 2 | N56: 2 | O56: 0 | P56: 215 | Q56: 708 | R56: 0 | S56: 747 | T56: 28 | U56: 108 | V56: 24.096774 | W56: 80.322581 | X56: 6.9166667 | Y56: 1.6944444 | Z56: 3.6
A57: PERINATOLOGI | E57: 31 | F57: 30 | G57: 23 | H57: 197 | I57: 23 | J57: 243 | K57: 107 | L57: 106 | M57: 2 | N57: 2 | O57: 0 | P57: 215 | Q57: 708 | R57: 0 | S57: 747 | T57: 28 | U57: 108 | V57: 24.096774 | W57: 80.322581 | X57: 6.9166667 | Y57: 1.6944444 | Z57: 3.6
A60: NO | B60: PELAYANAN | C60: RAWAT INAP | D60: KLAS PERAWATAN | E60: PERIODE | F60: TT (T) | G60: PX AWAL | H60: PX MASUK | I60: PX PINDAHAN | J60: JUMLAH (1+2+3) | K60: PX DI PINDAHKAN | L60: PX KELUAR HIDUP | M60: PX MATI | N60: KURANG 48 JAM | O60: LEBIH 48 JAM | P60: JUMLAH (5+6+7) | Q60: LAMA DI RAWAT | R60: PX KELUAR/MASUK HR SAMA | S60: HARI PERAWATAN | T60: Px AKHIR | U60: KUNJUNGN | V60: O | W60: BOR (O/T) | X60: LOS | Y60: TOI | Z60: BTO
V61: (TT terpakai) | W61: (75%-85%) | X61: (3-12 hari) | Y61: (1-3 hr) | Z61: (30 px)
G63: 1 | H63: 2 | I63: 3 | J63: 4 | K63: 5 | L63: 6 | M63: 7 | N63: 8 | O63: 9 | P63: 10 | Q63: 11 | R63: 12 | S63: 13 | T63: 14 | V63: 15 | W63: 16 | X63: 17 | Y63: 18 | Z63: 19
A64: 1 | B64: PAVILIUN | C64: ANGGREK | D64: VIP | E64: 31 | F64: 8 | G64: 4 | H64: 32 | I64: 2 | J64: 38 | K64: 3 | L64: 26 | M64: 3 | N64: 1 | O64: 2 | P64: 32 | Q64: 100 | R64: 0 | S64: 102 | T64: 6 | U64: 29 | V64: 3.2903226 | W64: 41.129032 | X64: 3.5172414 | Y64: 5.0344828 | Z64: 3.625
C65: ANGGREK | D65: VIP | E65: 31 | F65: 8 | G65: 4 | H65: 32 | I65: 2 | J65: 38 | K65: 3 | L65: 26 | M65: 3 | N65: 1 | O65: 2 | P65: 32 | Q65: 100 | R65: 0 | S65: 102 | T65: 6 | U65: 29 | V65: 3.2903226 | W65: 41.129032 | X65: 3.5172414 | Y65: 5.0344828 | Z65: 3.625
A66: 2 | C66: NUSA INDAH | D66: VIP | E66: 31 | F66: 2 | G66: 0 | H66: 3 | I66: 0 | J66: 3 | K66: 2 | L66: 1 | M66: 0 | N66: 0 | O66: 0 | P66: 3 | Q66: 5 | R66: 0 | S66: 6 | T66: 0 | U66: 1 | V66: 0.19354839 | W66: 9.6774194 | X66: 6 | Y66: 56 | Z66: 0.5
C67: NUSA INDAH | D67: VIP | E67: 31 | F67: 2 | G67: 0 | H67: 3 | I67: 0 | J67: 3 | K67: 2 | L67: 1 | M67: 0 | N67: 0 | O67: 0 | P67: 3 | Q67: 5 | R67: 0 | S67: 6 | T67: 0 | U67: 1 | V67: 0.19354839 | W67: 9.6774194 | X67: 6 | Y67: 56 | Z67: 0.5
A68: 3 | C68: BOGENVILE | D68: VIP | E68: 31 | F68: 8 | G68: 2 | H68: 38 | I68: 3 | J68: 43 | K68: 14 | L68: 23 | M68: 2 | N68: 1 | O68: 1 | P68: 39 | Q68: 84 | R68: 0 | S68: 83 | T68: 4 | U68: 25 | V68: 2.6774194 | W68: 33.467742 | X68: 3.32 | Y68: 6.6 | Z68: 3.125
C69: BOGENVILE | D69: VIP | E69: 31 | F69: 8 | G69: 2 | H69: 38 | I69: 3 | J69: 43 | K69: 14 | L69: 23 | M69: 2 | N69: 1 | O69: 1 | P69: 39 | Q69: 84 | R69: 0 | S69: 83 | T69: 4 | U69: 25 | V69: 2.6774194 | W69: 33.467742 | X69: 3.32 | Y69: 6.6 | Z69: 3.125
A70: PAVILIUN | D70: VIP | E70: 31 | F70: 18 | G70: 6 | H70: 73 | I70: 5 | J70: 84 | K70: 19 | L70: 50 | M70: 5 | N70: 2 | O70: 3 | P70: 74 | Q70: 189 | R70: 0 | S70: 191 | T70: 10 | U70: 55 | V70: 6.1612903 | W70: 34.229391 | X70: 3.4727273 | Y70: 6.6727273 | Z70: 3.0555556
A73: NO | B73: PELAYANAN | C73: RAWAT INAP | D73: KLAS PERAWATAN | E73: PERIODE | F73: TT (T) | G73: PX AWAL | H73: PX MASUK | I73: PX PINDAHAN | J73: JUMLAH (1+2+3) | K73: PX DI PINDAHKAN | L73: PX KELUAR HIDUP | M73: PX MATI | N73: KURANG 48 JAM | O73: LEBIH 48 JAM | P73: JUMLAH (5+6+7) | Q73: LAMA DI RAWAT | R73: PX KELUAR/MASUK HR SAMA | S73: HARI PERAWATAN | T73: Px AKHIR | U73: KUNJUNGN | V73: O | W73: BOR (O/T) | X73: LOS | Y73: TOI | Z73: BTO
V74: (TT terpakai) | W74: (75%-85%) | X74: (3-12 hari) | Y74: (1-3 hr) | Z74: (30 px)
G76: 1 | H76: 2 | I76: 3 | J76: 4 | K76: 5 | L76: 6 | M76: 7 | N76: 8 | O76: 9 | P76: 10 | Q76: 11 | R76: 12 | S76: 13 | T76: 14 | V76: 15 | W76: 16 | X76: 17 | Y76: 18 | Z76: 19
A77: 1 | B77: KELAS I | C77: ALAMANDA | D77: I | E77: 31 | F77: 2 | G77: 2 | H77: 10 | I77: 3 | J77: 15 | K77: 0 | L77: 13 | M77: 0 | N77: 0 | O77: 0 | P77: 13 | Q77: 67 | R77: 0 | S77: 50 | T77: 2 | U77: 13 | V77: 1.6129032 | W77: 80.645161 | X77: 3.8461538 | Y77: 0.92307692 | Z77: 6.5
C78: ALAMANDA | D78: I | E78: 31 | F78: 2 | G78: 2 | H78: 10 | I78: 3 | J78: 15 | K78: 0 | L78: 13 | M78: 0 | N78: 0 | O78: 0 | P78: 13 | Q78: 67 | R78: 0 | S78: 50 | T78: 2 | U78: 13 | V78: 1.6129032 | W78: 80.645161 | X78: 3.8461538 | Y78: 0.92307692 | Z78: 6.5
A79: 2 | C79: NUSA INDAH | D79: I | E79: 31 | F79: 13 | G79: 11 | H79: 97 | I79: 16 | J79: 124 | K79: 4 | L79: 96 | M79: 10 | N79: 4 | O79: 6 | P79: 110 | Q79: 378 | R79: 0 | S79: 341 | T79: 14 | U79: 106 | V79: 11 | W79: 84.615385 | X79: 3.2169811 | Y79: 0.58490566 | Z79: 8.1538462
C80: NUSA INDAH | D80: I | E80: 31 | F80: 13 | G80: 11 | H80: 97 | I80: 16 | J80: 124 | K80: 4 | L80: 96 | M80: 10 | N80: 4 | O80: 6 | P80: 110 | Q80: 378 | R80: 0 | S80: 341 | T80: 14 | U80: 106 | V80: 11 | W80: 84.615385 | X80: 3.2169811 | Y80: 0.58490566 | Z80: 8.1538462
A81: 3 | C81: DAHLIA IBU | D81: I | E81: 31 | F81: 3 | G81: 0 | H81: 23 | I81: 26 | J81: 49 | K81: 34 | L81: 11 | M81: 0 | N81: 0 | O81: 0 | P81: 45 | Q81: 21 | R81: 0 | S81: 43 | T81: 4 | U81: 11 | V81: 1.3870968 | W81: 46.236559 | X81: 3.9090909 | Y81: 4.5454545 | Z81: 3.6666667
C82: DAHLIA BAYI | D82: I | E82: 31 | F82: 0 | G82: 0 | H82: 0 | I82: 0 | J82: 0 | K82: 0 | L82: 0 | M82: 0 | N82: 0 | O82: 0 | P82: 0 | Q82: 0 | R82: 0 | S82: 0 | T82: 0 | U82: 0 | V82: 0 | W82: #DIV/0! | X82: #DIV/0! | Y82: #DIV/0! | Z82: #DIV/0!
C83: DAHLIA | D83: I | E83: 31 | F83: 3 | G83: 0 | H83: 23 | I83: 26 | J83: 49 | K83: 34 | L83: 11 | M83: 0 | N83: 0 | O83: 0 | P83: 45 | Q83: 21 | R83: 0 | S83: 43 | T83: 4 | U83: 11 | V83: 1.3870968 | W83: 46.236559 | X83: 3.9090909 | Y83: 4.5454545 | Z83: 3.6666667
A84: 4 | C84: BOGENVILE | D84: I | E84: 31 | F84: 3 | G84: 3 | H84: 18 | I84: 14 | J84: 35 | K84: 4 | L84: 29 | M84: 0 | N84: 0 | O84: 0 | P84: 33 | Q84: 115 | R84: 0 | S84: 107 | T84: 2 | U84: 29 | V84: 3.4516129 | W84: 115.05376 | X84: 3.6896552 | Y84: -0.48275862 | Z84: 9.6666667
C85: BOGENVILE | D85: I | E85: 31 | F85: 3 | G85: 3 | H85: 18 | I85: 14 | J85: 35 | K85: 4 | L85: 29 | M85: 0 | N85: 0 | O85: 0 | P85: 33 | Q85: 115 | R85: 0 | S85: 107 | T85: 2 | U85: 29 | V85: 3.4516129 | W85: 115.05376 | X85: 3.6896552 | Y85: -0.48275862 | Z85: 9.6666667
A86: 5 | C86: CATALYA BAWAH | D86: I | E86: 31 | F86: 14 | G86: 8 | H86: 68 | I86: 7 | J86: 83 | K86: 7 | L86: 55 | M86: 7 | N86: 3 | O86: 4 | P86: 69 | Q86: 219 | R86: 0 | S86: 208 | T86: 14 | U86: 62 | V86: 6.7096774 | W86: 47.926267 | X86: 3.3548387 | Y86: 3.6451613 | Z86: 4.4285714
C87: CATALYA BAWAH | D87: I | E87: 31 | F87: 14 | G87: 8 | H87: 68 | I87: 7 | J87: 83 | K87: 7 | L87: 55 | M87: 7 | N87: 3 | O87: 4 | P87: 69 | Q87: 219 | R87: 0 | S87: 208 | T87: 14 | U87: 62 | V87: 6.7096774 | W87: 47.926267 | X87: 3.3548387 | Y87: 3.6451613 | Z87: 4.4285714
A88: TOTAL KELAS I | E88: 31 | F88: 35 | G88: 24 | H88: 216 | I88: 66 | J88: 306 | K88: 49 | L88: 204 | M88: 17 | N88: 7 | O88: 10 | P88: 270 | Q88: 800 | R88: 0 | S88: 749 | T88: 36 | U88: 221 | V88: 24.16129 | W88: 69.032258 | X88: 3.3891403 | Y88: 1.520362 | Z88: 6.3142857
A91: NO | B91: PELAYANAN | C91: RAWAT INAP | D91: KLAS PERAWATAN | E91: PERIODE | F91: TT (T) | G91: PX AWAL | H91: PX MASUK | I91: PX PINDAHAN | J91: JUMLAH (1+2+3) | K91: PX DI PINDAHKAN | L91: PX KELUAR HIDUP | M91: PX MATI | N91: KURANG 48 JAM | O91: LEBIH 48 JAM | P91: JUMLAH (5+6+7) | Q91: LAMA DI RAWAT | R91: PX KELUAR/MASUK HR SAMA | S91: HARI PERAWATAN | T91: Px AKHIR | U91: KUNJUNGN | V91: O | W91: BOR (O/T) | X91: LOS | Y91: TOI | Z91: BTO
V92: (TT terpakai) | W92: (75%-85%) | X92: (3-12 hari) | Y92: (1-3 hr) | Z92: (30 px)
G94: 1 | H94: 2 | I94: 3 | J94: 4 | K94: 5 | L94: 6 | M94: 7 | N94: 8 | O94: 9 | P94: 10 | Q94: 11 | R94: 12 | S94: 13 | T94: 14 | V94: 15 | W94: 16 | X94: 17 | Y94: 18 | Z94: 19
A95: 1 | B95: KELAS II | C95: ALAMANDA | D95: II | E95: 31 | F95: 4 | G95: 4 | H95: 18 | I95: 2 | J95: 24 | K95: 1 | L95: 18 | M95: 1 | N95: 0 | O95: 1 | P95: 20 | Q95: 95 | R95: 0 | S95: 97 | T95: 4 | U95: 19 | V95: 3.1290323 | W95: 78.225806 | X95: 5.1052632 | Y95: 1.4210526 | Z95: 4.75
C96: ALAMANDA | D96: II | E96: 31 | F96: 4 | G96: 4 | H96: 18 | I96: 2 | J96: 24 | K96: 1 | L96: 18 | M96: 1 | N96: 0 | O96: 1 | P96: 20 | Q96: 95 | R96: 0 | S96: 97 | T96: 4 | U96: 19 | V96: 3.1290323 | W96: 78.225806 | X96: 5.1052632 | Y96: 1.4210526 | Z96: 4.75
A97: 2 | C97: CATALYA ATAS | D97: II | E97: 31 | F97: 8 | G97: 3 | H97: 61 | I97: 24 | J97: 88 | K97: 5 | L97: 62 | M97: 8 | N97: 2 | O97: 6 | P97: 75 | Q97: 215 | R97: 0 | S97: 185 | T97: 13 | U97: 70 | V97: 5.9677419 | W97: 74.596774 | X97: 2.6428571 | Y97: 0.9 | Z97: 8.75
C98: CATALYA ATAS | D98: II | E98: 31 | F98: 8 | G98: 3 | H98: 61 | I98: 24 | J98: 88 | K98: 5 | L98: 62 | M98: 8 | N98: 2 | O98: 6 | P98: 75 | Q98: 215 | R98: 0 | S98: 185 | T98: 13 | U98: 70 | V98: 5.9677419 | W98: 74.596774 | X98: 2.6428571 | Y98: 0.9 | Z98: 8.75
A99: 3 | C99: DAHLIA IBU | D99: II | E99: 31 | F99: 8 | G99: 5 | H99: 64 | I99: 106 | J99: 175 | K99: 134 | L99: 32 | M99: 0 | N99: 0 | O99: 0 | P99: 166 | Q99: 85 | R99: 0 | S99: 149 | T99: 9 | U99: 32 | V99: 4.8064516 | W99: 60.080645 | X99: 4.65625 | Y99: 3.09375 | Z99: 4
C100: DAHLIA BAYI | D100: II | E100: 31 | F100: 0 | G100: 0 | H100: 0 | I100: 0 | J100: 0 | K100: 0 | L100: 0 | M100: 0 | N100: 0 | O100: 0 | P100: 0 | Q100: 0 | R100: 0 | S100: 0 | T100: 0 | U100: 0 | V100: 0 | W100: #DIV/0! | X100: #DIV/0! | Y100: #DIV/0! | Z100: #DIV/0!
C101: DAHLIA | D101: II | E101: 31 | F101: 8 | G101: 5 | H101: 64 | I101: 106 | J101: 175 | K101: 134 | L101: 32 | M101: 0 | N101: 0 | O101: 0 | P101: 166 | Q101: 85 | R101: 0 | S101: 149 | T101: 9 | U101: 32 | V101: 4.8064516 | W101: 60.080645 | X101: 4.65625 | Y101: 3.09375 | Z101: 4
A102: 4 | C102: ASTER | D102: II | E102: 31 | F102: 2 | G102: 1 | H102: 12 | I102: 4 | J102: 17 | K102: 7 | L102: 9 | M102: 0 | N102: 0 | O102: 0 | P102: 16 | Q102: 35 | R102: 0 | S102: 36 | T102: 1 | U102: 9 | V102: 1.1612903 | W102: 58.064516 | X102: 4 | Y102: 2.8888889 | Z102: 4.5
C103: ASTER | D103: II | E103: 31 | F103: 2 | G103: 1 | H103: 12 | I103: 4 | J103: 17 | K103: 7 | L103: 9 | M103: 0 | N103: 0 | O103: 0 | P103: 16 | Q103: 35 | R103: 0 | S103: 36 | T103: 1 | U103: 9 | V103: 1.1612903 | W103: 58.064516 | X103: 4 | Y103: 2.8888889 | Z103: 4.5
A104: TOTAL KELAS II | E104: 31 | F104: 22 | G104: 13 | H104: 155 | I104: 136 | J104: 304 | K104: 147 | L104: 121 | M104: 9 | N104: 2 | O104: 7 | P104: 277 | Q104: 430 | R104: 0 | S104: 467 | T104: 27 | U104: 130 | V104: 15.064516 | W104: 68.475073 | X104: 3.5923077 | Y104: 1.6538462 | Z104: 5.9090909
A107: NO | B107: PELAYANAN | C107: RAWAT INAP | D107: KLAS PERAWATAN | E107: PERIODE | F107: TT (T) | G107: PX AWAL | H107: PX MASUK | I107: PX PINDAHAN | J107: JUMLAH (1+2+3) | K107: PX DI PINDAHKAN | L107: PX KELUAR HIDUP | M107: PX MATI | N107: KURANG 48 JAM | O107: LEBIH 48 JAM | P107: JUMLAH (5+6+7) | Q107: LAMA DI RAWAT | R107: PX KELUAR/MASUK HR SAMA | S107: HARI PERAWATAN | T107: Px AKHIR | U107: KUNJUNGN | V107: O | W107: BOR (O/T) | X107: LOS | Y107: TOI | Z107: BTO
V108: (TT terpakai) | W108: (75%-85%) | X108: (3-12 hari) | Y108: (1-3 hr) | Z108: (30 px)
G110: 1 | H110: 2 | I110: 3 | J110: 4 | K110: 5 | L110: 6 | M110: 7 | N110: 8 | O110: 9 | P110: 10 | Q110: 11 | R110: 12 | S110: 13 | T110: 14 | V110: 15 | W110: 16 | X110: 17 | Y110: 18 | Z110: 19
A111: 1 | B111: KELAS III | C111: ALAMANDA | D111: III | E111: 31 | F111: 12 | G111: 9 | H111: 67 | I111: 8 | J111: 84 | K111: 2 | L111: 64 | M111: 6 | N111: 0 | O111: 6 | P111: 72 | Q111: 297 | R111: 0 | S111: 280 | T111: 12 | U111: 70 | V111: 9.0322581 | W111: 75.268817 | X111: 4 | Y111: 1.3142857 | Z111: 5.8333333
C112: ALAMANDA | D112: III | E112: 31 | F112: 12 | G112: 9 | H112: 67 | I112: 8 | J112: 84 | K112: 2 | L112: 64 | M112: 6 | N112: 0 | O112: 6 | P112: 72 | Q112: 297 | R112: 0 | S112: 280 | T112: 12 | U112: 70 | V112: 9.0322581 | W112: 75.268817 | X112: 4 | Y112: 1.3142857 | Z112: 5.8333333
A113: 2 | C113: LAVENDER | D113: III | E113: 31 | F113: 14 | G113: 8 | H113: 125 | I113: 16 | J113: 149 | K113: 12 | L113: 104 | M113: 17 | N113: 7 | O113: 10 | P113: 133 | Q113: 451 | R113: 0 | S113: 420 | T113: 16 | U113: 121 | V113: 13.548387 | W113: 96.774194 | X113: 3.4710744 | Y113: 0.11570248 | Z113: 8.6428571
C114: LAVENDER | D114: III | E114: 31 | F114: 14 | G114: 8 | H114: 125 | I114: 16 | J114: 149 | K114: 12 | L114: 104 | M114: 17 | N114: 7 | O114: 10 | P114: 133 | Q114: 451 | R114: 0 | S114: 420 | T114: 16 | U114: 121 | V114: 13.548387 | W114: 96.774194 | X114: 3.4710744 | Y114: 0.11570248 | Z114: 8.6428571
A115: 3 | C115: MELATI ATAS | D115: III | E115: 31 | F115: 15 | G115: 13 | H115: 137 | I115: 5 | J115: 155 | K115: 11 | L115: 89 | M115: 38 | N115: 21 | O115: 17 | P115: 138 | Q115: 546 | R115: 2 | S115: 518 | T115: 17 | U115: 127 | V115: 16.709677 | W115: 111.39785 | X115: 4.0787402 | Y115: -0.41732283 | Z115: 8.4666667
C116: MELATI ATAS | D116: III | E116: 31 | F116: 15 | G116: 13 | H116: 137 | I116: 5 | J116: 155 | K116: 11 | L116: 89 | M116: 38 | N116: 21 | O116: 17 | P116: 138 | Q116: 546 | R116: 2 | S116: 518 | T116: 17 | U116: 127 | V116: 16.709677 | W116: 111.39785 | X116: 4.0787402 | Y116: -0.41732283 | Z116: 8.4666667
A117: 4 | C117: SERUNI | D117: III | E117: 31 | F117: 24 | G117: 16 | H117: 160 | I117: 3 | J117: 179 | K117: 8 | L117: 140 | M117: 7 | N117: 3 | O117: 4 | P117: 155 | Q117: 491 | R117: 0 | S117: 490 | T117: 24 | U117: 147 | V117: 15.806452 | W117: 65.860215 | X117: 3.3333333 | Y117: 1.7278912 | Z117: 6.125
C118: SERUNI | D118: III | E118: 31 | F118: 24 | G118: 16 | H118: 160 | I118: 3 | J118: 179 | K118: 8 | L118: 140 | M118: 7 | N118: 3 | O118: 4 | P118: 155 | Q118: 491 | R118: 0 | S118: 490 | T118: 24 | U118: 147 | V118: 15.806452 | W118: 65.860215 | X118: 3.3333333 | Y118: 1.7278912 | Z118: 6.125
A119: 5 | C119: GARDENA | D119: III | E119: 31 | F119: 20 | G119: 10 | H119: 147 | I119: 4 | J119: 161 | K119: 10 | L119: 128 | M119: 3 | N119: 3 | O119: 0 | P119: 141 | Q119: 423 | R119: 1 | S119: 449 | T119: 20 | U119: 131 | V119: 14.483871 | W119: 72.419355 | X119: 3.4274809 | Y119: 1.3053435 | Z119: 6.55
...

Sheet JUL

Sheet AGS

Sheet SEP

Sheet OKT

Sheet NOV

Sheet DES

Sheet TOTAL JAN-MAR 2026
A1: DATA PELAYANAN RI RSD Dr.SOEBANDI JEMBER
A2: BULAN : JANUARI - FEBRUARI2026
A3: NO | B3: PELAYANAN | C3: RAWAT INAP | D3: KLAS PERAWATAN | E3: PERIODE | F3: TT (T) | G3: PX AWAL | H3: PX MASUK | I3: PX PINDAHAN | J3: JUMLAH (1+2+3) | K3: PX DI PINDAHKAN | L3: PX KELUAR HIDUP | M3: PX MATI | N3: KURANG 48 JAM | O3: LEBIH 48 JAM | P3: JUMLAH (5+6+7) | Q3: LAMA DI RAWAT | R3: PX KELUAR/MASUK HR SAMA | S3: HARI PERAWATAN | T3: Px AKHIR | U3: KUNJUNGN | V3: O | W3: BOR (O/T) | X3: LOS | Y3: TOI | Z3: BTO
V4: (TT terpakai) | W4: (75%-85%) | X4: (3-12 hari) | Y4: (1-3 hr) | Z4: (30 px)
G6: 1 | H6: 2 | I6: 3 | J6: 4 | K6: 5 | L6: 6 | M6: 7 | N6: 8 | O6: 9 | P6: 10 | Q6: 11 | R6: 12 | S6: 13 | T6: 14 | V6: 15 | W6: 16 | X6: 17 | Y6: 18 | Z6: 19
A7: 1 | B7: INTENSIVE | C7: ICU | D7: I | E7: =+JAN!E7+FEB!E7+MAR!E7 -> 90 | F7: =MAR!F7 -> 14 | G7: ='[1]TT Per Ruang'!G96 -> 17 | H7: =+JAN!H7+FEB!H7+MAR!H7 -> 41 | I7: =+JAN!I7+FEB!I7+MAR!I7 -> 274 | J7: 117 | K7: =+JAN!K7+FEB!K7+MAR!K7 -> 277 | L7: =+JAN!L7+FEB!L7+MAR!L7 -> 0 | M7: 18 | N7: =+JAN!N7+FEB!N7+MAR!N7 -> 5 | O7: =+JAN!O7+FEB!O7+MAR!O7 -> 40 | P7: 111 | Q7: =+JAN!Q7+FEB!Q7+MAR!Q7 -> 404 | R7: =+JAN!R7+FEB!R7+MAR!R7 -> 1 | S7: =+JAN!S7+FEB!S7+MAR!S7 -> 932 | T7: =J7-P7 -> 6 | U7: =+L7+M7 -> 18 | V7: =$S7/$E7 -> 10.355556 | W7: =$V7/$F7*100 -> 73.968254 | X7: =$S7/($L7+$M7) -> 51.777778 | Y7: =(($F7-$V7)*$E7)/($L7+$M7) -> 18.222222 | Z7: =($L7+$M7)/$F7 -> 1.2857143
C8: ICU | D8: I | E8: =+JAN!E8+FEB!E8+MAR!E8 -> 90 | F8: =SUM(F7) -> 14 | G8: =SUM(G7) -> 17 | H8: =SUM(H7) -> 41 | I8: =SUM(I7) -> 274 | J8: 117 | K8: =SUM(K7) -> 277 | L8: =SUM(L7) -> 0 | M8: 18 | N8: =SUM(N7) -> 5 | O8: =SUM(O7) -> 40 | P8: 111 | Q8: =SUM(Q7) -> 404 | R8: =SUM(R7) -> 1 | S8: =SUM(S7) -> 932 | T8: =J8-P8 -> 6 | U8: =+L8+M8 -> 18 | V8: =$S8/$E8 -> 10.355556 | W8: =$V8/$F8*100 -> 73.968254 | X8: =$S8/($L8+$M8) -> 51.777778 | Y8: =(($F8-$V8)*$E8)/($L8+$M8) -> 18.222222 | Z8: =($L8+$M8)/$F8 -> 1.2857143
A9: 2 | C9: ICCU | D9: I | E9: =+JAN!E9+FEB!E9+MAR!E9 -> 90 | F9: =MAR!F9 -> 5 | G9: ='[1]TT Per Ruang'!G98 -> 2 | H9: =+JAN!H9+FEB!H9+MAR!H9 -> 221 | I9: =+JAN!I9+FEB!I9+MAR!I9 -> 29 | J9: 83 | K9: =+JAN!K9+FEB!K9+MAR!K9 -> 228 | L9: =+JAN!L9+FEB!L9+MAR!L9 -> 3 | M9: 1 | N9: =+JAN!N9+FEB!N9+MAR!N9 -> 14 | O9: =+JAN!O9+FEB!O9+MAR!O9 -> 2 | P9: 78 | Q9: =+JAN!Q9+FEB!Q9+MAR!Q9 -> 23 | R9: =+JAN!R9+FEB!R9+MAR!R9 -> 5 | S9: =+JAN!S9+FEB!S9+MAR!S9 -> 314 | T9: =J9-P9 -> 5 | U9: =+L9+M9 -> 4 | V9: =$S9/$E9 -> 3.4888889 | W9: =$V9/$F9*100 -> 69.777778 | X9: =$S9/($L9+$M9) -> 78.5 | Y9: =(($F9-$V9)*$E9)/($L9+$M9) -> 34 | Z9: =($L9+$M9)/$F9 -> 0.8
C10: ICCU | D10: I | E10: =+JAN!E10+FEB!E10+MAR!E10 -> 90 | F10: =SUM(F9) -> 5 | G10: =SUM(G9) -> 2 | H10: =SUM(H9) -> 221 | I10: =SUM(I9) -> 29 | J10: 83 | K10: =SUM(K9) -> 228 | L10: =SUM(L9) -> 3 | M10: 1 | N10: =SUM(N9) -> 14 | O10: =SUM(O9) -> 2 | P10: 78 | Q10: =SUM(Q9) -> 23 | R10: =SUM(R9) -> 5 | S10: =SUM(S9) -> 314 | T10: =J10-P10 -> 5 | U10: =+L10+M10 -> 4 | V10: =$S10/$E10 -> 3.4888889 | W10: =$V10/$F10*100 -> 69.777778 | X10: =$S10/($L10+$M10) -> 78.5 | Y10: =(($F10-$V10)*$E10)/($L10+$M10) -> 34 | Z10: =($L10+$M10)/$F10 -> 0.8
A11: 3 | C11: PICU | D11: I | E11: =+JAN!E11+FEB!E11+MAR!E11 -> 90 | F11: =MAR!F11 -> 3 | G11: ='[1]TT Per Ruang'!G100 -> 2 | H11: =+JAN!H11+FEB!H11+MAR!H11 -> 40 | I11: =+JAN!I11+FEB!I11+MAR!I11 -> 27 | J11: 26 | K11: =+JAN!K11+FEB!K11+MAR!K11 -> 55 | L11: =+JAN!L11+FEB!L11+MAR!L11 -> 1 | M11: 3 | N11: =+JAN!N11+FEB!N11+MAR!N11 -> 5 | O11: =+JAN!O11+FEB!O11+MAR!O11 -> 5 | P11: 23 | Q11: =+JAN!Q11+FEB!Q11+MAR!Q11 -> 64 | R11: =+JAN!R11+FEB!R11+MAR!R11 -> 0 | S11: =+JAN!S11+FEB!S11+MAR!S11 -> 186 | T11: =J11-P11 -> 3 | U11: =+L11+M11 -> 4 | V11: =$S11/$E11 -> 2.0666667 | W11: =$V11/$F11*100 -> 68.888889 | X11: =$S11/($L11+$M11) -> 46.5 | Y11: =(($F11-$V11)*$E11)/($L11+$M11) -> 21 | Z11: =($L11+$M11)/$F11 -> 1.3333333
C12: PICU | D12: I | E12: =+JAN!E12+FEB!E12+MAR!E12 -> 90 | F12: =SUM(F11) -> 3 | G12: =SUM(G11) -> 2 | H12: =SUM(H11) -> 40 | I12: =SUM(I11) -> 27 | J12: 26 | K12: =SUM(K11) -> 55 | L12: =SUM(L11) -> 1 | M12: 3 | N12: =SUM(N11) -> 5 | O12: =SUM(O11) -> 5 | P12: 23 | Q12: =SUM(Q11) -> 64 | R12: =SUM(R11) -> 0 | S12: =SUM(S11) -> 186 | T12: =J12-P12 -> 3 | U12: =+L12+M12 -> 4 | V12: =$S12/$E12 -> 2.0666667 | W12: =$V12/$F12*100 -> 68.888889 | X12: =$S12/($L12+$M12) -> 46.5 | Y12: =(($F12-$V12)*$E12)/($L12+$M12) -> 21 | Z12: =($L12+$M12)/$F12 -> 1.3333333
A13: 4 | C13: NICU | D13: I | E13: =+JAN!E13+FEB!E13+MAR!E13 -> 90 | F13: =MAR!F13 -> 5 | G13: ='[1]TT Per Ruang'!G102 -> 5 | H13: =+JAN!H13+FEB!H13+MAR!H13 -> 30 | I13: =+JAN!I13+FEB!I13+MAR!I13 -> 50 | J13: 36 | K13: =+JAN!K13+FEB!K13+MAR!K13 -> 59 | L13: =+JAN!L13+FEB!L13+MAR!L13 -> 1 | M13: 7 | N13: =+JAN!N13+FEB!N13+MAR!N13 -> 9 | O13: =+JAN!O13+FEB!O13+MAR!O13 -> 11 | P13: 31 | Q13: =+JAN!Q13+FEB!Q13+MAR!Q13 -> 127 | R13: =+JAN!R13+FEB!R13+MAR!R13 -> 2 | S13: =+JAN!S13+FEB!S13+MAR!S13 -> 364 | T13: =J13-P13 -> 5 | U13: =+L13+M13 -> 8 | V13: =$S13/$E13 -> 4.0444444 | W13: =$V13/$F13*100 -> 80.888889 | X13: =$S13/($L13+$M13) -> 45.5 | Y13: =(($F13-$V13)*$E13)/($L13+$M13) -> 10.75 | Z13: =($L13+$M13)/$F13 -> 1.6
C14: NICU | D14: I | E14: =+JAN!E14+FEB!E14+MAR!E14 -> 90 | F14: =SUM(F13) -> 5 | G14: =SUM(G13) -> 5 | H14: =SUM(H13) -> 30 | I14: =SUM(I13) -> 50 | J14: 36 | K14: =SUM(K13) -> 59 | L14: =SUM(L13) -> 1 | M14: 7 | N14: =SUM(N13) -> 9 | O14: =SUM(O13) -> 11 | P14: 31 | Q14: =SUM(Q13) -> 127 | R14: =SUM(R13) -> 2 | S14: =SUM(S13) -> 364 | T14: =J14-P14 -> 5 | U14: =+L14+M14 -> 8 | V14: =$S14/$E14 -> 4.0444444 | W14: =$V14/$F14*100 -> 80.888889 | X14: =$S14/($L14+$M14) -> 45.5 | Y14: =(($F14-$V14)*$E14)/($L14+$M14) -> 10.75 | Z14: =($L14+$M14)/$F14 -> 1.6
A15: 5 | C15: ICU MEDICAL | D15: I | E15: =+JAN!E15+FEB!E15+MAR!E15 -> 90 | F15: =MAR!F15 -> 4 | G15: ='[1]TT Per Ruang'!G104 -> 3 | H15: =+JAN!H15+FEB!H15+MAR!H15 -> 79 | I15: =+JAN!I15+FEB!I15+MAR!I15 -> 32 | J15: 51 | K15: =+JAN!K15+FEB!K15+MAR!K15 -> 75 | L15: =+JAN!L15+FEB!L15+MAR!L15 -> 1 | M15: 16 | N15: =+JAN!N15+FEB!N15+MAR!N15 -> 26 | O15: =+JAN!O15+FEB!O15+MAR!O15 -> 11 | P15: 48 | Q15: =+JAN!Q15+FEB!Q15+MAR!Q15 -> 86 | R15: =+JAN!R15+FEB!R15+MAR!R15 -> 7 | S15: =+JAN!S15+FEB!S15+MAR!S15 -> 231 | T15: =J15-P15 -> 3 | U15: =+L15+M15 -> 17 | V15: =$S15/$E15 -> 2.5666667 | W15: =$V15/$F15*100 -> 64.166667 | X15: =$S15/($L15+$M15) -> 13.588235 | Y15: =(($F15-$V15)*$E15)/($L15+$M15) -> 7.5882353 | Z15: =($L15+$M15)/$F15 -> 4.25
C16: ICU MEDICAL | D16: I | E16: =+JAN!E16+FEB!E16+MAR!E16 -> 90 | F16: =SUM(F15) -> 4 | G16: =SUM(G15) -> 3 | H16: =SUM(H15) -> 79 | I16: =SUM(I15) -> 32 | J16: 51 | K16: =SUM(K15) -> 75 | L16: =SUM(L15) -> 1 | M16: 16 | N16: =SUM(N15) -> 26 | O16: =SUM(O15) -> 11 | P16: 48 | Q16: =SUM(Q15) -> 86 | R16: =SUM(R15) -> 7 | S16: =SUM(S15) -> 231 | T16: =J16-P16 -> 3 | U16: =+L16+M16 -> 17 | V16: =$S16/$E16 -> 2.5666667 | W16: =$V16/$F16*100 -> 64.166667 | X16: =$S16/($L16+$M16) -> 13.588235 | Y16: =(($F16-$V16)*$E16)/($L16+$M16) -> 7.5882353 | Z16: =($L16+$M16)/$F16 -> 4.25
A17: 6 | C17: RICU ED | D17: I | E17: =+JAN!E17+FEB!E17+MAR!E17 -> 90 | F17: =MAR!F17 -> 2 | G17: ='[1]TT Per Ruang'!G106 -> 0 | H17: =+JAN!H17+FEB!H17+MAR!H17 -> 26 | I17: =+JAN!I17+FEB!I17+MAR!I17 -> 12 | J17: 12 | K17: =+JAN!K17+FEB!K17+MAR!K17 -> 23 | L17: =+JAN!L17+FEB!L17+MAR!L17 -> 1 | M17: 4 | N17: =+JAN!N17+FEB!N17+MAR!N17 -> 6 | O17: =+JAN!O17+FEB!O17+MAR!O17 -> 7 | P17: 11 | Q17: =+JAN!Q17+FEB!Q17+MAR!Q17 -> 41 | R17: =+JAN!R17+FEB!R17+MAR!R17 -> 2 | S17: =+JAN!S17+FEB!S17+MAR!S17 -> 112 | T17: =J17-P17 -> 1 | U17: =+L17+M17 -> 5 | V17: =$S17/$E17 -> 1.2444444 | W17: =$V17/$F17*100 -> 62.222222 | X17: =$S17/($L17+$M17) -> 22.4 | Y17: =(($F17-$V17)*$E17)/($L17+$M17) -> 13.6 | Z17: =($L17+$M17)/$F17 -> 2.5
C18: RICU ED | E18: =+JAN!E18+FEB!E18+MAR!E18 -> 90 | F18: =SUM(F17) -> 2 | G18: =SUM(G17) -> 0 | H18: =SUM(H17) -> 26 | I18: =SUM(I17) -> 12 | J18: 12 | K18: =SUM(K17) -> 23 | L18: =SUM(L17) -> 1 | M18: 4 | N18: =SUM(N17) -> 6 | O18: =SUM(O17) -> 7 | P18: 11 | Q18: =SUM(Q17) -> 41 | R18: =SUM(R17) -> 2 | S18: =SUM(S17) -> 112 | T18: =J18-P18 -> 1 | U18: =+L18+M18 -> 5 | V18: =$S18/$E18 -> 1.2444444 | W18: =$V18/$F18*100 -> 62.222222 | X18: =$S18/($L18+$M18) -> 22.4 | Y18: =(($F18-$V18)*$E18)/($L18+$M18) -> 13.6 | Z18: =($L18+$M18)/$F18 -> 2.5
A19: 7 | C19: HCU MELATI BAWAH | D19: II | E19: =+JAN!E19+FEB!E19+MAR!E19 -> 90 | F19: =MAR!F19 -> 15 | G19: ='[1]TT Per Ruang'!G20 -> 12 | H19: =+JAN!H19+FEB!H19+MAR!H19 -> 227 | I19: =+JAN!I19+FEB!I19+MAR!I19 -> 86 | J19: 124 | K19: =+JAN!K19+FEB!K19+MAR!K19 -> 58 | L19: =+JAN!L19+FEB!L19+MAR!L19 -> 208 | M19: 19 | N19: =+JAN!N19+FEB!N19+MAR!N19 -> 27 | O19: =+JAN!O19+FEB!O19+MAR!O19 -> 18 | P19: 112 | Q19: =+JAN!Q19+FEB!Q19+MAR!Q19 -> 1058 | R19: =+JAN!R19+FEB!R19+MAR!R19 -> 6 | S19: =+JAN!S19+FEB!S19+MAR!S19 -> 1087 | T19: =J19-P19 -> 12 | U19: =+L19+M19 -> 227 | V19: =$S19/$E19 -> 12.077778 | W19: =$V19/$F19*100 -> 80.518519 | X19: =$S19/($L19+$M19) -> 4.7885463 | Y19: =(($F19-$V19)*$E19)/($L19+$M19) -> 1.1585903 | Z19: =($L19+$M19)/$F19 -> 15.133333
C20: HCU MELATI BAWAH | D20: II | E20: =+JAN!E20+FEB!E20+MAR!E20 -> 90 | F20: =SUM(F19) -> 15 | G20: =SUM(G19) -> 12 | H20: =SUM(H19) -> 227 | I20: =SUM(I19) -> 86 | J20: 124 | K20: =SUM(K19) -> 58 | L20: =SUM(L19) -> 208 | M20: 19 | N20: =SUM(N19) -> 27 | O20: =SUM(O19) -> 18 | P20: 112 | Q20: =SUM(Q19) -> 1058 | R20: =SUM(R19) -> 6 | S20: =SUM(S19) -> 1087 | T20: =J20-P20 -> 12 | U20: =+L20+M20 -> 227 | V20: =$S20/$E20 -> 12.077778 | W20: =$V20/$F20*100 -> 80.518519 | X20: =$S20/($L20+$M20) -> 4.7885463 | Y20: =(($F20-$V20)*$E20)/($L20+$M20) -> 1.1585903 | Z20: =($L20+$M20)/$F20 -> 15.133333
A21: TOTAL INTENSIVE | E21: =+JAN!E21+FEB!E21+MAR!E21 -> 90 | F21: =+F8+F10+F12+F14+F16+F18+F20 -> 48 | G21: =+G8+G10+G12+G14+G16+G18+G20 -> 41 | H21: =+H8+H10+H12+H14+H16+H18+H20 -> 664 | I21: =+I8+I10+I12+I14+I16+I18+I20 -> 510 | J21: 449 | K21: =+K8+K10+K12+K14+K16+K18+K20 -> 775 | L21: =+L8+L10+L12+L14+L16+L18+L20 -> 215 | M21: =+N21+O21 -> 186 | N21: =+N8+N10+N12+N14+N16+N18+N20 -> 92 | O21: =+O8+O10+O12+O14+O16+O18+O20 -> 94 | P21: 414 | Q21: =+Q8+Q10+Q12+Q14+Q16+Q18+Q20 -> 1803 | R21: =+R8+R10+R12+R14+R16+R18+R20 -> 23 | S21: =+S8+S10+S12+S14+S16+S18+S20 -> 3226 | T21: =J21-P21 -> 35 | U21: =+L21+M21 -> 401 | V21: =$S21/$E21 -> 35.844444 | W21: =$V21/$F21*100 -> 74.675926 | X21: =$S21/($L21+$M21) -> 8.0448878 | Y21: =(($F21-$V21)*$E21)/($L21+$M21) -> 2.7281796 | Z21: =($L21+$M21)/$F21 -> 8.3541667
H22: =+JAN!H21+FEB!H21 -> 438
A24: NO | B24: PELAYANAN | C24: RAWAT INAP | D24: KLAS PERAWATAN | E24: PERIODE | F24: TT (T) | G24: PX AWAL | H24: PX MASUK | I24: PX PINDAHAN | J24: JUMLAH (1+2+3) | K24: PX DI PINDAHKAN | L24: PX KELUAR HIDUP | M24: PX MATI | N24: KURANG 48 JAM | O24: LEBIH 48 JAM | P24: JUMLAH (5+6+7) | Q24: LAMA DI RAWAT | R24: PX KELUAR/MASUK HR SAMA | S24: HARI PERAWATAN | T24: Px AKHIR | U24: KUNJUNGN | V24: O | W24: BOR (O/T) | X24: LOS | Y24: TOI | Z24: BTO
V25: (TT terpakai) | W25: (75%-85%) | X25: (3-12 hari) | Y25: (1-3 hr) | Z25: (30 px)
G27: 1 | H27: 2 | I27: 3 | J27: 4 | K27: 5 | L27: 6 | M27: 7 | N27: 8 | O27: 9 | P27: 10 | Q27: 11 | R27: 12 | S27: 13 | T27: 14 | V27: 15 | W27: 16 | X27: 17 | Y27: 18 | Z27: 19
A28: 1 | B28: ISOLASI | C28: SAKURA | D28: TB MDR II | E28: =+JAN!E28+FEB!E28+MAR!E28 -> 90 | F28: =MAR!F28 -> 2 | G28: ='[1]TT Per Ruang'!G47 -> 0 | H28: =+JAN!H28+FEB!H28+MAR!H28 -> 8 | I28: =+JAN!I28+FEB!I28+MAR!I28 -> 2 | J28: 5 | K28: =+JAN!K28+FEB!K28+MAR!K28 -> 2 | L28: =+JAN!L28+FEB!L28+MAR!L28 -> 4 | M28: 3 | N28: =+JAN!N28+FEB!N28+MAR!N28 -> 2 | O28: =+JAN!O28+FEB!O28+MAR!O28 -> 1 | P28: 5 | Q28: =+JAN!Q28+FEB!Q28+MAR!Q28 -> 23 | R28: =+JAN!R28+FEB!R28+MAR!R28 -> 0 | S28: =+JAN!S28+FEB!S28+MAR!S28 -> 27 | T28: =J28-P28 -> 0 | U28: =+L28+M28 -> 7 | V28: =$S28/$E28 -> 0.3 | W28: =$V28/$F28*100 -> 15 | X28: =$S28/($L28+$M28) -> 3.8571429 | Y28: =(($F28-$V28)*$E28)/($L28+$M28) -> 21.857143 | Z28: =($L28+$M28)/$F28 -> 3.5
C29: SAKURA | D29: TB MDR III | E29: =+JAN!E29+FEB!E29+MAR!E29 -> 90 | F29: =MAR!F29 -> 3 | G29: ='[1]TT Per Ruang'!G48 -> 1 | H29: =+JAN!H29+FEB!H29+MAR!H29 -> 17 | I29: =+JAN!I29+FEB!I29+MAR!I29 -> 1 | J29: 10 | K29: =+JAN!K29+FEB!K29+MAR!K29 -> 2 | L29: =+JAN!L29+FEB!L29+MAR!L29 -> 10 | M29: 2 | N29: =+JAN!N29+FEB!N29+MAR!N29 -> 1 | O29: =+JAN!O29+FEB!O29+MAR!O29 -> 6 | P29: 10 | Q29: =+JAN!Q29+FEB!Q29+MAR!Q29 -> 78 | R29: =+JAN!R29+FEB!R29+MAR!R29 -> 0 | S29: =+JAN!S29+FEB!S29+MAR!S29 -> 62 | T29: =J29-P29 -> 0 | U29: =+L29+M29 -> 12 | V29: =$S29/$E29 -> 0.68888889 | W29: =$V29/$F29*100 -> 22.962963 | X29: =$S29/($L29+$M29) -> 5.1666667 | Y29: =(($F29-$V29)*$E29)/($L29+$M29) -> 17.333333 | Z29: =($L29+$M29)/$F29 -> 4
C30: SAKURA | D30: TB PARU II | E30: =+JAN!E30+FEB!E30+MAR!E30 -> 90 | F30: =MAR!F30 -> 2 | G30: ='[1]TT Per Ruang'!G49 -> 0 | H30: =+JAN!H30+FEB!H30+MAR!H30 -> 11 | I30: =+JAN!I30+FEB!I30+MAR!I30 -> 6 | J30: 5 | K30: =+JAN!K30+FEB!K30+MAR!K30 -> 2 | L30: =+JAN!L30+FEB!L30+MAR!L30 -> 10 | M30: 4 | N30: =+JAN!N30+FEB!N30+MAR!N30 -> 3 | O30: =+JAN!O30+FEB!O30+MAR!O30 -> 2 | P30: 5 | Q30: =+JAN!Q30+FEB!Q30+MAR!Q30 -> 90 | R30: =+JAN!R30+FEB!R30+MAR!R30 -> 0 | S30: =+JAN!S30+FEB!S30+MAR!S30 -> 65 | T30: =J30-P30 -> 0 | U30: =+L30+M30 -> 14 | V30: =$S30/$E30 -> 0.72222222 | W30: =$V30/$F30*100 -> 36.111111 | X30: =$S30/($L30+$M30) -> 4.6428571 | Y30: =(($F30-$V30)*$E30)/($L30+$M30) -> 8.2142857 | Z30: =($L30+$M30)/$F30 -> 7
C31: SAKURA | D31: TB PARU III | E31: =+JAN!E31+FEB!E31+MAR!E31 -> 90 | F31: =MAR!F31 -> 10 | G31: ='[1]TT Per Ruang'!G50 -> 2 | H31: =+JAN!H31+FEB!H31+MAR!H31 -> 138 | I31: =+JAN!I31+FEB!I31+MAR!I31 -> 24 | J31: 57 | K31: =+JAN!K31+FEB!K31+MAR!K31 -> 6 | L31: =+JAN!L31+FEB!L31+MAR!L31 -> 100 | M31: 15 | N31: =+JAN!N31+FEB!N31+MAR!N31 -> 25 | O31: =+JAN!O31+FEB!O31+MAR!O31 -> 28 | P31: 52 | Q31: =+JAN!Q31+FEB!Q31+MAR!Q31 -> 663 | R31: =+JAN!R31+FEB!R31+MAR!R31 -> 1 | S31: =+JAN!S31+FEB!S31+MAR!S31 -> 599 | T31: =J31-P31 -> 5 | U31: =+L31+M31 -> 115 | V31: =$S31/$E31 -> 6.6555556 | W31: =$V31/$F31*100 -> 66.555556 | X31: =$S31/($L31+$M31) -> 5.2086957 | Y31: =(($F31-$V31)*$E31)/($L31+$M31) -> 2.6173913 | Z31: =($L31+$M31)/$F31 -> 11.5
C32: SAKURA | E32: =+JAN!E32+FEB!E32+MAR!E32 -> 90 | F32: =SUM(F28:F31) -> 17 | G32: =SUM(G28:G31) -> 3 | H32: =SUM(H28:H31) -> 174 | I32: =SUM(I28:I31) -> 33 | J32: 77 | K32: =SUM(K28:K31) -> 12 | L32: =SUM(L28:L31) -> 124 | M32: 24 | N32: =SUM(N28:N31) -> 31 | O32: =SUM(O28:O31) -> 37 | P32: 72 | Q32: =SUM(Q28:Q31) -> 854 | R32: =SUM(R28:R31) -> 1 | S32: =SUM(S28:S31) -> 753 | T32: =J32-P32 -> 5 | U32: =+L32+M32 -> 148 | V32: =$S32/$E32 -> 8.3666667 | W32: =$V32/$F32*100 -> 49.215686 | X32: =$S32/($L32+$M32) -> 5.0878378 | Y32: =(($F32-$V32)*$E32)/($L32+$M32) -> 5.25 | Z32: =($L32+$M32)/$F32 -> 8.7058824
A33: 2 | C33: CATALYA | D33: ISOLASI | E33: =+JAN!E33+FEB!E33+MAR!E33 -> 90 | F33: =MAR!F33 -> 6 | G33: ='[1]TT Per Ruang'!G38 -> 4 | H33: =+JAN!H33+FEB!H33+MAR!H33 -> 114 | I33: =+JAN!I33+FEB!I33+MAR!I33 -> 22 | J33: 61 | K33: =+JAN!K33+FEB!K33+MAR!K33 -> 29 | L33: =+JAN!L33+FEB!L33+MAR!L33 -> 101 | M33: 3 | N33: =+JAN!N33+FEB!N33+MAR!N33 -> 3 | O33: =+JAN!O33+FEB!O33+MAR!O33 -> 7 | P33: 53 | Q33: =+JAN!Q33+FEB!Q33+MAR!Q33 -> 316 | R33: =+JAN!R33+FEB!R33+MAR!R33 -> 0 | S33: =+JAN!S33+FEB!S33+MAR!S33 -> 458 | T33: =J33-P33 -> 8 | U33: =+L33+M33 -> 104 | V33: =$S33/$E33 -> 5.0888889 | W33: =$V33/$F33*100 -> 84.814815 | X33: =$S33/($L33+$M33) -> 4.4038462 | Y33: =(($F33-$V33)*$E33)/($L33+$M33) -> 0.78846154 | Z33: =($L33+$M33)/$F33 -> 17.333333
C34: CATALYA | E34: =+JAN!E34+FEB!E34+MAR!E34 -> 90 | F34: =SUM(F33) -> 6 | G34: =SUM(G33) -> 4 | H34: =SUM(H33) -> 114 | I34: =SUM(I33) -> 22 | J34: 61 | K34: =SUM(K33) -> 29 | L34: =SUM(L33) -> 101 | M34: 3 | N34: =SUM(N33) -> 3 | O34: =SUM(O33) -> 7 | P34: 53 | Q34: =SUM(Q33) -> 316 | R34: =SUM(R33) -> 0 | S34: =SUM(S33) -> 458 | T34: =J34-P34 -> 8 | U34: =+L34+M34 -> 104 | V34: =$S34/$E34 -> 5.0888889 | W34: =$V34/$F34*100 -> 84.814815 | X34: =$S34/($L34+$M34) -> 4.4038462 | Y34: =(($F34-$V34)*$E34)/($L34+$M34) -> 0.78846154 | Z34: =($L34+$M34)/$F34 -> 17.333333
A35: 3 | C35: LAVENDER | D35: III | E35: =+JAN!E35+FEB!E35+MAR!E35 -> 90 | F35: =MAR!F35 -> 4 | G35: ='[1]TT Per Ruang'!G54 -> 0 | H35: =+JAN!H35+FEB!H35+MAR!H35 -> 0 | I35: =+JAN!I35+FEB!I35+MAR!I35 -> 0 | J35: 0 | K35: =+JAN!K35+FEB!K35+MAR!K35 -> 0 | L35: =+JAN!L35+FEB!L35+MAR!L35 -> 0 | M35: 0 | N35: =+JAN!N35+FEB!N35+MAR!N35 -> 0 | O35: =+JAN!O35+FEB!O35+MAR!O35 -> 0 | P35: 0 | Q35: =+JAN!Q35+FEB!Q35+MAR!Q35 -> 0 | R35: =+JAN!R35+FEB!R35+MAR!R35 -> 0 | S35: =+JAN!S35+FEB!S35+MAR!S35 -> 0 | T35: =J35-P35 -> 0 | U35: =+L35+M35 -> 0 | V35: =$S35/$E35 -> 0 | W35: =$V35/$F35*100 -> 0 | X35: =$S35/($L35+$M35) -> #DIV/0! | Y35: =(($F35-$V35)*$E35)/($L35+$M35) -> #DIV/0! | Z35: =($L35+$M35)/$F35 -> 0
C36: LAVENDER | E36: =+JAN!E36+FEB!E36+MAR!E36 -> 90 | F36: =SUM(F35) -> 4 | G36: =SUM(G35) -> 0 | H36: =SUM(H35) -> 0 | I36: =SUM(I35) -> 0 | J36: 0 | K36: =SUM(K35) -> 0 | L36: =SUM(L35) -> 0 | M36: 0 | N36: =SUM(N35) -> 0 | O36: =SUM(O35) -> 0 | P36: 0 | Q36: =SUM(Q35) -> 0 | R36: =SUM(R35) -> 0 | S36: =SUM(S35) -> 0 | T36: =J36-P36 -> 0 | U36: =+L36+M36 -> 0 | V36: =$S36/$E36 -> 0 | W36: =$V36/$F36*100 -> 0 | X36: =$S36/($L36+$M36) -> #DIV/0! | Y36: =(($F36-$V36)*$E36)/($L36+$M36) -> #DIV/0! | Z36: =($L36+$M36)/$F36 -> 0
A37: 4 | C37: NUSA INDAH | D37: I | E37: =+JAN!E37+FEB!E37+MAR!E37 -> 90 | F37: =MAR!F37 -> 2 | G37: ='[1]TT Per Ruang'!G43 -> 0 | H37: =+JAN!H37+FEB!H37+MAR!H37 -> 0 | I37: =+JAN!I37+FEB!I37+MAR!I37 -> 0 | J37: 0 | K37: =+JAN!K37+FEB!K37+MAR!K37 -> 0 | L37: =+JAN!L37+FEB!L37+MAR!L37 -> 0 | M37: 0 | N37: =+JAN!N37+FEB!N37+MAR!N37 -> 0 | O37: =+JAN!O37+FEB!O37+MAR!O37 -> 0 | P37: 0 | Q37: =+JAN!Q37+FEB!Q37+MAR!Q37 -> 0 | R37: =+JAN!R37+FEB!R37+MAR!R37 -> 0 | S37: =+JAN!S37+FEB!S37+MAR!S37 -> 0 | T37: =J37-P37 -> 0 | U37: =+L37+M37 -> 0 | V37: =$S37/$E37 -> 0 | W37: =$V37/$F37*100 -> 0 | X37: =$S37/($L37+$M37) -> #DIV/0! | Y37: =(($F37-$V37)*$E37)/($L37+$M37) -> #DIV/0! | Z37: =($L37+$M37)/$F37 -> 0
C38: NUSA INDAH | E38: =+JAN!E38+FEB!E38+MAR!E38 -> 90 | F38: =SUM(F37) -> 2 | G38: =SUM(G37) -> 0 | H38: =SUM(H37) -> 0 | I38: =SUM(I37) -> 0 | J38: 0 | K38: =SUM(K37) -> 0 | L38: =SUM(L37) -> 0 | M38: 0 | N38: =SUM(N37) -> 0 | O38: =SUM(O37) -> 0 | P38: 0 | Q38: =SUM(Q37) -> 0 | R38: =SUM(R37) -> 0 | S38: =SUM(S37) -> 0 | T38: =J38-P38 -> 0 | U38: =+L38+M38 -> 0 | V38: =$S38/$E38 -> 0 | W38: =$V38/$F38*100 -> 0 | X38: =$S38/($L38+$M38) -> #DIV/0! | Y38: =(($F38-$V38)*$E38)/($L38+$M38) -> #DIV/0! | Z38: =($L38+$M38)/$F38 -> 0
A39: 5 | C39: MAWAR | D39: III | E39: =+JAN!E39+FEB!E39+MAR!E39 -> 90 | F39: =MAR!F39 -> 4 | G39: ='[1]TT Per Ruang'!G24 -> 0 | H39: =+JAN!H39+FEB!H39+MAR!H39 -> 0 | I39: =+JAN!I39+FEB!I39+MAR!I39 -> 0 | J39: 0 | K39: =+JAN!K39+FEB!K39+MAR!K39 -> 0 | L39: =+JAN!L39+FEB!L39+MAR!L39 -> 0 | M39: 0 | N39: =+JAN!N39+FEB!N39+MAR!N39 -> 0 | O39: =+JAN!O39+FEB!O39+MAR!O39 -> 0 | P39: 0 | Q39: =+JAN!Q39+FEB!Q39+MAR!Q39 -> 0 | R39: =+JAN!R39+FEB!R39+MAR!R39 -> 0 | S39: =+JAN!S39+FEB!S39+MAR!S39 -> 0 | T39: =J39-P39 -> 0 | U39: =+L39+M39 -> 0 | V39: =$S39/$E39 -> 0 | W39: =$V39/$F39*100 -> 0 | X39: =$S39/($L39+$M39) -> #DIV/0! | Y39: =(($F39-$V39)*$E39)/($L39+$M39) -> #DIV/0! | Z39: =($L39+$M39)/$F39 -> 0
C40: MAWAR | E40: =+JAN!E40+FEB!E40+MAR!E40 -> 90 | F40: =SUM(F39) -> 4 | G40: =SUM(G39) -> 0 | H40: =SUM(H39) -> 0 | I40: =SUM(I39) -> 0 | J40: 0 | K40: =SUM(K39) -> 0 | L40: =SUM(L39) -> 0 | M40: 0 | N40: =SUM(N39) -> 0 | O40: =SUM(O39) -> 0 | P40: 0 | Q40: =SUM(Q39) -> 0 | R40: =SUM(R39) -> 0 | S40: =SUM(S39) -> 0 | T40: =J40-P40 -> 0 | U40: =+L40+M40 -> 0 | V40: =$S40/$E40 -> 0 | W40: =$V40/$F40*100 -> 0 | X40: =$S40/($L40+$M40) -> #DIV/0! | Y40: =(($F40-$V40)*$E40)/($L40+$M40) -> #DIV/0! | Z40: =($L40+$M40)/$F40 -> 0
A41: 6 | C41: BOGENVILE | D41: I | E41: =+JAN!E41+FEB!E41+MAR!E41 -> 90 | F41: =MAR!F41 -> 1 | G41: ='[1]TT Per Ruang'!G29 -> 0 | H41: =+JAN!H41+FEB!H41+MAR!H41 -> 0 | I41: =+JAN!I41+FEB!I41+MAR!I41 -> 0 | J41: 0 | K41: =+JAN!K41+FEB!K41+MAR!K41 -> 0 | L41: =+JAN!L41+FEB!L41+MAR!L41 -> 0 | M41: 0 | N41: =+JAN!N41+FEB!N41+MAR!N41 -> 0 | O41: =+JAN!O41+FEB!O41+MAR!O41 -> 0 | P41: 0 | Q41: =+JAN!Q41+FEB!Q41+MAR!Q41 -> 0 | R41: =+JAN!R41+FEB!R41+MAR!R41 -> 0 | S41: =+JAN!S41+FEB!S41+MAR!S41 -> 0 | T41: =J41-P41 -> 0 | U41: =+L41+M41 -> 0 | V41: =$S41/$E41 -> 0 | W41: =$V41/$F41*100 -> 0 | X41: =$S41/($L41+$M41) -> #DIV/0! | Y41: =(($F41-$V41)*$E41)/($L41+$M41) -> #DIV/0! | Z41: =($L41+$M41)/$F41 -> 0
C42: BOGENVILE | E42: =+JAN!E42+FEB!E42+MAR!E42 -> 90 | F42: =SUM(F41) -> 1 | G42: =SUM(G41) -> 0 | H42: =SUM(H41) -> 0 | I42: =SUM(I41) -> 0 | J42: 0 | K42: =SUM(K41) -> 0 | L42: =SUM(L41) -> 0 | M42: 0 | N42: =SUM(N41) -> 0 | O42: =SUM(O41) -> 0 | P42: 0 | Q42: =SUM(Q41) -> 0 | R42: =SUM(R41) -> 0 | S42: =SUM(S41) -> 0 | T42: =J42-P42 -> 0 | U42: =+L42+M42 -> 0 | V42: =$S42/$E42 -> 0 | W42: =$V42/$F42*100 -> 0 | X42: =$S42/($L42+$M42) -> #DIV/0! | Y42: =(($F42-$V42)*$E42)/($L42+$M42) -> #DIV/0! | Z42: =($L42+$M42)/$F42 -> 0
A43: 7 | C43: MELATI ATAS | D43: III | E43: =+JAN!E43+FEB!E43+MAR!E43 -> 90 | F43: =MAR!F43 -> 4 | G43: ='[1]TT Per Ruang'!G18 -> 0 | H43: =+JAN!H43+FEB!H43+MAR!H43 -> 0 | I43: =+JAN!I43+FEB!I43+MAR!I43 -> 0 | J43: 0 | K43: =+JAN!K43+FEB!K43+MAR!K43 -> 0 | L43: =+JAN!L43+FEB!L43+MAR!L43 -> 0 | M43: 0 | N43: =+JAN!N43+FEB!N43+MAR!N43 -> 0 | O43: =+JAN!O43+FEB!O43+MAR!O43 -> 0 | P43: 0 | Q43: =+JAN!Q43+FEB!Q43+MAR!Q43 -> 0 | R43: =+JAN!R43+FEB!R43+MAR!R43 -> 0 | S43: =+JAN!S43+FEB!S43+MAR!S43 -> 0 | T43: =J43-P43 -> 0 | U43: =+L43+M43 -> 0 | V43: =$S43/$E43 -> 0 | W43: =$V43/$F43*100 -> 0 | X43: =$S43/($L43+$M43) -> #DIV/0! | Y43: =(($F43-$V43)*$E43)/($L43+$M43) -> #DIV/0! | Z43: =($L43+$M43)/$F43 -> 0
C44: MELATI ATAS | E44: =+JAN!E44+FEB!E44+MAR!E44 -> 90 | F44: =SUM(F43) -> 4 | G44: =SUM(G43) -> 0 | H44: =SUM(H43) -> 0 | I44: =SUM(I43) -> 0 | J44: 0 | K44: =SUM(K43) -> 0 | L44: =SUM(L43) -> 0 | M44: 0 | N44: =SUM(N43) -> 0 | O44: =SUM(O43) -> 0 | P44: 0 | Q44: =SUM(Q43) -> 0 | R44: =SUM(R43) -> 0 | S44: =SUM(S43) -> 0 | T44: =J44-P44 -> 0 | U44: =+L44+M44 -> 0 | V44: =$S44/$E44 -> 0 | W44: =$V44/$F44*100 -> 0 | X44: =$S44/($L44+$M44) -> #DIV/0! | Y44: =(($F44-$V44)*$E44)/($L44+$M44) -> #DIV/0! | Z44: =($L44+$M44)/$F44 -> 0
A45: 8 | C45: ALAMANDA | D45: III | E45: =+JAN!E45+FEB!E45+MAR!E45 -> 90 | F45: =MAR!F45 -> 1 | G45: ='[1]TT Per Ruang'!G33 -> 0 | H45: =+JAN!H45+FEB!H45+MAR!H45 -> 9 | I45: =+JAN!I45+FEB!I45+MAR!I45 -> 1 | J45: 0 | K45: =+JAN!K45+FEB!K45+MAR!K45 -> 2 | L45: =+JAN!L45+FEB!L45+MAR!L45 -> 7 | M45: 0 | N45: =+JAN!N45+FEB!N45+MAR!N45 -> 0 | O45: =+JAN!O45+FEB!O45+MAR!O45 -> 0 | P45: 0 | Q45: =+JAN!Q45+FEB!Q45+MAR!Q45 -> 21 | R45: =+JAN!R45+FEB!R45+MAR!R45 -> 0 | S45: =+JAN!S45+FEB!S45+MAR!S45 -> 21 | T45: =J45-P45 -> 0 | U45: =+L45+M45 -> 7 | V45: =$S45/$E45 -> 0.23333333 | W45: =$V45/$F45*100 -> 23.333333 | X45: =$S45/($L45+$M45) -> 3 | Y45: =(($F45-$V45)*$E45)/($L45+$M45) -> 9.8571429 | Z45: =($L45+$M45)/$F45 -> 7
C46: ALAMANDA | E46: =+JAN!E46+FEB!E46+MAR!E46 -> 90 | F46: =SUM(F45) -> 1 | G46: =SUM(G45) -> 0 | H46: =SUM(H45) -> 9 | I46: =SUM(I45) -> 1 | J46: 0 | K46: =SUM(K45) -> 2 | L46: =SUM(L45) -> 7 | M46: 0 | N46: =SUM(N45) -> 0 | O46: =SUM(O45) -> 0 | P46: 0 | Q46: =SUM(Q45) -> 21 | R46: =SUM(R45) -> 0 | S46: =SUM(S45) -> 21 | T46: =J46-P46 -> 0 | U46: =+L46+M46 -> 7 | V46: =$S46/$E46 -> 0.23333333 | W46: =$V46/$F46*100 -> 23.333333 | X46: =$S46/($L46+$M46) -> 3 | Y46: =(($F46-$V46)*$E46)/($L46+$M46) -> 9.8571429 | Z46: =($L46+$M46)/$F46 -> 7
A47: 9 | C47: ASTER | D47: III | E47: =+JAN!E47+FEB!E47+MAR!E47 -> 90 | F47: =MAR!F47 -> 5 | G47: ='[1]TT Per Ruang'!G16 -> 4 | H47: =+JAN!H47+FEB!H47+MAR!H47 -> 43 | I47: =+JAN!I47+FEB!I47+MAR!I47 -> 51 | J47: 30 | K47: =+JAN!K47+FEB!K47+MAR!K47 -> 12 | L47: =+JAN!L47+FEB!L47+MAR!L47 -> 80 | M47: 0 | N47: =+JAN!N47+FEB!N47+MAR!N47 -> 0 | O47: =+JAN!O47+FEB!O47+MAR!O47 -> 1 | P47: 28 | Q47: =+JAN!Q47+FEB!Q47+MAR!Q47 -> 302 | R47: =+JAN!R47+FEB!R47+MAR!R47 -> 2 | S47: =+JAN!S47+FEB!S47+MAR!S47 -> 295 | T47: =J47-P47 -> 2 | U47: =+L47+M47 -> 80 | V47: =$S47/$E47 -> 3.2777778 | W47: =$V47/$F47*100 -> 65.555556 | X47: =$S47/($L47+$M47) -> 3.6875 | Y47: =(($F47-$V47)*$E47)/($L47+$M47) -> 1.9375 | Z47: =($L47+$M47)/$F47 -> 16
C48: ASTER | E48: =+JAN!E48+FEB!E48+MAR!E48 -> 90 | F48: =SUM(F47) -> 5 | G48: =SUM(G47) -> 4 | H48: =SUM(H47) -> 43 | I48: =SUM(I47) -> 51 | J48: 30 | K48: =SUM(K47) -> 12 | L48: =SUM(L47) -> 80 | M48: 0 | N48: =SUM(N47) -> 0 | O48: =SUM(O47) -> 1 | P48: 28 | Q48: =SUM(Q47) -> 302 | R48: =SUM(R47) -> 2 | S48: =SUM(S47) -> 295 | T48: =J48-P48 -> 2 | U48: =+L48+M48 -> 80 | V48: =$S48/$E48 -> 3.2777778 | W48: =$V48/$F48*100 -> 65.555556 | X48: =$S48/($L48+$M48) -> 3.6875 | Y48: =(($F48-$V48)*$E48)/($L48+$M48) -> 1.9375 | Z48: =($L48+$M48)/$F48 -> 16
A49: TOTAL ISOLASI | E49: =+JAN!E49+FEB!E49+MAR!E49 -> 90 | F49: =+F32+F34+F36+F38+F40+F42+F44+F46+F48 -> 44 | G49: =+G32+G34+G36+G38+G40+G42+G44+G46+G48 -> 11 | H49: =+H32+H34+H36+H38+H40+H42+H44+H46+H48 -> 340 | I49: =+I32+I34+I36+I38+I40+I42+I44+I46+I48 -> 107 | J49: 168 | K49: =+K32+K34+K36+K38+K40+K42+K44+K46+K48 -> 55 | L49: =+L32+L34+L36+L38+L40+L42+L44+L46+L48 -> 312 | M49: =+N49+O49 -> 79 | N49: =+N32+N34+N36+N38+N40+N42+N44+N46+N48 -> 34 | O49: =+O32+O34+O36+O38+O40+O42+O44+O46+O48 -> 45 | P49: 153 | Q49: =+Q32+Q34+Q36+Q38+Q40+Q42+Q44+Q46+Q48 -> 1493 | R49: =+R32+R34+R36+R38+R40+R42+R44+R46+R48 -> 3 | S49: =+S32+S34+S36+S38+S40+S42+S44+S46+S48 -> 1527 | T49: =J49-P49 -> 15 | U49: =+L49+M49 -> 391 | V49: =$S49/$E49 -> 16.966667 | W49: =$V49/$F49*100 -> 38.560606 | X49: =$S49/($L49+$M49) -> 3.9053708 | Y49: =(($F49-$V49)*$E49)/($L49+$M49) -> 6.2225064 | Z49: =($L49+$M49)/$F49 -> 8.8863636
H50: =+JAN!H49+FEB!H49 -> 239
A52: NO | B52: PELAYANAN | C52: RAWAT INAP | D52: KLAS PERAWATAN | E52: PERIODE | F52: TT (T) | G52: PX AWAL | H52: PX MASUK | I52: PX PINDAHAN | J52: JUMLAH (1+2+3) | K52: PX DI PINDAHKAN | L52: PX KELUAR HIDUP | M52: PX MATI | N52: KURANG 48 JAM | O52: LEBIH 48 JAM | P52: JUMLAH (5+6+7) | Q52: LAMA DI RAWAT | R52: PX KELUAR/MASUK HR SAMA | S52: HARI PERAWATAN | T52: Px AKHIR | U52: KUNJUNGN | V52: O | W52: BOR (O/T) | X52: LOS | Y52: TOI | Z52: BTO
V53: (TT terpakai) | W53: (75%-85%) | X53: (3-12 hari) | Y53: (1-3 hr) | Z53: (30 px)
G55: 1 | H55: 2 | I55: 3 | J55: 4 | K55: 5 | L55: 6 | M55: 7 | N55: 8 | O55: 9 | P55: 10 | Q55: 11 | R55: 12 | S55: 13 | T55: 14 | V55: 15 | W55: 16 | X55: 17 | Y55: 18 | Z55: 19
A56: 1 | B56: PERISTI | C56: PERINATOLOGI | D56: II | E56: =+JAN!E56+FEB!E56+MAR!E56 -> 90 | F56: =MAR!F56 -> 30 | G56: ='[1]TT Per Ruang'!G83 -> 13 | H56: =+JAN!H56+FEB!H56+MAR!H56 -> 493 | I56: =+JAN!I56+FEB!I56+MAR!I56 -> 58 | J56: 178 | K56: =+JAN!K56+FEB!K56+MAR!K56 -> 258 | L56: =+JAN!L56+FEB!L56+MAR!L56 -> 269 | M56: 3 | N56: =+JAN!N56+FEB!N56+MAR!N56 -> 8 | O56: =+JAN!O56+FEB!O56+MAR!O56 -> 1 | P56: 163 | Q56: =+JAN!Q56+FEB!Q56+MAR!Q56 -> 1684 | R56: =+JAN!R56+FEB!R56+MAR!R56 -> 4 | S56: =+JAN!S56+FEB!S56+MAR!S56 -> 1763 | T56: =J56-P56 -> 15 | U56: =+L56+M56 -> 272 | V56: =$S56/$E56 -> 19.588889 | W56: =$V56/$F56*100 -> 65.296296 | X56: =$S56/($L56+$M56) -> 6.4816176 | Y56: =(($F56-$V56)*$E56)/($L56+$M56) -> 3.4448529 | Z56: =($L56+$M56)/$F56 -> 9.0666667
A57: TOTAL PERISTI | E57: =+JAN!E57+FEB!E57+MAR!E57 -> 90 | F57: =SUM(F56) -> 30 | G57: =SUM(G56) -> 13 | H57: =SUM(H56) -> 493 | I57: =SUM(I56) -> 58 | J57: 178 | K57: =SUM(K56) -> 258 | L57: =SUM(L56) -> 269 | M57: =+N57+O57 -> 9 | N57: =SUM(N56) -> 8 | O57: =SUM(O56) -> 1 | P57: 163 | Q57: =SUM(Q56) -> 1684 | R57: =SUM(R56) -> 4 | S57: =SUM(S56) -> 1763 | T57: =J57-P57 -> 15 | U57: =+L57+M57 -> 278 | V57: =$S57/$E57 -> 19.588889 | W57: =$V57/$F57*100 -> 65.296296 | X57: =$S57/($L57+$M57) -> 6.3417266 | Y57: =(($F57-$V57)*$E57)/($L57+$M57) -> 3.3705036 | Z57: =($L57+$M57)/$F57 -> 9.2666667
H58: =+JAN!H57+FEB!H57 -> 296
A60: NO | B60: PELAYANAN | C60: RAWAT INAP | D60: KLAS PERAWATAN | E60: PERIODE | F60: TT (T) | G60: PX AWAL | H60: PX MASUK | I60: PX PINDAHAN | J60: JUMLAH (1+2+3) | K60: PX DI PINDAHKAN | L60: PX KELUAR HIDUP | M60: PX MATI | N60: KURANG 48 JAM | O60: LEBIH 48 JAM | P60: JUMLAH (5+6+7) | Q60: LAMA DI RAWAT | R60: PX KELUAR/MASUK HR SAMA | S60: HARI PERAWATAN | T60: Px AKHIR | U60: KUNJUNGN | V60: O | W60: BOR (O/T) | X60: LOS | Y60: TOI | Z60: BTO
V61: (TT terpakai) | W61: (75%-85%) | X61: (3-12 hari) | Y61: (1-3 hr) | Z61: (30 px)
G63: 1 | H63: 2 | I63: 3 | J63: 4 | K63: 5 | L63: 6 | M63: 7 | N63: 8 | O63: 9 | P63: 10 | Q63: 11 | R63: 12 | S63: 13 | T63: 14 | V63: 15 | W63: 16 | X63: 17 | Y63: 18 | Z63: 19
A64: 1 | B64: PAVILIUN | C64: ANGGREK | D64: VIP | E64: =+JAN!E64+FEB!E64+MAR!E64 -> 90 | F64: =MAR!F64 -> 8 | G64: ='[1]TT Per Ruang'!G52 -> 4 | H64: =+JAN!H64+FEB!H64+MAR!H64 -> 89 | I64: =+JAN!I64+FEB!I64+MAR!I64 -> 9 | J64: 37 | K64: =+JAN!K64+FEB!K64+MAR!K64 -> 8 | L64: =+JAN!L64+FEB!L64+MAR!L64 -> 81 | M64: 3 | N64: =+JAN!N64+FEB!N64+MAR!N64 -> 1 | O64: =+JAN!O64+FEB!O64+MAR!O64 -> 6 | P64: 34 | Q64: =+JAN!Q64+FEB!Q64+MAR!Q64 -> 303 | R64: =+JAN!R64+FEB!R64+MAR!R64 -> 1 | S64: =+JAN!S64+FEB!S64+MAR!S64 -> 329 | T64: =J64-P64 -> 3 | U64: =+L64+M64 -> 84 | V64: =$S64/$E64 -> 3.6555556 | W64: =$V64/$F64*100 -> 45.694444 | X64: =$S64/($L64+$M64) -> 3.9166667 | Y64: =(($F64-$V64)*$E64)/($L64+$M64) -> 4.6547619 | Z64: =($L64+$M64)/$F64 -> 10.5
C65: ANGGREK | D65: VIP | E65: =+JAN!E65+FEB!E65+MAR!E65 -> 90 | F65: =SUM(F64) -> 8 | G65: =SUM(G64) -> 4 | H65: =SUM(H64) -> 89 | I65: =SUM(I64) -> 9 | J65: 37 | K65: =SUM(K64) -> 8 | L65: =SUM(L64) -> 81 | M65: 3 | N65: =SUM(N64) -> 1 | O65: =SUM(O64) -> 6 | P65: 34 | Q65: =SUM(Q64) -> 303 | R65: =SUM(R64) -> 1 | S65: =SUM(S64) -> 329 | T65: =J65-P65 -> 3 | U65: =+L65+M65 -> 84 | V65: =$S65/$E65 -> 3.6555556 | W65: =$V65/$F65*100 -> 45.694444 | X65: =$S65/($L65+$M65) -> 3.9166667 | Y65: =(($F65-$V65)*$E65)/($L65+$M65) -> 4.6547619 | Z65: =($L65+$M65)/$F65 -> 10.5
A66: 2 | C66: NUSA INDAH | D66: VIP | E66: =+JAN!E66+FEB!E66+MAR!E66 -> 90 | F66: =MAR!F66 -> 2 | G66: ='[1]TT Per Ruang'!G45 -> 0 | H66: =+JAN!H66+FEB!H66+MAR!H66 -> 4 | I66: =+JAN!I66+FEB!I66+MAR!I66 -> 0 | J66: 1 | K66: =+JAN!K66+FEB!K66+MAR!K66 -> 2 | L66: =+JAN!L66+FEB!L66+MAR!L66 -> 2 | M66: 0 | N66: =+JAN!N66+FEB!N66+MAR!N66 -> 0 | O66: =+JAN!O66+FEB!O66+MAR!O66 -> 0 | P66: 1 | Q66: =+JAN!Q66+FEB!Q66+MAR!Q66 -> 8 | R66: =+JAN!R66+FEB!R66+MAR!R66 -> 0 | S66: =+JAN!S66+FEB!S66+MAR!S66 -> 7 | T66: =J66-P66 -> 0 | U66: =+L66+M66 -> 2 | V66: =$S66/$E66 -> 0.077777778 | W66: =$V66/$F66*100 -> 3.8888889 | X66: =$S66/($L66+$M66) -> 3.5 | Y66: =(($F66-$V66)*$E66)/($L66+$M66) -> 86.5 | Z66: =($L66+$M66)/$F66 -> 1
C67: NUSA INDAH | D67: VIP | E67: =+JAN!E67+FEB!E67+MAR!E67 -> 90 | F67: =SUM(F66) -> 2 | G67: =SUM(G66) -> 0 | H67: =SUM(H66) -> 4 | I67: =SUM(I66) -> 0 | J67: 1 | K67: =SUM(K66) -> 2 | L67: =SUM(L66) -> 2 | M67: 0 | N67: =SUM(N66) -> 0 | O67: =SUM(O66) -> 0 | P67: 1 | Q67: =SUM(Q66) -> 8 | R67: =SUM(R66) -> 0 | S67: =SUM(S66) -> 7 | T67: =J67-P67 -> 0 | U67: =+L67+M67 -> 2 | V67: =$S67/$E67 -> 0.077777778 | W67: =$V67/$F67*100 -> 3.8888889 | X67: =$S67/($L67+$M67) -> 3.5 | Y67: =(($F67-$V67)*$E67)/($L67+$M67) -> 86.5 | Z67: =($L67+$M67)/$F67 -> 1
A68: 3 | C68: BOGENVILE | D68: VIP | E68: =+JAN!E68+FEB!E68+MAR!E68 -> 90 | F68: =MAR!F68 -> 8 | G68: ='[1]TT Per Ruang'!G31 -> 6 | H68: =+JAN!H68+FEB!H68+MAR!H68 -> 99 | I68: =+JAN!I68+FEB!I68+MAR!I68 -> 29 | J68: 48 | K68: =+JAN!K68+FEB!K68+MAR!K68 -> 32 | L68: =+JAN!L68+FEB!L68+MAR!L68 -> 89 | M68: 5 | N68: =+JAN!N68+FEB!N68+MAR!N68 -> 4 | O68: =+JAN!O68+FEB!O68+MAR!O68 -> 5 | P68: 44 | Q68: =+JAN!Q68+FEB!Q68+MAR!Q68 -> 347 | R68: =+JAN!R68+FEB!R68+MAR!R68 -> 1 | S68: =+JAN!S68+FEB!S68+MAR!S68 -> 337 | T68: =J68-P68 -> 4 | U68: =+L68+M68 -> 94 | V68: =$S68/$E68 -> 3.7444444 | W68: =$V68/$F68*100 -> 46.805556 | X68: =$S68/($L68+$M68) -> 3.5851064 | Y68: =(($F68-$V68)*$E68)/($L68+$M68) -> 4.0744681 | Z68: =($L68+$M68)/$F68 -> 11.75
C69: BOGENVILE | D69: VIP | E69: =+JAN!E69+FEB!E69+MAR!E69 -> 90 | F69: =SUM(F68) -> 8 | G69: =SUM(G68) -> 6 | H69: =SUM(H68) -> 99 | I69: =SUM(I68) -> 29 | J69: 48 | K69: =SUM(K68) -> 32 | L69: =SUM(L68) -> 89 | M69: 5 | N69: =SUM(N68) -> 4 | O69: =SUM(O68) -> 5 | P69: 44 | Q69: =SUM(Q68) -> 347 | R69: =SUM(R68) -> 1 | S69: =SUM(S68) -> 337 | T69: =J69-P69 -> 4 | U69: =+L69+M69 -> 94 | V69: =$S69/$E69 -> 3.7444444 | W69: =$V69/$F69*100 -> 46.805556 | X69: =$S69/($L69+$M69) -> 3.5851064 | Y69: =(($F69-$V69)*$E69)/($L69+$M69) -> 4.0744681 | Z69: =($L69+$M69)/$F69 -> 11.75
A70: PAVILIUN | D70: VIP | E70: =+JAN!E70+FEB!E70+MAR!E70 -> 90 | F70: =+F65+F67+F69 -> 18 | G70: =+G65+G67+G69 -> 10 | H70: =+H65+H67+H69 -> 192 | I70: =+I65+I67+I69 -> 38 | J70: 86 | K70: =+K65+K67+K69 -> 42 | L70: =+L65+L67+L69 -> 172 | M70: =+N70+O70 -> 16 | N70: =+N65+N67+N69 -> 5 | O70: =+O65+O67+O69 -> 11 | P70: 79 | Q70: =+Q65+Q67+Q69 -> 658 | R70: =+R65+R67+R69 -> 2 | S70: =+S65+S67+S69 -> 673 | T70: =J70-P70 -> 7 | U70: =+L70+M70 -> 188 | V70: =$S70/$E70 -> 7.4777778 | W70: =$V70/$F70*100 -> 41.54321 | X70: =$S70/($L70+$M70) -> 3.5797872 | Y70: =(($F70-$V70)*$E70)/($L70+$M70) -> 5.037234 | Z70: =($L70+$M70)/$F70 -> 10.444444
H71: =+JAN!H70+FEB!H70 -> 119
A73: NO | B73: PELAYANAN | C73: RAWAT INAP | D73: KLAS PERAWATAN | E73: PERIODE | F73: TT (T) | G73: PX AWAL | H73: PX MASUK | I73: PX PINDAHAN | J73: JUMLAH (1+2+3) | K73: PX DI PINDAHKAN | L73: PX KELUAR HIDUP | M73: PX MATI | N73: KURANG 48 JAM | O73: LEBIH 48 JAM | P73: JUMLAH (5+6+7) | Q73: LAMA DI RAWAT | R73: PX KELUAR/MASUK HR SAMA | S73: HARI PERAWATAN | T73: Px AKHIR | U73: KUNJUNGN | V73: O | W73: BOR (O/T) | X73: LOS | Y73: TOI | Z73: BTO
V74: (TT terpakai) | W74: (75%-85%) | X74: (3-12 hari) | Y74: (1-3 hr) | Z74: (30 px)
G76: 1 | H76: 2 | I76: 3 | J76: 4 | K76: 5 | L76: 6 | M76: 7 | N76: 8 | O76: 9 | P76: 10 | Q76: 11 | R76: 12 | S76: 13 | T76: 14 | V76: 15 | W76: 16 | X76: 17 | Y76: 18 | Z76: 19
A77: 1 | B77: KELAS I | C77: ALAMANDA | D77: I | E77: =+JAN!E77+FEB!E77+MAR!E77 -> 90 | F77: =MAR!F77 -> 2 | G77: ='[1]TT Per Ruang'!G34 -> 3 | H77: =+JAN!H77+FEB!H77+MAR!H77 -> 39 | I77: =+JAN!I77+FEB!I77+MAR!I77 -> 9 | J77: 20 | K77: =+JAN!K77+FEB!K77+MAR!K77 -> 4 | L77: =+JAN!L77+FEB!L77+MAR!L77 -> 42 | M77: 1 | N77: =+JAN!N77+FEB!N77+MAR!N77 -> 1 | O77: =+JAN!O77+FEB!O77+MAR!O77 -> 2 | P77: 17 | Q77: =+JAN!Q77+FEB!Q77+MAR!Q77 -> 170 | R77: =+JAN!R77+FEB!R77+MAR!R77 -> 0 | S77: =+JAN!S77+FEB!S77+MAR!S77 -> 185 | T77: =J77-P77 -> 3 | U77: =+L77+M77 -> 43 | V77: =$S77/$E77 -> 2.0555556 | W77: =$V77/$F77*100 -> 102.77778 | X77: =$S77/($L77+$M77) -> 4.3023256 | Y77: =(($F77-$V77)*$E77)/($L77+$M77) -> -0.11627907 | Z77: =($L77+$M77)/$F77 -> 21.5
C78: ALAMANDA | D78: I | E78: =+JAN!E78+FEB!E78+MAR!E78 -> 90 | F78: =SUM(F77) -> 2 | G78: =SUM(G77) -> 3 | H78: =SUM(H77) -> 39 | I78: =SUM(I77) -> 9 | J78: 20 | K78: =SUM(K77) -> 4 | L78: =SUM(L77) -> 42 | M78: 1 | N78: =SUM(N77) -> 1 | O78: =SUM(O77) -> 2 | P78: 17 | Q78: =SUM(Q77) -> 170 | R78: =SUM(R77) -> 0 | S78: =SUM(S77) -> 185 | T78: =J78-P78 -> 3 | U78: =+L78+M78 -> 43 | V78: =$S78/$E78 -> 2.0555556 | W78: =$V78/$F78*100 -> 102.77778 | X78: =$S78/($L78+$M78) -> 4.3023256 | Y78: =(($F78-$V78)*$E78)/($L78+$M78) -> -0.11627907 | Z78: =($L78+$M78)/$F78 -> 21.5
A79: 2 | C79: NUSA INDAH | D79: I | E79: =+JAN!E79+FEB!E79+MAR!E79 -> 90 | F79: =MAR!F79 -> 13 | G79: ='[1]TT Per Ruang'!G44 -> 14 | H79: =+JAN!H79+FEB!H79+MAR!H79 -> 303 | I79: =+JAN!I79+FEB!I79+MAR!I79 -> 44 | J79: 135 | K79: =+JAN!K79+FEB!K79+MAR!K79 -> 24 | L79: =+JAN!L79+FEB!L79+MAR!L79 -> 301 | M79: 7 | N79: =+JAN!N79+FEB!N79+MAR!N79 -> 8 | O79: =+JAN!O79+FEB!O79+MAR!O79 -> 14 | P79: 128 | Q79: =+JAN!Q79+FEB!Q79+MAR!Q79 -> 1072 | R79: =+JAN!R79+FEB!R79+MAR!R79 -> 0 | S79: =+JAN!S79+FEB!S79+MAR!S79 -> 1046 | T79: =J79-P79 -> 7 | U79: =+L79+M79 -> 308 | V79: =$S79/$E79 -> 11.622222 | W79: =$V79/$F79*100 -> 89.401709 | X79: =$S79/($L79+$M79) -> 3.3961039 | Y79: =(($F79-$V79)*$E79)/($L79+$M79) -> 0.4025974 | Z79: =($L79+$M79)/$F79 -> 23.692308
C80: NUSA INDAH | D80: I | E80: =+JAN!E80+FEB!E80+MAR!E80 -> 90 | F80: =SUM(F79) -> 13 | G80: =SUM(G79) -> 14 | H80: =SUM(H79) -> 303 | I80: =SUM(I79) -> 44 | J80: 135 | K80: =SUM(K79) -> 24 | L80: =SUM(L79) -> 301 | M80: 7 | N80: =SUM(N79) -> 8 | O80: =SUM(O79) -> 14 | P80: 128 | Q80: =SUM(Q79) -> 1072 | R80: =SUM(R79) -> 0 | S80: =SUM(S79) -> 1046 | T80: =J80-P80 -> 7 | U80: =+L80+M80 -> 308 | V80: =$S80/$E80 -> 11.622222 | W80: =$V80/$F80*100 -> 89.401709 | X80: =$S80/($L80+$M80) -> 3.3961039 | Y80: =(($F80-$V80)*$E80)/($L80+$M80) -> 0.4025974 | Z80: =($L80+$M80)/$F80 -> 23.692308
A81: 3 | C81: DAHLIA IBU | D81: I | E81: =+JAN!E81+FEB!E81+MAR!E81 -> 90 | F81: =MAR!F81 -> 3 | G81: ='[1]TT Per Ruang'!G58 -> 0 | H81: =+JAN!H81+FEB!H81+MAR!H81 -> 35 | I81: =+JAN!I81+FEB!I81+MAR!I81 -> 40 | J81: 17 | K81: =+JAN!K81+FEB!K81+MAR!K81 -> 42 | L81: =+JAN!L81+FEB!L81+MAR!L81 -> 29 | M81: 0 | N81: =+JAN!N81+FEB!N81+MAR!N81 -> 0 | O81: =+JAN!O81+FEB!O81+MAR!O81 -> 0 | P81: 16 | Q81: =+JAN!Q81+FEB!Q81+MAR!Q81 -> 75 | R81: =+JAN!R81+FEB!R81+MAR!R81 -> 0 | S81: =+JAN!S81+FEB!S81+MAR!S81 -> 79 | T81: =J81-P81 -> 1 | U81: =+L81+M81 -> 29 | V81: =$S81/$E81 -> 0.87777778 | W81: =$V81/$F81*100 -> 29.259259 | X81: =$S81/($L81+$M81) -> 2.7241379 | Y81: =(($F81-$V81)*$E81)/($L81+$M81) -> 6.5862069 | Z81: =($L81+$M81)/$F81 -> 9.6666667
C82: DAHLIA BAYI | D82: I | E82: =+JAN!E82+FEB!E82+MAR!E82 -> 90 | F82: =MAR!F82 -> 0 | G82: ='[1]TT Per Ruang'!G86 -> 0 | H82: =+JAN!H82+FEB!H82+MAR!H82 -> 0 | I82: =+JAN!I82+FEB!I82+MAR!I82 -> 5 | J82: 3 | K82: =+JAN!K82+FEB!K82+MAR!K82 -> 0 | L82: =+JAN!L82+FEB!L82+MAR!L82 -> 5 | M82: 0 | N82: =+JAN!N82+FEB!N82+MAR!N82 -> 0 | O82: =+JAN!O82+FEB!O82+MAR!O82 -> 0 | P82: 2 | Q82: =+JAN!Q82+FEB!Q82+MAR!Q82 -> 8 | R82: =+JAN!R82+FEB!R82+MAR!R82 -> 0 | S82: =+JAN!S82+FEB!S82+MAR!S82 -> 5 | T82: =J82-P82 -> 1 | U82: =+L82+M82 -> 5 | V82: =$S82/$E82 -> 0.055555556 | W82: =$V82/$F82*100 -> #DIV/0! | X82: =$S82/($L82+$M82) -> 1 | Y82: =(($F82-$V82)*$E82)/($L82+$M82) -> -1 | Z82: =($L82+$M82)/$F82 -> #DIV/0!
C83: DAHLIA | D83: I | E83: =+JAN!E83+FEB!E83+MAR!E83 -> 90 | F83: =SUM(F81:F82) -> 3 | G83: =SUM(G81:G82) -> 0 | H83: =SUM(H81:H82) -> 35 | I83: =SUM(I81:I82) -> 45 | J83: 20 | K83: =SUM(K81:K82) -> 42 | L83: =SUM(L81:L82) -> 34 | M83: 0 | N83: =SUM(N81:N82) -> 0 | O83: =SUM(O81:O82) -> 0 | P83: 18 | Q83: =SUM(Q81:Q82) -> 83 | R83: =SUM(R81:R82) -> 0 | S83: =SUM(S81:S82) -> 84 | T83: =J83-P83 -> 2 | U83: =+L83+M83 -> 34 | V83: =$S83/$E83 -> 0.93333333 | W83: =$V83/$F83*100 -> 31.111111 | X83: =$S83/($L83+$M83) -> 2.4705882 | Y83: =(($F83-$V83)*$E83)/($L83+$M83) -> 5.4705882 | Z83: =($L83+$M83)/$F83 -> 11.333333
A84: 4 | C84: BOGENVILE | D84: I | E84: =+JAN!E84+FEB!E84+MAR!E84 -> 90 | F84: =MAR!F84 -> 3 | G84: ='[1]TT Per Ruang'!G30 -> 4 | H84: =+JAN!H84+FEB!H84+MAR!H84 -> 83 | I84: =+JAN!I84+FEB!I84+MAR!I84 -> 31 | J84: 46 | K84: =+JAN!K84+FEB!K84+MAR!K84 -> 19 | L84: =+JAN!L84+FEB!L84+MAR!L84 -> 94 | M84: 3 | N84: =+JAN!N84+FEB!N84+MAR!N84 -> 2 | O84: =+JAN!O84+FEB!O84+MAR!O84 -> 1 | P84: 44 | Q84: =+JAN!Q84+FEB!Q84+MAR!Q84 -> 319 | R84: =+JAN!R84+FEB!R84+MAR!R84 -> 2 | S84: =+JAN!S84+FEB!S84+MAR!S84 -> 320 | T84: =J84-P84 -> 2 | U84: =+L84+M84 -> 97 | V84: =$S84/$E84 -> 3.5555556 | W84: =$V84/$F84*100 -> 118.51852 | X84: =$S84/($L84+$M84) -> 3.2989691 | Y84: =(($F84-$V84)*$E84)/($L84+$M84) -> -0.51546392 | Z84: =($L84+$M84)/$F84 -> 32.333333
C85: BOGENVILE | D85: I | E85: =+JAN!E85+FEB!E85+MAR!E85 -> 90 | F85: =SUM(F84) -> 3 | G85: =SUM(G84) -> 4 | H85: =SUM(H84) -> 83 | I85: =SUM(I84) -> 31 | J85: 46 | K85: =SUM(K84) -> 19 | L85: =SUM(L84) -> 94 | M85: 3 | N85: =SUM(N84) -> 2 | O85: =SUM(O84) -> 1 | P85: 44 | Q85: =SUM(Q84) -> 319 | R85: =SUM(R84) -> 2 | S85: =SUM(S84) -> 320 | T85: =J85-P85 -> 2 | U85: =+L85+M85 -> 97 | V85: =$S85/$E85 -> 3.5555556 | W85: =$V85/$F85*100 -> 118.51852 | X85: =$S85/($L85+$M85) -> 3.2989691 | Y85: =(($F85-$V85)*$E85)/($L85+$M85) -> -0.51546392 | Z85: =($L85+$M85)/$F85 -> 32.333333
A86: 5 | C86: CATALYA BAWAH | D86: I | E86: =+JAN!E86+FEB!E86+MAR!E86 -> 90 | F86: =MAR!F86 -> 14 | G86: ='[1]TT Per Ruang'!G40 -> 8 | H86: =+JAN!H86+FEB!H86+MAR!H86 -> 206 | I86: =+JAN!I86+FEB!I86+MAR!I86 -> 28 | J86: 92 | K86: =+JAN!K86+FEB!K86+MAR!K86 -> 30 | L86: =+JAN!L86+FEB!L86+MAR!L86 -> 183 | M86: 3 | N86: =+JAN!N86+FEB!N86+MAR!N86 -> 10 | O86: =+JAN!O86+FEB!O86+MAR!O86 -> 5 | P86: 90 | Q86: =+JAN!Q86+FEB!Q86+MAR!Q86 -> 672 | R86: =+JAN!R86+FEB!R86+MAR!R86 -> 4 | S86: =+JAN!S86+FEB!S86+MAR!S86 -> 672 | T86: =J86-P86 -> 2 | U86: =+L86+M86 -> 186 | V86: =$S86/$E86 -> 7.4666667 | W86: =$V86/$F86*100 -> 53.333333 | X86: =$S86/($L86+$M86) -> 3.6129032 | Y86: =(($F86-$V86)*$E86)/($L86+$M86) -> 3.1612903 | Z86: =($L86+$M86)/$F86 -> 13.285714
C87: CATALYA BAWAH | D87: I | E87: =+JAN!E87+FEB!E87+MAR!E87 -> 90 | F87: =SUM(F86) -> 14 | G87: =SUM(G86) -> 8 | H87: =SUM(H86) -> 206 | I87: =SUM(I86) -> 28 | J87: 92 | K87: =SUM(K86) -> 30 | L87: =SUM(L86) -> 183 | M87: 3 | N87: =SUM(N86) -> 10 | O87: =SUM(O86) -> 5 | P87: 90 | Q87: =SUM(Q86) -> 672 | R87: =SUM(R86) -> 4 | S87: =SUM(S86) -> 672 | T87: =J87-P87 -> 2 | U87: =+L87+M87 -> 186 | V87: =$S87/$E87 -> 7.4666667 | W87: =$V87/$F87*100 -> 53.333333 | X87: =$S87/($L87+$M87) -> 3.6129032 | Y87: =(($F87-$V87)*$E87)/($L87+$M87) -> 3.1612903 | Z87: =($L87+$M87)/$F87 -> 13.285714
A88: TOTAL KELAS I | E88: =+JAN!E88+FEB!E88+MAR!E88 -> 90 | F88: =+F78+F80+F83+F85+F87 -> 35 | G88: =+G78+G80+G83+G85+G87 -> 29 | H88: =+H78+H80+H83+H85+H87 -> 666 | I88: =+I78+I80+I83+I85+I87 -> 157 | J88: 313 | K88: =+K78+K80+K83+K85+K87 -> 119 | L88: =+L78+L80+L83+L85+L87 -> 654 | M88: =+N88+O88 -> 43 | N88: =+N78+N80+N83+N85+N87 -> 21 | O88: =+O78+O80+O83+O85+O87 -> 22 | P88: 297 | Q88: =+Q78+Q80+Q83+Q85+Q87 -> 2316 | R88: =+R78+R80+R83+R85+R87 -> 6 | S88: =+S78+S80+S83+S85+S87 -> 2307 | T88: =J88-P88 -> 16 | U88: =+L88+M88 -> 697 | V88: =$S88/$E88 -> 25.633333 | W88: =$V88/$F88*100 -> 73.238095 | X88: =$S88/($L88+$M88) -> 3.3098996 | Y88: =(($F88-$V88)*$E88)/($L88+$M88) -> 1.2094692 | Z88: =($L88+$M88)/$F88 -> 19.914286
H89: =+JAN!H88+FEB!H88 -> 450
A91: NO | B91: PELAYANAN | C91: RAWAT INAP | D91: KLAS PERAWATAN | E91: PERIODE | F91: TT (T) | G91: PX AWAL | H91: PX MASUK | I91: PX PINDAHAN | J91: JUMLAH (1+2+3) | K91: PX DI PINDAHKAN | L91: PX KELUAR HIDUP | M91: PX MATI | N91: KURANG 48 JAM | O91: LEBIH 48 JAM | P91: JUMLAH (5+6+7) | Q91: LAMA DI RAWAT | R91: PX KELUAR/MASUK HR SAMA | S91: HARI PERAWATAN | T91: Px AKHIR | U91: KUNJUNGN | V91: O | W91: BOR (O/T) | X91: LOS | Y91: TOI | Z91: BTO
V92: (TT terpakai) | W92: (75%-85%) | X92: (3-12 hari) | Y92: (1-3 hr) | Z92: (30 px)
G94: 1 | H94: 2 | I94: 3 | J94: 4 | K94: 5 | L94: 6 | M94: 7 | N94: 8 | O94: 9 | P94: 10 | Q94: 11 | R94: 12 | S94: 13 | T94: 14 | V94: 15 | W94: 16 | X94: 17 | Y94: 18 | Z94: 19
A95: 1 | B95: KELAS II | C95: ALAMANDA | D95: II | E95: =+JAN!E95+FEB!E95+MAR!E95 -> 90 | F95: =MAR!F95 -> 4 | G95: ='[1]TT Per Ruang'!G35 -> 4 | H95: =+JAN!H95+FEB!H95+MAR!H95 -> 65 | I95: =+JAN!I95+FEB!I95+MAR!I95 -> 11 | J95: 33 | K95: =+JAN!K95+FEB!K95+MAR!K95 -> 3 | L95: =+JAN!L95+FEB!L95+MAR!L95 -> 69 | M95: 2 | N95: =+JAN!N95+FEB!N95+MAR!N95 -> 3 | O95: =+JAN!O95+FEB!O95+MAR!O95 -> 1 | P95: 29 | Q95: =+JAN!Q95+FEB!Q95+MAR!Q95 -> 288 | R95: =+JAN!R95+FEB!R95+MAR!R95 -> 2 | S95: =+JAN!S95+FEB!S95+MAR!S95 -> 293 | T95: =J95-P95 -> 4 | U95: =+L95+M95 -> 71 | V95: =$S95/$E95 -> 3.2555556 | W95: =$V95/$F95*100 -> 81.388889 | X95: =$S95/($L95+$M95) -> 4.1267606 | Y95: =(($F95-$V95)*$E95)/($L95+$M95) -> 0.94366197 | Z95: =($L95+$M95)/$F95 -> 17.75
C96: ALAMANDA | D96: II | E96: =+JAN!E96+FEB!E96+MAR!E96 -> 90 | F96: =SUM(F95) -> 4 | G96: =SUM(G95) -> 4 | H96: =SUM(H95) -> 65 | I96: =SUM(I95) -> 11 | J96: 33 | K96: =SUM(K95) -> 3 | L96: =SUM(L95) -> 69 | M96: 2 | N96: =SUM(N95) -> 3 | O96: =SUM(O95) -> 1 | P96: 29 | Q96: =SUM(Q95) -> 288 | R96: =SUM(R95) -> 2 | S96: =SUM(S95) -> 293 | T96: =J96-P96 -> 4 | U96: =+L96+M96 -> 71 | V96: =$S96/$E96 -> 3.2555556 | W96: =$V96/$F96*100 -> 81.388889 | X96: =$S96/($L96+$M96) -> 4.1267606 | Y96: =(($F96-$V96)*$E96)/($L96+$M96) -> 0.94366197 | Z96: =($L96+$M96)/$F96 -> 17.75
A97: 2 | C97: CATALYA ATAS | D97: II | E97: =+JAN!E97+FEB!E97+MAR!E97 -> 90 | F97: =MAR!F97 -> 8 | G97: ='[1]TT Per Ruang'!G39 -> 4 | H97: =+JAN!H97+FEB!H97+MAR!H97 -> 146 | I97: =+JAN!I97+FEB!I97+MAR!I97 -> 39 | J97: 60 | K97: =+JAN!K97+FEB!K97+MAR!K97 -> 20 | L97: =+JAN!L97+FEB!L97+MAR!L97 -> 145 | M97: 2 | N97: =+JAN!N97+FEB!N97+MAR!N97 -> 3 | O97: =+JAN!O97+FEB!O97+MAR!O97 -> 8 | P97: 56 | Q97: =+JAN!Q97+FEB!Q97+MAR!Q97 -> 479 | R97: =+JAN!R97+FEB!R97+MAR!R97 -> 3 | S97: =+JAN!S97+FEB!S97+MAR!S97 -> 420 | T97: =J97-P97 -> 4 | U97: =+L97+M97 -> 147 | V97: =$S97/$E97 -> 4.6666667 | W97: =$V97/$F97*100 -> 58.333333 | X97: =$S97/($L97+$M97) -> 2.8571429 | Y97: =(($F97-$V97)*$E97)/($L97+$M97) -> 2.0408163 | Z97: =($L97+$M97)/$F97 -> 18.375
C98: CATALYA ATAS | D98: II | E98: =+JAN!E98+FEB!E98+MAR!E98 -> 90 | F98: =SUM(F97) -> 8 | G98: =SUM(G97) -> 4 | H98: =SUM(H97) -> 146 | I98: =SUM(I97) -> 39 | J98: 60 | K98: =SUM(K97) -> 20 | L98: =SUM(L97) -> 145 | M98: 2 | N98: =SUM(N97) -> 3 | O98: =SUM(O97) -> 8 | P98: 56 | Q98: =SUM(Q97) -> 479 | R98: =SUM(R97) -> 3 | S98: =SUM(S97) -> 420 | T98: =J98-P98 -> 4 | U98: =+L98+M98 -> 147 | V98: =$S98/$E98 -> 4.6666667 | W98: =$V98/$F98*100 -> 58.333333 | X98: =$S98/($L98+$M98) -> 2.8571429 | Y98: =(($F98-$V98)*$E98)/($L98+$M98) -> 2.0408163 | Z98: =($L98+$M98)/$F98 -> 18.375
A99: 3 | C99: DAHLIA IBU | D99: II | E99: =+JAN!E99+FEB!E99+MAR!E99 -> 90 | F99: =MAR!F99 -> 8 | G99: ='[1]TT Per Ruang'!G59 -> 7 | H99: =+JAN!H99+FEB!H99+MAR!H99 -> 118 | I99: =+JAN!I99+FEB!I99+MAR!I99 -> 351 | J99: 160 | K99: =+JAN!K99+FEB!K99+MAR!K99 -> 395 | L99: =+JAN!L99+FEB!L99+MAR!L99 -> 69 | M99: 1 | N99: =+JAN!N99+FEB!N99+MAR!N99 -> 1 | O99: =+JAN!O99+FEB!O99+MAR!O99 -> 2 | P99: 158 | Q99: =+JAN!Q99+FEB!Q99+MAR!Q99 -> 181 | R99: =+JAN!R99+FEB!R99+MAR!R99 -> 3 | S99: =+JAN!S99+FEB!S99+MAR!S99 -> 499 | T99: =J99-P99 -> 2 | U99: =+L99+M99 -> 70 | V99: =$S99/$E99 -> 5.5444444 | W99: =$V99/$F99*100 -> 69.305556 | X99: =$S99/($L99+$M99) -> 7.1285714 | Y99: =(($F99-$V99)*$E99)/($L99+$M99) -> 3.1571429 | Z99: =($L99+$M99)/$F99 -> 8.75
C100: DAHLIA BAYI | D100: II | E100: =+JAN!E100+FEB!E100+MAR!E100 -> 90 | F100: =MAR!F100 -> 0 | G100: ='[1]TT Per Ruang'!G87 -> 2 | H100: =+JAN!H100+FEB!H100+MAR!H100 -> 1 | I100: =+JAN!I100+FEB!I100+MAR!I100 -> 115 | J100: 61 | K100: =+JAN!K100+FEB!K100+MAR!K100 -> 108 | L100: =+JAN!L100+FEB!L100+MAR!L100 -> 10 | M100: 0 | N100: =+JAN!N100+FEB!N100+MAR!N100 -> 0 | O100: =+JAN!O100+FEB!O100+MAR!O100 -> 0 | P100: 61 | Q100: =+JAN!Q100+FEB!Q100+MAR!Q100 -> 16 | R100: =+JAN!R100+FEB!R100+MAR!R100 -> 0 | S100: =+JAN!S100+FEB!S100+MAR!S100 -> 118 | T100: =J100-P100 -> 0 | U100: =+L100+M100 -> 10 | V100: =$S100/$E100 -> 1.3111111 | W100: =$V100/$F100*100 -> #DIV/0! | X100: =$S100/($L100+$M100) -> 11.8 | Y100: =(($F100-$V100)*$E100)/($L100+$M100) -> -11.8 | Z100: =($L100+$M100)/$F100 -> #DIV/0!
C101: DAHLIA | D101: II | E101: =+JAN!E101+FEB!E101+MAR!E101 -> 90 | F101: =SUM(F99:F100) -> 8 | G101: =SUM(G99:G100) -> 9 | H101: =SUM(H99:H100) -> 119 | I101: =SUM(I99:I100) -> 466 | J101: 221 | K101: =SUM(K99:K100) -> 503 | L101: =SUM(L99:L100) -> 79 | M101: 1 | N101: =SUM(N99:N100) -> 1 | O101: =SUM(O99:O100) -> 2 | P101: 219 | Q101: =SUM(Q99:Q100) -> 197 | R101: =SUM(R99:R100) -> 3 | S101: =SUM(S99:S100) -> 617 | T101: =J101-P101 -> 2 | U101: =+L101+M101 -> 80 | V101: =$S101/$E101 -> 6.8555556 | W101: =$V101/$F101*100 -> 85.694444 | X101: =$S101/($L101+$M101) -> 7.7125 | Y101: =(($F101-$V101)*$E101)/($L101+$M101) -> 1.2875 | Z101: =($L101+$M101)/$F101 -> 10
A102: 4 | C102: ASTER | D102: II | E102: =+JAN!E102+FEB!E102+MAR!E102 -> 90 | F102: =MAR!F102 -> 2 | G102: ='[1]TT Per Ruang'!G14 -> 2 | H102: =+JAN!H102+FEB!H102+MAR!H102 -> 43 | I102: =+JAN!I102+FEB!I102+MAR!I102 -> 17 | J102: 22 | K102: =+JAN!K102+FEB!K102+MAR!K102 -> 29 | L102: =+JAN!L102+FEB!L102+MAR!L102 -> 32 | M102: 0 | N102: =+JAN!N102+FEB!N102+MAR!N102 -> 0 | O102: =+JAN!O102+FEB!O102+MAR!O102 -> 0 | P102: 21 | Q102: =+JAN!Q102+FEB!Q102+MAR!Q102 -> 106 | R102: =+JAN!R102+FEB!R102+MAR!R102 -> 0 | S102: =+JAN!S102+FEB!S102+MAR!S102 -> 111 | T102: =J102-P102 -> 1 | U102: =+L102+M102 -> 32 | V102: =$S102/$E102 -> 1.2333333 | W102: =$V102/$F102*100 -> 61.666667 | X102: =$S102/($L102+$M102) -> 3.46875 | Y102: =(($F102-$V102)*$E102)/($L102+$M102) -> 2.15625 | Z102: =($L102+$M102)/$F102 -> 16
C103: ASTER | D103: II | E103: =+JAN!E103+FEB!E103+MAR!E103 -> 90 | F103: =SUM(F102) -> 2 | G103: =SUM(G102) -> 2 | H103: =SUM(H102) -> 43 | I103: =SUM(I102) -> 17 | J103: 22 | K103: =SUM(K102) -> 29 | L103: =SUM(L102) -> 32 | M103: 0 | N103: =SUM(N102) -> 0 | O103: =SUM(O102) -> 0 | P103: 21 | Q103: =SUM(Q102) -> 106 | R103: =SUM(R102) -> 0 | S103: =SUM(S102) -> 111 | T103: =J103-P103 -> 1 | U103: =+L103+M103 -> 32 | V103: =$S103/$E103 -> 1.2333333 | W103: =$V103/$F103*100 -> 61.666667 | X103: =$S103/($L103+$M103) -> 3.46875 | Y103: =(($F103-$V103)*$E103)/($L103+$M103) -> 2.15625 | Z103: =($L103+$M103)/$F103 -> 16
A104: TOTAL KELAS II | E104: =+JAN!E104+FEB!E104+MAR!E104 -> 90 | F104: =+F96+F98+F101+F103 -> 22 | G104: =+G96+G98+G101+G103 -> 19 | H104: =+H96+H98+H101+H103 -> 373 | I104: =+I96+I98+I101+I103 -> 533 | J104: 336 | K104: =+K96+K98+K101+K103 -> 555 | L104: =+L96+L98+L101+L103 -> 325 | M104: =+N104+O104 -> 18 | N104: =+N96+N98+N101+N103 -> 7 | O104: =+O96+O98+O101+O103 -> 11 | P104: 325 | Q104: =+Q96+Q98+Q101+Q103 -> 1070 | R104: =+R96+R98+R101+R103 -> 8 | S104: =+S96+S98+S101+S103 -> 1441 | T104: =J104-P104 -> 11 | U104: =+L104+M104 -> 343 | V104: =$S104/$E104 -> 16.011111 | W104: =$V104/$F104*100 -> 72.777778 | X104: =$S104/($L104+$M104) -> 4.2011662 | Y104: =(($F104-$V104)*$E104)/($L104+$M104) -> 1.5714286 | Z104: =($L104+$M104)/$F104 -> 15.590909
H105: =+JAN!H104+FEB!H104 -> 218
A107: NO | B107: PELAYANAN | C107: RAWAT INAP | D107: KLAS PERAWATAN | E107: PERIODE | F107: TT (T) | G107: PX AWAL | H107: PX MASUK | I107: PX PINDAHAN | J107: JUMLAH (1+2+3) | K107: PX DI PINDAHKAN | L107: PX KELUAR HIDUP | M107: PX MATI | N107: KURANG 48 JAM | O107: LEBIH 48 JAM | P107: JUMLAH (5+6+7) | Q107: LAMA DI RAWAT | R107: PX KELUAR/MASUK HR SAMA | S107: HARI PERAWATAN | T107: Px AKHIR | U107: KUNJUNGN | V107: O | W107: BOR (O/T) | X107: LOS | Y107: TOI | Z107: BTO
V108: (TT terpakai) | W108: (75%-85%) | X108: (3-12 hari) | Y108: (1-3 hr) | Z108: (30 px)
G110: 1 | H110: 2 | I110: 3 | J110: 4 | K110: 5 | L110: 6 | M110: 7 | N110: 8 | O110: 9 | P110: 10 | Q110: 11 | R110: 12 | S110: 13 | T110: 14 | V110: 15 | W110: 16 | X110: 17 | Y110: 18 | Z110: 19
A111: 1 | B111: KELAS III | C111: ALAMANDA | D111: III | E111: =+JAN!E111+FEB!E111+MAR!E111 -> 90 | F111: =MAR!F111 -> 12 | G111: ='[1]TT Per Ruang'!G36 -> 7 | H111: =+JAN!H111+FEB!H111+MAR!H111 -> 217 | I111: =+JAN!I111+FEB!I111+MAR!I111 -> 25 | J111: 91 | K111: =+JAN!K111+FEB!K111+MAR!K111 -> 6 | L111: =+JAN!L111+FEB!L111+MAR!L111 -> 214 | M111: 4 | N111: =+JAN!N111+FEB!N111+MAR!N111 -> 6 | O111: =+JAN!O111+FEB!O111+MAR!O111 -> 11 | P111: 82 | Q111: =+JAN!Q111+FEB!Q111+MAR!Q111 -> 867 | R111: =+JAN!R111+FEB!R111+MAR!R111 -> 2 | S111: =+JAN!S111+FEB!S111+MAR!S111 -> 855 | T111: =J111-P111 -> 9 | U111: =+L111+M111 -> 218 | V111: =$S111/$E111 -> 9.5 | W111: =$V111/$F111*100 -> 79.166667 | X111: =$S111/($L111+$M111) -> 3.9220183 | Y111: =(($F111-$V111)*$E111)/($L111+$M111) -> 1.0321101 | Z111: =($L111+$M111)/$F111 -> 18.166667
C112: ALAMANDA | D112: III | E112: =+JAN!E112+FEB!E112+MAR!E112 -> 90 | F112: =SUM(F111) -> 12 | G112: =SUM(G111) -> 7 | H112: =SUM(H111) -> 217 | I112: =SUM(I111) -> 25 | J112: 91 | K112: =SUM(K111) -> 6 | L112: =SUM(L111) -> 214 | M112: 4 | N112: =SUM(N111) -> 6 | O112: =SUM(O111) -> 11 | P112: 82 | Q112: =SUM(Q111) -> 867 | R112: =SUM(R111) -> 2 | S112: =SUM(S111) -> 855 | T112: =J112-P112 -> 9 | U112: =+L112+M112 -> 218 | V112: =$S112/$E112 -> 9.5 | W112: =$V112/$F112*100 -> 79.166667 | X112: =$S112/($L112+$M112) -> 3.9220183 | Y112: =(($F112-$V112)*$E112)/($L112+$M112) -> 1.0321101 | Z112: =($L112+$M112)/$F112 -> 18.166667
A113: 2 | C113: LAVENDER | D113: III | E113: =+JAN!E113+FEB!E113+MAR!E113 -> 90 | F113: =MAR!F113 -> 14 | G113: ='[1]TT Per Ruang'!G55 -> 17 | H113: =+JAN!H113+FEB!H113+MAR!H113 -> 370 | I113: =+JAN!I113+FEB!I113+MAR!I113 -> 39 | J113: 163 | K113: =+JAN!K113+FEB!K113+MAR!K113 -> 37 | L113: =+JAN!L113+FEB!L113+MAR!L113 -> 335 | M113: 9 | N113: =+JAN!N113+FEB!N113+MAR!N113 -> 19 | O113: =+JAN!O113+FEB!O113+MAR!O113 -> 19 | P113: 148 | Q113: =+JAN!Q113+FEB!Q113+MAR!Q113 -> 1336 | R113: =+JAN!R113+FEB!R113+MAR!R113 -> 3 | S113: =+JAN!S113+FEB!S113+MAR!S113 -> 1336 | T113: =J113-P113 -> 15 | U113: =+L113+M113 -> 344 | V113: =$S113/$E113 -> 14.844444 | W113: =$V113/$F113*100 -> 106.03175 | X113: =$S113/($L113+$M113) -> 3.8837209 | Y113: =(($F113-$V113)*$E113)/($L113+$M113) -> -0.22093023 | Z113: =($L113+$M113)/$F113 -> 24.571429
...

Sheet APR
A1: DATA PELAYANAN RI RSD Dr.SOEBANDI JEMBER
A2: BULAN : APRIL 2026
A3: NO | B3: PELAYANAN | C3: RAWAT INAP | D3: KLAS PERAWATAN | E3: PERIODE | F3: TT (T) | G3: PX AWAL | H3: PX MASUK | I3: PX PINDAHAN | J3: JUMLAH (1+2+3) | K3: PX DI PINDAHKAN | L3: PX KELUAR HIDUP | M3: PX MATI | N3: KURANG 48 JAM | O3: LEBIH 48 JAM | P3: JUMLAH (5+6+7) | Q3: LAMA DI RAWAT | R3: PX KELUAR/MASUK HR SAMA | S3: HARI PERAWATAN | T3: Px AKHIR | U3: KUNJUNGN | V3: O | W3: BOR (O/T) | X3: LOS | Y3: TOI | Z3: BTO
V4: (TT terpakai) | W4: (75%-85%) | X4: (3-12 hari) | Y4: (1-3 hr) | Z4: (30 px)
G6: 1 | H6: 2 | I6: 3 | J6: 4 | K6: 5 | L6: 6 | M6: 7 | N6: 8 | O6: 9 | P6: 10 | Q6: 11 | R6: 12 | S6: 13 | T6: 14 | V6: 15 | W6: 16 | X6: 17 | Y6: 18 | Z6: 19
A7: 1 | B7: INTENSIVE | C7: ICU | D7: I | E7: 30 | F7: 14 | G7: 10 | H7: 11 | I7: 111 | J7: 132 | K7: 103 | L7: 0 | M7: 18 | N7: 5 | O7: 13 | P7: 121 | Q7: 114 | R7: 0 | S7: 305 | T7: 11 | U7: 18 | V7: 10.166667 | W7: 72.619048 | X7: 16.944444 | Y7: 6.3888889 | Z7: 1.2857143
C8: ICU | D8: I | E8: 30 | F8: 14 | G8: 10 | H8: 11 | I8: 111 | J8: 132 | K8: 103 | L8: 0 | M8: 18 | N8: 5 | O8: 13 | P8: 121 | Q8: 114 | R8: 0 | S8: 305 | T8: 11 | U8: 18 | V8: 10.166667 | W8: 72.619048 | X8: 16.944444 | Y8: 6.3888889 | Z8: 1.2857143
A9: 2 | C9: ICCU | D9: I | E9: 30 | F9: 5 | G9: 5 | H9: 64 | I9: 8 | J9: 77 | K9: 65 | L9: 0 | M9: 9 | N9: 8 | O9: 1 | P9: 74 | Q9: 13 | R9: 3 | S9: 105 | T9: 3 | U9: 9 | V9: 3.5 | W9: 70 | X9: 11.666667 | Y9: 5 | Z9: 1.8
C10: ICCU | D10: I | E10: 30 | F10: 5 | G10: 5 | H10: 64 | I10: 8 | J10: 77 | K10: 65 | L10: 0 | M10: 9 | N10: 8 | O10: 1 | P10: 74 | Q10: 13 | R10: 3 | S10: 105 | T10: 3 | U10: 9 | V10: 3.5 | W10: 70 | X10: 11.666667 | Y10: 5 | Z10: 1.8
A11: 3 | C11: PICU | D11: I | E11: 30 | F11: 3 | G11: 3 | H11: 4 | I11: 18 | J11: 25 | K11: 20 | L11: 0 | M11: 4 | N11: 1 | O11: 3 | P11: 24 | Q11: 23 | R11: 0 | S11: 67 | T11: 1 | U11: 4 | V11: 2.2333333 | W11: 74.444444 | X11: 16.75 | Y11: 5.75 | Z11: 1.3333333
C12: PICU | D12: I | E12: 30 | F12: 3 | G12: 3 | H12: 4 | I12: 18 | J12: 25 | K12: 20 | L12: 0 | M12: 4 | N12: 1 | O12: 3 | P12: 24 | Q12: 23 | R12: 0 | S12: 67 | T12: 1 | U12: 4 | V12: 2.2333333 | W12: 74.444444 | X12: 16.75 | Y12: 5.75 | Z12: 1.3333333
A13: 4 | C13: NICU | D13: I | E13: 30 | F13: 5 | G13: 5 | H13: 17 | I13: 18 | J13: 40 | K13: 21 | L13: 0 | M13: 15 | N13: 7 | O13: 8 | P13: 36 | Q13: 93 | R13: 4 | S13: 126 | T13: 4 | U13: 15 | V13: 4.2 | W13: 84 | X13: 8.4 | Y13: 1.6 | Z13: 3
C14: NICU | D14: I | E14: 30 | F14: 5 | G14: 5 | H14: 17 | I14: 18 | J14: 40 | K14: 21 | L14: 0 | M14: 15 | N14: 7 | O14: 8 | P14: 36 | Q14: 93 | R14: 4 | S14: 126 | T14: 4 | U14: 15 | V14: 4.2 | W14: 84 | X14: 8.4 | Y14: 1.6 | Z14: 3
A15: 5 | C15: ICU MEDICAL | D15: I | E15: 30 | F15: 4 | G15: 1 | H15: 21 | I15: 9 | J15: 31 | K15: 20 | L15: 0 | M15: 8 | N15: 5 | O15: 3 | P15: 28 | Q15: 39 | R15: 3 | S15: 71 | T15: 3 | U15: 8 | V15: 2.3666667 | W15: 59.166667 | X15: 8.875 | Y15: 6.125 | Z15: 2
C16: ICU MEDICAL | D16: I | E16: 30 | F16: 4 | G16: 1 | H16: 21 | I16: 9 | J16: 31 | K16: 20 | L16: 0 | M16: 8 | N16: 5 | O16: 3 | P16: 28 | Q16: 39 | R16: 3 | S16: 71 | T16: 3 | U16: 8 | V16: 2.3666667 | W16: 59.166667 | X16: 8.875 | Y16: 6.125 | Z16: 2
A17: 6 | C17: RICU ED | D17: I | E17: 30 | F17: 2 | G17: 1 | H17: 10 | I17: 4 | J17: 15 | K17: 8 | L17: 0 | M17: 6 | N17: 2 | O17: 4 | P17: 14 | Q17: 20 | R17: 0 | S17: 36 | T17: 1 | U17: 6 | V17: 1.2 | W17: 60 | X17: 6 | Y17: 4 | Z17: 3
C18: RICU ED | E18: 30 | F18: 2 | G18: 1 | H18: 10 | I18: 4 | J18: 15 | K18: 8 | L18: 0 | M18: 6 | N18: 2 | O18: 4 | P18: 14 | Q18: 20 | R18: 0 | S18: 36 | T18: 1 | U18: 6 | V18: 1.2 | W18: 60 | X18: 6 | Y18: 4 | Z18: 3
A19: 7 | C19: HCU MELATI BAWAH | D19: II | E19: 30 | F19: 15 | G19: 14 | H19: 97 | I19: 26 | J19: 137 | K19: 21 | L19: 86 | M19: 16 | N19: 10 | O19: 6 | P19: 123 | Q19: 624 | R19: 1 | S19: 419 | T19: 14 | U19: 102 | V19: 13.966667 | W19: 93.111111 | X19: 4.1078431 | Y19: 0.30392157 | Z19: 6.8
C20: HCU MELATI BAWAH | D20: II | E20: 30 | F20: 15 | G20: 14 | H20: 97 | I20: 26 | J20: 137 | K20: 21 | L20: 86 | M20: 16 | N20: 10 | O20: 6 | P20: 123 | Q20: 624 | R20: 1 | S20: 419 | T20: 14 | U20: 102 | V20: 13.966667 | W20: 93.111111 | X20: 4.1078431 | Y20: 0.30392157 | Z20: 6.8
A21: TOTAL INTENSIVE | E21: 30 | F21: 48 | G21: 39 | H21: 224 | I21: 194 | J21: 457 | K21: 258 | L21: 86 | M21: 76 | N21: 38 | O21: 38 | P21: 420 | Q21: 926 | R21: 11 | S21: 1129 | T21: 37 | U21: 162 | V21: 37.633333 | W21: 78.402778 | X21: 6.9691358 | Y21: 1.9197531 | Z21: 3.375
A24: NO | B24: PELAYANAN | C24: RAWAT INAP | D24: KLAS PERAWATAN | E24: PERIODE | F24: TT (T) | G24: PX AWAL | H24: PX MASUK | I24: PX PINDAHAN | J24: JUMLAH (1+2+3) | K24: PX DI PINDAHKAN | L24: PX KELUAR HIDUP | M24: PX MATI | N24: KURANG 48 JAM | O24: LEBIH 48 JAM | P24: JUMLAH (5+6+7) | Q24: LAMA DI RAWAT | R24: PX KELUAR/MASUK HR SAMA | S24: HARI PERAWATAN | T24: Px AKHIR | U24: KUNJUNGN | V24: O | W24: BOR (O/T) | X24: LOS | Y24: TOI | Z24: BTO
V25: (TT terpakai) | W25: (75%-85%) | X25: (3-12 hari) | Y25: (1-3 hr) | Z25: (30 px)
G27: 1 | H27: 2 | I27: 3 | J27: 4 | K27: 5 | L27: 6 | M27: 7 | N27: 8 | O27: 9 | P27: 10 | Q27: 11 | R27: 12 | S27: 13 | T27: 14 | V27: 15 | W27: 16 | X27: 17 | Y27: 18 | Z27: 19
A28: 1 | B28: ISOLASI | C28: SAKURA | D28: TB MDR II | E28: 30 | F28: 2 | G28: 1 | H28: 0 | I28: 1 | J28: 2 | K28: 0 | L28: 2 | M28: 0 | N28: 0 | O28: 0 | P28: 2 | Q28: 9 | R28: 0 | S28: 1 | T28: 0 | U28: 2 | V28: 0.033333333 | W28: 1.6666667 | X28: 0.5 | Y28: 29.5 | Z28: 1
C29: SAKURA | D29: TB MDR III | E29: 30 | F29: 3 | G29: 0 | H29: 13 | I29: 1 | J29: 14 | K29: 2 | L29: 6 | M29: 5 | N29: 3 | O29: 2 | P29: 13 | Q29: 34 | R29: 0 | S29: 35 | T29: 1 | U29: 11 | V29: 1.1666667 | W29: 38.888889 | X29: 3.1818182 | Y29: 5 | Z29: 3.6666667
C30: SAKURA | D30: TB PARU II | E30: 30 | F30: 2 | G30: 0 | H30: 5 | I30: 1 | J30: 6 | K30: 1 | L30: 1 | M30: 3 | N30: 1 | O30: 2 | P30: 5 | Q30: 18 | R30: 0 | S30: 19 | T30: 1 | U30: 4 | V30: 0.63333333 | W30: 31.666667 | X30: 4.75 | Y30: 10.25 | Z30: 2
C31: SAKURA | D31: TB PARU III | E31: 30 | F31: 10 | G31: 5 | H31: 56 | I31: 7 | J31: 68 | K31: 6 | L31: 45 | M31: 8 | N31: 3 | O31: 5 | P31: 59 | Q31: 249 | R31: 2 | S31: 250 | T31: 9 | U31: 53 | V31: 8.3333333 | W31: 83.333333 | X31: 4.7169811 | Y31: 0.94339623 | Z31: 5.3
C32: SAKURA | E32: 30 | F32: 17 | G32: 6 | H32: 74 | I32: 10 | J32: 90 | K32: 9 | L32: 54 | M32: 16 | N32: 7 | O32: 9 | P32: 79 | Q32: 310 | R32: 2 | S32: 305 | T32: 11 | U32: 70 | V32: 10.166667 | W32: 59.803922 | X32: 4.3571429 | Y32: 2.9285714 | Z32: 4.1176471
A33: 2 | C33: CATALYA | D33: ISOLASI | E33: 30 | F33: 6 | G33: 0 | H33: 0 | I33: 0 | J33: 0 | K33: 0 | L33: 0 | M33: 0 | N33: 0 | O33: 0 | P33: 0 | Q33: 0 | R33: 0 | S33: 0 | T33: 0 | U33: 0 | V33: 0 | W33: 0 | X33: #DIV/0! | Y33: #DIV/0! | Z33: 0
C34: CATALYA | E34: 30 | F34: 6 | G34: 0 | H34: 0 | I34: 0 | J34: 0 | K34: 0 | L34: 0 | M34: 0 | N34: 0 | O34: 0 | P34: 0 | Q34: 0 | R34: 0 | S34: 0 | T34: 0 | U34: 0 | V34: 0 | W34: 0 | X34: #DIV/0! | Y34: #DIV/0! | Z34: 0
A35: 3 | C35: LAVENDER | D35: III | E35: 30 | F35: 4 | G35: 0 | H35: 0 | I35: 0 | J35: 0 | K35: 0 | L35: 0 | M35: 0 | N35: 0 | O35: 0 | P35: 0 | Q35: 0 | R35: 0 | S35: 0 | T35: 0 | U35: 0 | V35: 0 | W35: 0 | X35: #DIV/0! | Y35: #DIV/0! | Z35: 0
C36: LAVENDER | E36: 30 | F36: 4 | G36: 0 | H36: 0 | I36: 0 | J36: 0 | K36: 0 | L36: 0 | M36: 0 | N36: 0 | O36: 0 | P36: 0 | Q36: 0 | R36: 0 | S36: 0 | T36: 0 | U36: 0 | V36: 0 | W36: 0 | X36: #DIV/0! | Y36: #DIV/0! | Z36: 0
A37: 4 | C37: NUSA INDAH | D37: I | E37: 30 | F37: 2 | G37: 0 | H37: 0 | I37: 0 | J37: 0 | K37: 0 | L37: 0 | M37: 0 | N37: 0 | O37: 0 | P37: 0 | Q37: 0 | R37: 0 | S37: 0 | T37: 0 | U37: 0 | V37: 0 | W37: 0 | X37: #DIV/0! | Y37: #DIV/0! | Z37: 0
C38: NUSA INDAH | E38: 30 | F38: 2 | G38: 0 | H38: 0 | I38: 0 | J38: 0 | K38: 0 | L38: 0 | M38: 0 | N38: 0 | O38: 0 | P38: 0 | Q38: 0 | R38: 0 | S38: 0 | T38: 0 | U38: 0 | V38: 0 | W38: 0 | X38: #DIV/0! | Y38: #DIV/0! | Z38: 0
A39: 5 | C39: MAWAR | D39: III | E39: 30 | F39: 4 | G39: 0 | H39: 0 | I39: 0 | J39: 0 | K39: 0 | L39: 0 | M39: 0 | N39: 0 | O39: 0 | P39: 0 | Q39: 0 | R39: 0 | S39: 0 | T39: 0 | U39: 0 | V39: 0 | W39: 0 | X39: #DIV/0! | Y39: #DIV/0! | Z39: 0
C40: MAWAR | E40: 30 | F40: 4 | G40: 0 | H40: 0 | I40: 0 | J40: 0 | K40: 0 | L40: 0 | M40: 0 | N40: 0 | O40: 0 | P40: 0 | Q40: 0 | R40: 0 | S40: 0 | T40: 0 | U40: 0 | V40: 0 | W40: 0 | X40: #DIV/0! | Y40: #DIV/0! | Z40: 0
A41: 6 | C41: BOGENVILE | D41: I | E41: 30 | F41: 1 | G41: 0 | H41: 0 | I41: 0 | J41: 0 | K41: 0 | L41: 0 | M41: 0 | N41: 0 | O41: 0 | P41: 0 | Q41: 0 | R41: 0 | S41: 0 | T41: 0 | U41: 0 | V41: 0 | W41: 0 | X41: #DIV/0! | Y41: #DIV/0! | Z41: 0
C42: BOGENVILE | E42: 30 | F42: 1 | G42: 0 | H42: 0 | I42: 0 | J42: 0 | K42: 0 | L42: 0 | M42: 0 | N42: 0 | O42: 0 | P42: 0 | Q42: 0 | R42: 0 | S42: 0 | T42: 0 | U42: 0 | V42: 0 | W42: 0 | X42: #DIV/0! | Y42: #DIV/0! | Z42: 0
A43: 7 | C43: MELATI ATAS | D43: III | E43: 30 | F43: 4 | G43: 0 | H43: 0 | I43: 0 | J43: 0 | K43: 0 | L43: 0 | M43: 0 | N43: 0 | O43: 0 | P43: 0 | Q43: 0 | R43: 0 | S43: 0 | T43: 0 | U43: 0 | V43: 0 | W43: 0 | X43: #DIV/0! | Y43: #DIV/0! | Z43: 0
C44: MELATI ATAS | E44: 30 | F44: 4 | G44: 0 | H44: 0 | I44: 0 | J44: 0 | K44: 0 | L44: 0 | M44: 0 | N44: 0 | O44: 0 | P44: 0 | Q44: 0 | R44: 0 | S44: 0 | T44: 0 | U44: 0 | V44: 0 | W44: 0 | X44: #DIV/0! | Y44: #DIV/0! | Z44: 0
A45: 8 | C45: ALAMANDA | D45: III | E45: 30 | F45: 1 | G45: 1 | H45: 0 | I45: 0 | J45: 1 | K45: 1 | L45: 0 | M45: 0 | N45: 0 | O45: 0 | P45: 1 | Q45: 0 | R45: 0 | S45: 0 | T45: 0 | U45: 0 | V45: 0 | W45: 0 | X45: #DIV/0! | Y45: #DIV/0! | Z45: 0
C46: ALAMANDA | E46: 30 | F46: 1 | G46: 1 | H46: 0 | I46: 0 | J46: 1 | K46: 1 | L46: 0 | M46: 0 | N46: 0 | O46: 0 | P46: 1 | Q46: 0 | R46: 0 | S46: 0 | T46: 0 | U46: 0 | V46: 0 | W46: 0 | X46: #DIV/0! | Y46: #DIV/0! | Z46: 0
A47: 9 | C47: ASTER | D47: III | E47: 30 | F47: 5 | G47: 5 | H47: 24 | I47: 6 | J47: 35 | K47: 2 | L47: 29 | M47: 0 | N47: 0 | O47: 0 | P47: 31 | Q47: 139 | R47: 0 | S47: 116 | T47: 4 | U47: 29 | V47: 3.8666667 | W47: 77.333333 | X47: 4 | Y47: 1.1724138 | Z47: 5.8
C48: ASTER | E48: 30 | F48: 5 | G48: 5 | H48: 24 | I48: 6 | J48: 35 | K48: 2 | L48: 29 | M48: 0 | N48: 0 | O48: 0 | P48: 31 | Q48: 139 | R48: 0 | S48: 116 | T48: 4 | U48: 29 | V48: 3.8666667 | W48: 77.333333 | X48: 4 | Y48: 1.1724138 | Z48: 5.8
A49: TOTAL ISOLASI | E49: 30 | F49: 44 | G49: 12 | H49: 98 | I49: 16 | J49: 126 | K49: 12 | L49: 83 | M49: 16 | N49: 7 | O49: 9 | P49: 111 | Q49: 449 | R49: 2 | S49: 421 | T49: 15 | U49: 99 | V49: 14.033333 | W49: 31.893939 | X49: 4.2525253 | Y49: 9.0808081 | Z49: 2.25
A52: NO | B52: PELAYANAN | C52: RAWAT INAP | D52: KLAS PERAWATAN | E52: PERIODE | F52: TT (T) | G52: PX AWAL | H52: PX MASUK | I52: PX PINDAHAN | J52: JUMLAH (1+2+3) | K52: PX DI PINDAHKAN | L52: PX KELUAR HIDUP | M52: PX MATI | N52: KURANG 48 JAM | O52: LEBIH 48 JAM | P52: JUMLAH (5+6+7) | Q52: LAMA DI RAWAT | R52: PX KELUAR/MASUK HR SAMA | S52: HARI PERAWATAN | T52: Px AKHIR | U52: KUNJUNGN | V52: O | W52: BOR (O/T) | X52: LOS | Y52: TOI | Z52: BTO
V53: (TT terpakai) | W53: (75%-85%) | X53: (3-12 hari) | Y53: (1-3 hr) | Z53: (30 px)
G55: 1 | H55: 2 | I55: 3 | J55: 4 | K55: 5 | L55: 6 | M55: 7 | N55: 8 | O55: 9 | P55: 10 | Q55: 11 | R55: 12 | S55: 13 | T55: 14 | V55: 15 | W55: 16 | X55: 17 | Y55: 18 | Z55: 19
A56: 1 | B56: PERISTI | C56: PERINATOLOGI | D56: II | E56: 30 | F56: 30 | G56: 28 | H56: 194 | I56: 20 | J56: 242 | K56: 95 | L56: 118 | M56: 7 | N56: 5 | O56: 2 | P56: 220 | Q56: 701 | R56: 0 | S56: 719 | T56: 22 | U56: 125 | V56: 23.966667 | W56: 79.888889 | X56: 5.752 | Y56: 1.448 | Z56: 4.1666667
A57: PERINATOLOGI | E57: 30 | F57: 30 | G57: 28 | H57: 194 | I57: 20 | J57: 242 | K57: 95 | L57: 118 | M57: 7 | N57: 5 | O57: 2 | P57: 220 | Q57: 701 | R57: 0 | S57: 719 | T57: 22 | U57: 125 | V57: 23.966667 | W57: 79.888889 | X57: 5.752 | Y57: 1.448 | Z57: 4.1666667
A60: NO | B60: PELAYANAN | C60: RAWAT INAP | D60: KLAS PERAWATAN | E60: PERIODE | F60: TT (T) | G60: PX AWAL | H60: PX MASUK | I60: PX PINDAHAN | J60: JUMLAH (1+2+3) | K60: PX DI PINDAHKAN | L60: PX KELUAR HIDUP | M60: PX MATI | N60: KURANG 48 JAM | O60: LEBIH 48 JAM | P60: JUMLAH (5+6+7) | Q60: LAMA DI RAWAT | R60: PX KELUAR/MASUK HR SAMA | S60: HARI PERAWATAN | T60: Px AKHIR | U60: KUNJUNGN | V60: O | W60: BOR (O/T) | X60: LOS | Y60: TOI | Z60: BTO
V61: (TT terpakai) | W61: (75%-85%) | X61: (3-12 hari) | Y61: (1-3 hr) | Z61: (30 px)
G63: 1 | H63: 2 | I63: 3 | J63: 4 | K63: 5 | L63: 6 | M63: 7 | N63: 8 | O63: 9 | P63: 10 | Q63: 11 | R63: 12 | S63: 13 | T63: 14 | V63: 15 | W63: 16 | X63: 17 | Y63: 18 | Z63: 19
A64: 1 | B64: PAVILIUN | C64: ANGGREK | D64: VIP | E64: 30 | F64: 8 | G64: 6 | H64: 38 | I64: 2 | J64: 46 | K64: 2 | L64: 40 | M64: 0 | N64: 0 | O64: 0 | P64: 42 | Q64: 155 | R64: 0 | S64: 139 | T64: 4 | U64: 40 | V64: 4.6333333 | W64: 57.916667 | X64: 3.475 | Y64: 2.525 | Z64: 5
C65: ANGGREK | D65: VIP | E65: 30 | F65: 8 | G65: 6 | H65: 38 | I65: 2 | J65: 46 | K65: 2 | L65: 40 | M65: 0 | N65: 0 | O65: 0 | P65: 42 | Q65: 155 | R65: 0 | S65: 139 | T65: 4 | U65: 40 | V65: 4.6333333 | W65: 57.916667 | X65: 3.475 | Y65: 2.525 | Z65: 5
A66: 2 | C66: NUSA INDAH | D66: VIP | E66: 30 | F66: 2 | G66: 0 | H66: 3 | I66: 1 | J66: 4 | K66: 1 | L66: 3 | M66: 0 | N66: 0 | O66: 0 | P66: 4 | Q66: 14 | R66: 0 | S66: 12 | T66: 0 | U66: 3 | V66: 0.4 | W66: 20 | X66: 4 | Y66: 16 | Z66: 1.5
C67: NUSA INDAH | D67: VIP | E67: 30 | F67: 2 | G67: 0 | H67: 3 | I67: 1 | J67: 4 | K67: 1 | L67: 3 | M67: 0 | N67: 0 | O67: 0 | P67: 4 | Q67: 14 | R67: 0 | S67: 12 | T67: 0 | U67: 3 | V67: 0.4 | W67: 20 | X67: 4 | Y67: 16 | Z67: 1.5
A68: 3 | C68: BOGENVILE | D68: VIP | E68: 30 | F68: 8 | G68: 4 | H68: 37 | I68: 8 | J68: 49 | K68: 9 | L68: 34 | M68: 0 | N68: 0 | O68: 0 | P68: 43 | Q68: 117 | R68: 0 | S68: 129 | T68: 6 | U68: 34 | V68: 4.3 | W68: 53.75 | X68: 3.7941176 | Y68: 3.2647059 | Z68: 4.25
C69: BOGENVILE | D69: VIP | E69: 30 | F69: 8 | G69: 4 | H69: 37 | I69: 8 | J69: 49 | K69: 9 | L69: 34 | M69: 0 | N69: 0 | O69: 0 | P69: 43 | Q69: 117 | R69: 0 | S69: 129 | T69: 6 | U69: 34 | V69: 4.3 | W69: 53.75 | X69: 3.7941176 | Y69: 3.2647059 | Z69: 4.25
A70: PAVILIUN | D70: VIP | E70: 30 | F70: 18 | G70: 10 | H70: 78 | I70: 11 | J70: 99 | K70: 12 | L70: 77 | M70: 0 | N70: 0 | O70: 0 | P70: 89 | Q70: 286 | R70: 0 | S70: 280 | T70: 10 | U70: 77 | V70: 9.3333333 | W70: 51.851852 | X70: 3.6363636 | Y70: 3.3766234 | Z70: 4.2777778
A73: NO | B73: PELAYANAN | C73: RAWAT INAP | D73: KLAS PERAWATAN | E73: PERIODE | F73: TT (T) | G73: PX AWAL | H73: PX MASUK | I73: PX PINDAHAN | J73: JUMLAH (1+2+3) | K73: PX DI PINDAHKAN | L73: PX KELUAR HIDUP | M73: PX MATI | N73: KURANG 48 JAM | O73: LEBIH 48 JAM | P73: JUMLAH (5+6+7) | Q73: LAMA DI RAWAT | R73: PX KELUAR/MASUK HR SAMA | S73: HARI PERAWATAN | T73: Px AKHIR | U73: KUNJUNGN | V73: O | W73: BOR (O/T) | X73: LOS | Y73: TOI | Z73: BTO
V74: (TT terpakai) | W74: (75%-85%) | X74: (3-12 hari) | Y74: (1-3 hr) | Z74: (30 px)
G76: 1 | H76: 2 | I76: 3 | J76: 4 | K76: 5 | L76: 6 | M76: 7 | N76: 8 | O76: 9 | P76: 10 | Q76: 11 | R76: 12 | S76: 13 | T76: 14 | V76: 15 | W76: 16 | X76: 17 | Y76: 18 | Z76: 19
A77: 1 | B77: KELAS I | C77: ALAMANDA | D77: I | E77: 30 | F77: 2 | G77: 2 | H77: 16 | I77: 12 | J77: 30 | K77: 4 | L77: 22 | M77: 2 | N77: 1 | O77: 1 | P77: 28 | Q77: 97 | R77: 0 | S77: 74 | T77: 2 | U77: 24 | V77: 2.4666667 | W77: 123.33333 | X77: 3.0833333 | Y77: -0.58333333 | Z77: 12
C78: ALAMANDA | D78: I | E78: 30 | F78: 2 | G78: 2 | H78: 16 | I78: 12 | J78: 30 | K78: 4 | L78: 22 | M78: 2 | N78: 1 | O78: 1 | P78: 28 | Q78: 97 | R78: 0 | S78: 74 | T78: 2 | U78: 24 | V78: 2.4666667 | W78: 123.33333 | X78: 3.0833333 | Y78: -0.58333333 | Z78: 12
A79: 2 | C79: NUSA INDAH | D79: I | E79: 30 | F79: 13 | G79: 14 | H79: 112 | I79: 10 | J79: 136 | K79: 5 | L79: 115 | M79: 6 | N79: 3 | O79: 3 | P79: 126 | Q79: 452 | R79: 1 | S79: 393 | T79: 10 | U79: 121 | V79: 13.1 | W79: 100.76923 | X79: 3.2479339 | Y79: -0.024793388 | Z79: 9.3076923
C80: NUSA INDAH | D80: I | E80: 30 | F80: 13 | G80: 14 | H80: 112 | I80: 10 | J80: 136 | K80: 5 | L80: 115 | M80: 6 | N80: 3 | O80: 3 | P80: 126 | Q80: 452 | R80: 1 | S80: 393 | T80: 10 | U80: 121 | V80: 13.1 | W80: 100.76923 | X80: 3.2479339 | Y80: -0.024793388 | Z80: 9.3076923
A81: 3 | C81: DAHLIA IBU | D81: I | E81: 30 | F81: 3 | G81: 4 | H81: 30 | I81: 27 | J81: 61 | K81: 48 | L81: 12 | M81: 1 | N81: 0 | O81: 1 | P81: 61 | Q81: 41 | R81: 0 | S81: 41 | T81: 0 | U81: 13 | V81: 1.3666667 | W81: 45.555556 | X81: 3.1538462 | Y81: 3.7692308 | Z81: 4.3333333
C82: DAHLIA BAYI | D82: I | E82: 30 | F82: 0 | G82: 0 | H82: 0 | I82: 0 | J82: 0 | K82: 0 | L82: 0 | M82: 0 | N82: 0 | O82: 0 | P82: 0 | Q82: 0 | R82: 0 | S82: 0 | T82: 0 | U82: 0 | V82: 0 | W82: #DIV/0! | X82: #DIV/0! | Y82: #DIV/0! | Z82: #DIV/0!
C83: DAHLIA | D83: I | E83: 30 | F83: 3 | G83: 4 | H83: 30 | I83: 27 | J83: 61 | K83: 48 | L83: 12 | M83: 1 | N83: 0 | O83: 1 | P83: 61 | Q83: 41 | R83: 0 | S83: 41 | T83: 0 | U83: 13 | V83: 1.3666667 | W83: 45.555556 | X83: 3.1538462 | Y83: 3.7692308 | Z83: 4.3333333
A84: 4 | C84: BOGENVILE | D84: I | E84: 30 | F84: 3 | G84: 2 | H84: 28 | I84: 9 | J84: 39 | K84: 7 | L84: 26 | M84: 2 | N84: 1 | O84: 1 | P84: 35 | Q84: 116 | R84: 0 | S84: 112 | T84: 4 | U84: 28 | V84: 3.7333333 | W84: 124.44444 | X84: 4 | Y84: -0.78571429 | Z84: 9.3333333
C85: BOGENVILE | D85: I | E85: 30 | F85: 3 | G85: 2 | H85: 28 | I85: 9 | J85: 39 | K85: 7 | L85: 26 | M85: 2 | N85: 1 | O85: 1 | P85: 35 | Q85: 116 | R85: 0 | S85: 112 | T85: 4 | U85: 28 | V85: 3.7333333 | W85: 124.44444 | X85: 4 | Y85: -0.78571429 | Z85: 9.3333333
A86: 5 | C86: CATALYA BAWAH | D86: I | E86: 30 | F86: 14 | G86: 14 | H86: 110 | I86: 6 | J86: 130 | K86: 13 | L86: 102 | M86: 6 | N86: 2 | O86: 4 | P86: 121 | Q86: 364 | R86: 0 | S86: 345 | T86: 9 | U86: 108 | V86: 11.5 | W86: 82.142857 | X86: 3.1944444 | Y86: 0.69444444 | Z86: 7.7142857
C87: CATALYA BAWAH | D87: I | E87: 30 | F87: 14 | G87: 14 | H87: 110 | I87: 6 | J87: 130 | K87: 13 | L87: 102 | M87: 6 | N87: 2 | O87: 4 | P87: 121 | Q87: 364 | R87: 0 | S87: 345 | T87: 9 | U87: 108 | V87: 11.5 | W87: 82.142857 | X87: 3.1944444 | Y87: 0.69444444 | Z87: 7.7142857
A88: TOTAL KELAS I | E88: 30 | F88: 35 | G88: 36 | H88: 296 | I88: 64 | J88: 396 | K88: 77 | L88: 277 | M88: 17 | N88: 7 | O88: 10 | P88: 371 | Q88: 1070 | R88: 1 | S88: 965 | T88: 25 | U88: 294 | V88: 32.166667 | W88: 91.904762 | X88: 3.2823129 | Y88: 0.28911565 | Z88: 8.4
A91: NO | B91: PELAYANAN | C91: RAWAT INAP | D91: KLAS PERAWATAN | E91: PERIODE | F91: TT (T) | G91: PX AWAL | H91: PX MASUK | I91: PX PINDAHAN | J91: JUMLAH (1+2+3) | K91: PX DI PINDAHKAN | L91: PX KELUAR HIDUP | M91: PX MATI | N91: KURANG 48 JAM | O91: LEBIH 48 JAM | P91: JUMLAH (5+6+7) | Q91: LAMA DI RAWAT | R91: PX KELUAR/MASUK HR SAMA | S91: HARI PERAWATAN | T91: Px AKHIR | U91: KUNJUNGN | V91: O | W91: BOR (O/T) | X91: LOS | Y91: TOI | Z91: BTO
V92: (TT terpakai) | W92: (75%-85%) | X92: (3-12 hari) | Y92: (1-3 hr) | Z92: (30 px)
G94: 1 | H94: 2 | I94: 3 | J94: 4 | K94: 5 | L94: 6 | M94: 7 | N94: 8 | O94: 9 | P94: 10 | Q94: 11 | R94: 12 | S94: 13 | T94: 14 | V94: 15 | W94: 16 | X94: 17 | Y94: 18 | Z94: 19
A95: 1 | B95: KELAS II | C95: ALAMANDA | D95: II | E95: 30 | F95: 4 | G95: 4 | H95: 26 | I95: 1 | J95: 31 | K95: 3 | L95: 22 | M95: 2 | N95: 2 | O95: 0 | P95: 27 | Q95: 96 | R95: 0 | S95: 101 | T95: 4 | U95: 24 | V95: 3.3666667 | W95: 84.166667 | X95: 4.2083333 | Y95: 0.79166667 | Z95: 6
C96: ALAMANDA | D96: II | E96: 30 | F96: 4 | G96: 4 | H96: 26 | I96: 1 | J96: 31 | K96: 3 | L96: 22 | M96: 2 | N96: 2 | O96: 0 | P96: 27 | Q96: 96 | R96: 0 | S96: 101 | T96: 4 | U96: 24 | V96: 3.3666667 | W96: 84.166667 | X96: 4.2083333 | Y96: 0.79166667 | Z96: 6
A97: 2 | C97: CATALYA ATAS | D97: II | E97: 30 | F97: 8 | G97: 13 | H97: 80 | I97: 18 | J97: 111 | K97: 5 | L97: 89 | M97: 6 | N97: 0 | O97: 6 | P97: 100 | Q97: 405 | R97: 0 | S97: 339 | T97: 11 | U97: 95 | V97: 11.3 | W97: 141.25 | X97: 3.5684211 | Y97: -1.0421053 | Z97: 11.875
C98: CATALYA ATAS | D98: II | E98: 30 | F98: 8 | G98: 13 | H98: 80 | I98: 18 | J98: 111 | K98: 5 | L98: 89 | M98: 6 | N98: 0 | O98: 6 | P98: 100 | Q98: 405 | R98: 0 | S98: 339 | T98: 11 | U98: 95 | V98: 11.3 | W98: 141.25 | X98: 3.5684211 | Y98: -1.0421053 | Z98: 11.875
A99: 3 | C99: DAHLIA IBU | D99: II | E99: 30 | F99: 8 | G99: 9 | H99: 80 | I99: 98 | J99: 187 | K99: 159 | L99: 21 | M99: 1 | N99: 1 | O99: 0 | P99: 181 | Q99: 47 | R99: 0 | S99: 185 | T99: 6 | U99: 22 | V99: 6.1666667 | W99: 77.083333 | X99: 8.4090909 | Y99: 2.5 | Z99: 2.75
C100: DAHLIA BAYI | D100: II | E100: 30 | F100: 0 | G100: 0 | H100: 0 | I100: 0 | J100: 0 | K100: 0 | L100: 0 | M100: 0 | N100: 0 | O100: 0 | P100: 0 | Q100: 0 | R100: 0 | S100: 0 | T100: 0 | U100: 0 | V100: 0 | W100: #DIV/0! | X100: #DIV/0! | Y100: #DIV/0! | Z100: #DIV/0!
C101: DAHLIA | D101: II | E101: 30 | F101: 8 | G101: 9 | H101: 80 | I101: 98 | J101: 187 | K101: 159 | L101: 21 | M101: 1 | N101: 1 | O101: 0 | P101: 181 | Q101: 47 | R101: 0 | S101: 185 | T101: 6 | U101: 22 | V101: 6.1666667 | W101: 77.083333 | X101: 8.4090909 | Y101: 2.5 | Z101: 2.75
A102: 4 | C102: ASTER | D102: II | E102: 30 | F102: 2 | G102: 1 | H102: 11 | I102: 6 | J102: 18 | K102: 2 | L102: 14 | M102: 0 | N102: 0 | O102: 0 | P102: 16 | Q102: 60 | R102: 0 | S102: 52 | T102: 2 | U102: 14 | V102: 1.7333333 | W102: 86.666667 | X102: 3.7142857 | Y102: 0.57142857 | Z102: 7
C103: ASTER | D103: II | E103: 30 | F103: 2 | G103: 1 | H103: 11 | I103: 6 | J103: 18 | K103: 2 | L103: 14 | M103: 0 | N103: 0 | O103: 0 | P103: 16 | Q103: 60 | R103: 0 | S103: 52 | T103: 2 | U103: 14 | V103: 1.7333333 | W103: 86.666667 | X103: 3.7142857 | Y103: 0.57142857 | Z103: 7
A104: TOTAL KELAS II | E104: 30 | F104: 22 | G104: 27 | H104: 197 | I104: 123 | J104: 347 | K104: 169 | L104: 146 | M104: 9 | N104: 3 | O104: 6 | P104: 324 | Q104: 608 | R104: 0 | S104: 677 | T104: 23 | U104: 155 | V104: 22.566667 | W104: 102.57576 | X104: 4.3677419 | Y104: -0.10967742 | Z104: 7.0454545
A107: NO | B107: PELAYANAN | C107: RAWAT INAP | D107: KLAS PERAWATAN | E107: PERIODE | F107: TT (T) | G107: PX AWAL | H107: PX MASUK | I107: PX PINDAHAN | J107: JUMLAH (1+2+3) | K107: PX DI PINDAHKAN | L107: PX KELUAR HIDUP | M107: PX MATI | N107: KURANG 48 JAM | O107: LEBIH 48 JAM | P107: JUMLAH (5+6+7) | Q107: LAMA DI RAWAT | R107: PX KELUAR/MASUK HR SAMA | S107: HARI PERAWATAN | T107: Px AKHIR | U107: KUNJUNGN | V107: O | W107: BOR (O/T) | X107: LOS | Y107: TOI | Z107: BTO
V108: (TT terpakai) | W108: (75%-85%) | X108: (3-12 hari) | Y108: (1-3 hr) | Z108: (30 px)
G110: 1 | H110: 2 | I110: 3 | J110: 4 | K110: 5 | L110: 6 | M110: 7 | N110: 8 | O110: 9 | P110: 10 | Q110: 11 | R110: 12 | S110: 13 | T110: 14 | V110: 15 | W110: 16 | X110: 17 | Y110: 18 | Z110: 19
A111: 1 | B111: KELAS III | C111: ALAMANDA | D111: III | E111: 30 | F111: 12 | G111: 12 | H111: 75 | I111: 9 | J111: 96 | K111: 5 | L111: 78 | M111: 2 | N111: 2 | O111: 0 | P111: 85 | Q111: 299 | R111: 0 | S111: 307 | T111: 11 | U111: 80 | V111: 10.233333 | W111: 85.277778 | X111: 3.8375 | Y111: 0.6625 | Z111: 6.6666667
C112: ALAMANDA | D112: III | E112: 30 | F112: 12 | G112: 12 | H112: 75 | I112: 9 | J112: 96 | K112: 5 | L112: 78 | M112: 2 | N112: 2 | O112: 0 | P112: 85 | Q112: 299 | R112: 0 | S112: 307 | T112: 11 | U112: 80 | V112: 10.233333 | W112: 85.277778 | X112: 3.8375 | Y112: 0.6625 | Z112: 6.6666667
A113: 2 | C113: LAVENDER | D113: III | E113: 30 | F113: 14 | G113: 16 | H113: 145 | I113: 12 | J113: 173 | K113: 9 | L113: 129 | M113: 17 | N113: 11 | O113: 6 | P113: 155 | Q113: 538 | R113: 2 | S113: 494 | T113: 18 | U113: 146 | V113: 16.466667 | W113: 117.61905 | X113: 3.3835616 | Y113: -0.50684932 | Z113: 10.428571
C114: LAVENDER | D114: III | E114: 30 | F114: 14 | G114: 16 | H114: 145 | I114: 12 | J114: 173 | K114: 9 | L114: 129 | M114: 17 | N114: 11 | O114: 6 | P114: 155 | Q114: 538 | R114: 2 | S114: 494 | T114: 18 | U114: 146 | V114: 16.466667 | W114: 117.61905 | X114: 3.3835616 | Y114: -0.50684932 | Z114: 10.428571
A115: 3 | C115: MELATI ATAS | D115: III | E115: 30 | F115: 15 | G115: 17 | H115: 138 | I115: 17 | J115: 172 | K115: 16 | L115: 108 | M115: 29 | N115: 15 | O115: 14 | P115: 153 | Q115: 596 | R115: 1 | S115: 560 | T115: 19 | U115: 137 | V115: 18.666667 | W115: 124.44444 | X115: 4.0875912 | Y115: -0.80291971 | Z115: 9.1333333
C116: MELATI ATAS | D116: III | E116: 30 | F116: 15 | G116: 17 | H116: 138 | I116: 17 | J116: 172 | K116: 16 | L116: 108 | M116: 29 | N116: 15 | O116: 14 | P116: 153 | Q116: 596 | R116: 1 | S116: 560 | T116: 19 | U116: 137 | V116: 18.666667 | W116: 124.44444 | X116: 4.0875912 | Y116: -0.80291971 | Z116: 9.1333333
A117: 4 | C117: SERUNI | D117: III | E117: 30 | F117: 24 | G117: 24 | H117: 201 | I117: 9 | J117: 234 | K117: 19 | L117: 192 | M117: 5 | N117: 3 | O117: 2 | P117: 216 | Q117: 684 | R117: 0 | S117: 653 | T117: 18 | U117: 197 | V117: 21.766667 | W117: 90.694444 | X117: 3.3147208 | Y117: 0.34010152 | Z117: 8.2083333
C118: SERUNI | D118: III | E118: 30 | F118: 24 | G118: 24 | H118: 201 | I118: 9 | J118: 234 | K118: 19 | L118: 192 | M118: 5 | N118: 3 | O118: 2 | P118: 216 | Q118: 684 | R118: 0 | S118: 653 | T118: 18 | U118: 197 | V118: 21.766667 | W118: 90.694444 | X118: 3.3147208 | Y118: 0.34010152 | Z118: 8.2083333
A119: 5 | C119: GARDENA | D119: III | E119: 30 | F119: 20 | G119: 20 | H119: 177 | I119: 4 | J119: 201 | K119: 17 | L119: 161 | M119: 8 | N119: 5 | O119: 3 | P119: 186 | Q119: 560 | R119: 0 | S119: 546 | T119: 15 | U119: 169 | V119: 18.2 | W119: 91 | X119: 3.2307692 | Y119: 0.31952663 | Z119: 8.45
...

Sheet MEI
A1: DATA PELAYANAN RI RSD Dr.SOEBANDI JEMBER
A2: BULAN : MEI 2026
A3: NO | B3: PELAYANAN | C3: RAWAT INAP | D3: KLAS PERAWATAN | E3: PERIODE | F3: TT (T) | G3: PX AWAL | H3: PX MASUK | I3: PX PINDAHAN | J3: JUMLAH (1+2+3) | K3: PX DI PINDAHKAN | L3: PX KELUAR HIDUP | M3: PX MATI | N3: KURANG 48 JAM | O3: LEBIH 48 JAM | P3: JUMLAH (5+6+7) | Q3: LAMA DI RAWAT | R3: PX KELUAR/MASUK HR SAMA | S3: HARI PERAWATAN | T3: Px AKHIR | U3: KUNJUNGN | V3: O | W3: BOR (O/T) | X3: LOS | Y3: TOI | Z3: BTO
V4: (TT terpakai) | W4: (75%-85%) | X4: (3-12 hari) | Y4: (1-3 hr) | Z4: (30 px)
G6: 1 | H6: 2 | I6: 3 | J6: 4 | K6: 5 | L6: 6 | M6: 7 | N6: 8 | O6: 9 | P6: 10 | Q6: 11 | R6: 12 | S6: 13 | T6: 14 | V6: 15 | W6: 16 | X6: 17 | Y6: 18 | Z6: 19
A7: 1 | B7: INTENSIVE | C7: ICU | D7: I | E7: 31 | F7: 14 | G7: 11 | H7: 16 | I7: 105 | J7: 132 | K7: 106 | L7: 0 | M7: 18 | N7: 2 | O7: 16 | P7: 124 | Q7: 144 | R7: 1 | S7: 278 | T7: 8 | U7: 18 | V7: 8.9677419 | W7: 64.0553 | X7: 15.444444 | Y7: 8.6666667 | Z7: 1.2857143
C8: ICU | D8: I | E8: 31 | F8: 14 | G8: 11 | H8: 16 | I8: 105 | J8: 132 | K8: 106 | L8: 0 | M8: 18 | N8: 2 | O8: 16 | P8: 124 | Q8: 144 | R8: 1 | S8: 278 | T8: 8 | U8: 18 | V8: 8.9677419 | W8: 64.0553 | X8: 15.444444 | Y8: 8.6666667 | Z8: 1.2857143
A9: 2 | C9: ICCU | D9: I | E9: 31 | F9: 5 | G9: 3 | H9: 74 | I9: 10 | J9: 87 | K9: 78 | L9: 1 | M9: 7 | N9: 7 | O9: 0 | P9: 86 | Q9: 8 | R9: 2 | S9: 114 | T9: 1 | U9: 8 | V9: 3.6774194 | W9: 73.548387 | X9: 14.25 | Y9: 5.125 | Z9: 1.6
C10: ICCU | D10: I | E10: 31 | F10: 5 | G10: 3 | H10: 74 | I10: 10 | J10: 87 | K10: 78 | L10: 1 | M10: 7 | N10: 7 | O10: 0 | P10: 86 | Q10: 8 | R10: 2 | S10: 114 | T10: 1 | U10: 8 | V10: 3.6774194 | W10: 73.548387 | X10: 14.25 | Y10: 5.125 | Z10: 1.6
A11: 3 | C11: PICU | D11: I | E11: 31 | F11: 3 | G11: 1 | H11: 7 | I11: 19 | J11: 27 | K11: 22 | L11: 0 | M11: 2 | N11: 0 | O11: 2 | P11: 24 | Q11: 16 | R11: 0 | S11: 67 | T11: 3 | U11: 2 | V11: 2.1612903 | W11: 72.043011 | X11: 33.5 | Y11: 13 | Z11: 0.66666667
C12: PICU | D12: I | E12: 31 | F12: 3 | G12: 1 | H12: 7 | I12: 19 | J12: 27 | K12: 22 | L12: 0 | M12: 2 | N12: 0 | O12: 2 | P12: 24 | Q12: 16 | R12: 0 | S12: 67 | T12: 3 | U12: 2 | V12: 2.1612903 | W12: 72.043011 | X12: 33.5 | Y12: 13 | Z12: 0.66666667
A13: 4 | C13: NICU | D13: I | E13: 31 | F13: 5 | G13: 4 | H13: 17 | I13: 15 | J13: 36 | K13: 19 | L13: 0 | M13: 12 | N13: 7 | O13: 5 | P13: 31 | Q13: 39 | R13: 4 | S13: 122 | T13: 5 | U13: 12 | V13: 3.9354839 | W13: 78.709677 | X13: 10.166667 | Y13: 2.75 | Z13: 2.4
C14: NICU | D14: I | E14: 31 | F14: 5 | G14: 4 | H14: 17 | I14: 15 | J14: 36 | K14: 19 | L14: 0 | M14: 12 | N14: 7 | O14: 5 | P14: 31 | Q14: 39 | R14: 4 | S14: 122 | T14: 5 | U14: 12 | V14: 3.9354839 | W14: 78.709677 | X14: 10.166667 | Y14: 2.75 | Z14: 2.4
A15: 5 | C15: ICU MEDICAL | D15: I | E15: 31 | F15: 4 | G15: 3 | H15: 23 | I15: 10 | J15: 36 | K15: 23 | L15: 0 | M15: 10 | N15: 8 | O15: 2 | P15: 33 | Q15: 18 | R15: 3 | S15: 84 | T15: 3 | U15: 10 | V15: 2.7096774 | W15: 67.741935 | X15: 8.4 | Y15: 4 | Z15: 2.5
C16: ICU MEDICAL | D16: I | E16: 31 | F16: 4 | G16: 3 | H16: 23 | I16: 10 | J16: 36 | K16: 23 | L16: 0 | M16: 10 | N16: 8 | O16: 2 | P16: 33 | Q16: 18 | R16: 3 | S16: 84 | T16: 3 | U16: 10 | V16: 2.7096774 | W16: 67.741935 | X16: 8.4 | Y16: 4 | Z16: 2.5
A17: 6 | C17: RICU ED | D17: I | E17: 31 | F17: 2 | G17: 1 | H17: 11 | I17: 2 | J17: 14 | K17: 6 | L17: 1 | M17: 6 | N17: 4 | O17: 2 | P17: 13 | Q17: 20 | R17: 0 | S17: 37 | T17: 1 | U17: 7 | V17: 1.1935484 | W17: 59.677419 | X17: 5.2857143 | Y17: 3.5714286 | Z17: 3.5
C18: RICU ED | E18: 31 | F18: 2 | G18: 1 | H18: 11 | I18: 2 | J18: 14 | K18: 6 | L18: 1 | M18: 6 | N18: 4 | O18: 2 | P18: 13 | Q18: 20 | R18: 0 | S18: 37 | T18: 1 | U18: 7 | V18: 1.1935484 | W18: 59.677419 | X18: 5.2857143 | Y18: 3.5714286 | Z18: 3.5
A19: 7 | C19: HCU MELATI BAWAH | D19: II | E19: 31 | F19: 15 | G19: 14 | H19: 97 | I19: 18 | J19: 129 | K19: 12 | L19: 89 | M19: 16 | N19: 7 | O19: 9 | P19: 117 | Q19: 497 | R19: 1 | S19: 417 | T19: 12 | U19: 105 | V19: 13.451613 | W19: 89.677419 | X19: 3.9714286 | Y19: 0.45714286 | Z19: 7
C20: HCU MELATI BAWAH | D20: II | E20: 31 | F20: 15 | G20: 14 | H20: 97 | I20: 18 | J20: 129 | K20: 12 | L20: 89 | M20: 16 | N20: 7 | O20: 9 | P20: 117 | Q20: 497 | R20: 1 | S20: 417 | T20: 12 | U20: 105 | V20: 13.451613 | W20: 89.677419 | X20: 3.9714286 | Y20: 0.45714286 | Z20: 7
A21: TOTAL INTENSIVE | E21: 31 | F21: 48 | G21: 37 | H21: 245 | I21: 179 | J21: 461 | K21: 266 | L21: 91 | M21: 71 | N21: 35 | O21: 36 | P21: 428 | Q21: 742 | R21: 11 | S21: 1119 | T21: 33 | U21: 162 | V21: 36.096774 | W21: 75.201613 | X21: 6.9074074 | Y21: 2.2777778 | Z21: 3.375
A24: NO | B24: PELAYANAN | C24: RAWAT INAP | D24: KLAS PERAWATAN | E24: PERIODE | F24: TT (T) | G24: PX AWAL | H24: PX MASUK | I24: PX PINDAHAN | J24: JUMLAH (1+2+3) | K24: PX DI PINDAHKAN | L24: PX KELUAR HIDUP | M24: PX MATI | N24: KURANG 48 JAM | O24: LEBIH 48 JAM | P24: JUMLAH (5+6+7) | Q24: LAMA DI RAWAT | R24: PX KELUAR/MASUK HR SAMA | S24: HARI PERAWATAN | T24: Px AKHIR | U24: KUNJUNGN | V24: O | W24: BOR (O/T) | X24: LOS | Y24: TOI | Z24: BTO
V25: (TT terpakai) | W25: (75%-85%) | X25: (3-12 hari) | Y25: (1-3 hr) | Z25: (30 px)
G27: 1 | H27: 2 | I27: 3 | J27: 4 | K27: 5 | L27: 6 | M27: 7 | N27: 8 | O27: 9 | P27: 10 | Q27: 11 | R27: 12 | S27: 13 | T27: 14 | V27: 15 | W27: 16 | X27: 17 | Y27: 18 | Z27: 19
A28: 1 | B28: ISOLASI | C28: SAKURA | D28: TB MDR II | E28: 31 | F28: 2 | G28: 0 | H28: 3 | I28: 0 | J28: 3 | K28: 1 | L28: 1 | M28: 1 | N28: 0 | O28: 1 | P28: 3 | Q28: 6 | R28: 0 | S28: 7 | T28: 0 | U28: 2 | V28: 0.22580645 | W28: 11.290323 | X28: 3.5 | Y28: 27.5 | Z28: 1
C29: SAKURA | D29: TB MDR III | E29: 31 | F29: 3 | G29: 1 | H29: 9 | I29: 2 | J29: 12 | K29: 0 | L29: 9 | M29: 3 | N29: 2 | O29: 1 | P29: 12 | Q29: 49 | R29: 0 | S29: 40 | T29: 0 | U29: 12 | V29: 1.2903226 | W29: 43.010753 | X29: 3.3333333 | Y29: 4.4166667 | Z29: 4
C30: SAKURA | D30: TB PARU II | E30: 31 | F30: 2 | G30: 1 | H30: 5 | I30: 0 | J30: 6 | K30: 1 | L30: 3 | M30: 0 | N30: 0 | O30: 0 | P30: 4 | Q30: 15 | R30: 0 | S30: 22 | T30: 2 | U30: 3 | V30: 0.70967742 | W30: 35.483871 | X30: 7.3333333 | Y30: 13.333333 | Z30: 1.5
C31: SAKURA | D31: TB PARU III | E31: 31 | F31: 10 | G31: 9 | H31: 54 | I31: 4 | J31: 67 | K31: 3 | L31: 40 | M31: 17 | N31: 8 | O31: 9 | P31: 60 | Q31: 249 | R31: 0 | S31: 225 | T31: 7 | U31: 57 | V31: 7.2580645 | W31: 72.580645 | X31: 3.9473684 | Y31: 1.4912281 | Z31: 5.7
C32: SAKURA | E32: 31 | F32: 17 | G32: 11 | H32: 71 | I32: 6 | J32: 88 | K32: 5 | L32: 53 | M32: 21 | N32: 10 | O32: 11 | P32: 79 | Q32: 319 | R32: 0 | S32: 294 | T32: 9 | U32: 74 | V32: 9.483871 | W32: 55.787476 | X32: 3.972973 | Y32: 3.1486486 | Z32: 4.3529412
A33: 2 | C33: CATALYA | D33: ISOLASI | E33: 31 | F33: 6 | G33: 0 | H33: 0 | I33: 0 | J33: 0 | K33: 0 | L33: 0 | M33: 0 | N33: 0 | O33: 0 | P33: 0 | Q33: 0 | R33: 0 | S33: 0 | T33: 0 | U33: 0 | V33: 0 | W33: 0 | X33: #DIV/0! | Y33: #DIV/0! | Z33: 0
C34: CATALYA | E34: 31 | F34: 6 | G34: 0 | H34: 0 | I34: 0 | J34: 0 | K34: 0 | L34: 0 | M34: 0 | N34: 0 | O34: 0 | P34: 0 | Q34: 0 | R34: 0 | S34: 0 | T34: 0 | U34: 0 | V34: 0 | W34: 0 | X34: #DIV/0! | Y34: #DIV/0! | Z34: 0
A35: 3 | C35: LAVENDER | D35: III | E35: 31 | F35: 4 | G35: 0 | H35: 0 | I35: 0 | J35: 0 | K35: 0 | L35: 0 | M35: 0 | N35: 0 | O35: 0 | P35: 0 | Q35: 0 | R35: 0 | S35: 0 | T35: 0 | U35: 0 | V35: 0 | W35: 0 | X35: #DIV/0! | Y35: #DIV/0! | Z35: 0
C36: LAVENDER | E36: 31 | F36: 4 | G36: 0 | H36: 0 | I36: 0 | J36: 0 | K36: 0 | L36: 0 | M36: 0 | N36: 0 | O36: 0 | P36: 0 | Q36: 0 | R36: 0 | S36: 0 | T36: 0 | U36: 0 | V36: 0 | W36: 0 | X36: #DIV/0! | Y36: #DIV/0! | Z36: 0
A37: 4 | C37: NUSA INDAH | D37: I | E37: 31 | F37: 2 | G37: 0 | H37: 0 | I37: 0 | J37: 0 | K37: 0 | L37: 0 | M37: 0 | N37: 0 | O37: 0 | P37: 0 | Q37: 0 | R37: 0 | S37: 0 | T37: 0 | U37: 0 | V37: 0 | W37: 0 | X37: #DIV/0! | Y37: #DIV/0! | Z37: 0
C38: NUSA INDAH | E38: 31 | F38: 2 | G38: 0 | H38: 0 | I38: 0 | J38: 0 | K38: 0 | L38: 0 | M38: 0 | N38: 0 | O38: 0 | P38: 0 | Q38: 0 | R38: 0 | S38: 0 | T38: 0 | U38: 0 | V38: 0 | W38: 0 | X38: #DIV/0! | Y38: #DIV/0! | Z38: 0
A39: 5 | C39: MAWAR | D39: III | E39: 31 | F39: 4 | G39: 0 | H39: 0 | I39: 0 | J39: 0 | K39: 0 | L39: 0 | M39: 0 | N39: 0 | O39: 0 | P39: 0 | Q39: 0 | R39: 0 | S39: 0 | T39: 0 | U39: 0 | V39: 0 | W39: 0 | X39: #DIV/0! | Y39: #DIV/0! | Z39: 0
C40: MAWAR | E40: 31 | F40: 4 | G40: 0 | H40: 0 | I40: 0 | J40: 0 | K40: 0 | L40: 0 | M40: 0 | N40: 0 | O40: 0 | P40: 0 | Q40: 0 | R40: 0 | S40: 0 | T40: 0 | U40: 0 | V40: 0 | W40: 0 | X40: #DIV/0! | Y40: #DIV/0! | Z40: 0
A41: 6 | C41: BOGENVILE | D41: I | E41: 31 | F41: 1 | G41: 0 | H41: 0 | I41: 0 | J41: 0 | K41: 0 | L41: 0 | M41: 0 | N41: 0 | O41: 0 | P41: 0 | Q41: 0 | R41: 0 | S41: 0 | T41: 0 | U41: 0 | V41: 0 | W41: 0 | X41: #DIV/0! | Y41: #DIV/0! | Z41: 0
C42: BOGENVILE | E42: 31 | F42: 1 | G42: 0 | H42: 0 | I42: 0 | J42: 0 | K42: 0 | L42: 0 | M42: 0 | N42: 0 | O42: 0 | P42: 0 | Q42: 0 | R42: 0 | S42: 0 | T42: 0 | U42: 0 | V42: 0 | W42: 0 | X42: #DIV/0! | Y42: #DIV/0! | Z42: 0
A43: 7 | C43: MELATI ATAS | D43: III | E43: 31 | F43: 4 | G43: 0 | H43: 0 | I43: 0 | J43: 0 | K43: 0 | L43: 0 | M43: 0 | N43: 0 | O43: 0 | P43: 0 | Q43: 0 | R43: 0 | S43: 0 | T43: 0 | U43: 0 | V43: 0 | W43: 0 | X43: #DIV/0! | Y43: #DIV/0! | Z43: 0
C44: MELATI ATAS | E44: 31 | F44: 4 | G44: 0 | H44: 0 | I44: 0 | J44: 0 | K44: 0 | L44: 0 | M44: 0 | N44: 0 | O44: 0 | P44: 0 | Q44: 0 | R44: 0 | S44: 0 | T44: 0 | U44: 0 | V44: 0 | W44: 0 | X44: #DIV/0! | Y44: #DIV/0! | Z44: 0
A45: 8 | C45: ALAMANDA | D45: III | E45: 31 | F45: 1 | G45: 0 | H45: 0 | I45: 0 | J45: 0 | K45: 0 | L45: 0 | M45: 0 | N45: 0 | O45: 0 | P45: 0 | Q45: 0 | R45: 0 | S45: 0 | T45: 0 | U45: 0 | V45: 0 | W45: 0 | X45: #DIV/0! | Y45: #DIV/0! | Z45: 0
C46: ALAMANDA | E46: 31 | F46: 1 | G46: 0 | H46: 0 | I46: 0 | J46: 0 | K46: 0 | L46: 0 | M46: 0 | N46: 0 | O46: 0 | P46: 0 | Q46: 0 | R46: 0 | S46: 0 | T46: 0 | U46: 0 | V46: 0 | W46: 0 | X46: #DIV/0! | Y46: #DIV/0! | Z46: 0
A47: 9 | C47: ASTER | D47: III | E47: 31 | F47: 5 | G47: 4 | H47: 23 | I47: 6 | J47: 33 | K47: 4 | L47: 28 | M47: 1 | N47: 1 | O47: 0 | P47: 33 | Q47: 123 | R47: 0 | S47: 100 | T47: 0 | U47: 29 | V47: 3.2258065 | W47: 64.516129 | X47: 3.4482759 | Y47: 1.8965517 | Z47: 5.8
C48: ASTER | E48: 31 | F48: 5 | G48: 4 | H48: 23 | I48: 6 | J48: 33 | K48: 4 | L48: 28 | M48: 1 | N48: 1 | O48: 0 | P48: 33 | Q48: 123 | R48: 0 | S48: 100 | T48: 0 | U48: 29 | V48: 3.2258065 | W48: 64.516129 | X48: 3.4482759 | Y48: 1.8965517 | Z48: 5.8
A49: TOTAL ISOLASI | E49: 31 | F49: 44 | G49: 15 | H49: 94 | I49: 12 | J49: 121 | K49: 9 | L49: 81 | M49: 22 | N49: 11 | O49: 11 | P49: 112 | Q49: 442 | R49: 0 | S49: 394 | T49: 9 | U49: 103 | V49: 12.709677 | W49: 28.88563 | X49: 3.8252427 | Y49: 9.4174757 | Z49: 2.3409091
A52: NO | B52: PELAYANAN | C52: RAWAT INAP | D52: KLAS PERAWATAN | E52: PERIODE | F52: TT (T) | G52: PX AWAL | H52: PX MASUK | I52: PX PINDAHAN | J52: JUMLAH (1+2+3) | K52: PX DI PINDAHKAN | L52: PX KELUAR HIDUP | M52: PX MATI | N52: KURANG 48 JAM | O52: LEBIH 48 JAM | P52: JUMLAH (5+6+7) | Q52: LAMA DI RAWAT | R52: PX KELUAR/MASUK HR SAMA | S52: HARI PERAWATAN | T52: Px AKHIR | U52: KUNJUNGN | V52: O | W52: BOR (O/T) | X52: LOS | Y52: TOI | Z52: BTO
V53: (TT terpakai) | W53: (75%-85%) | X53: (3-12 hari) | Y53: (1-3 hr) | Z53: (30 px)
G55: 1 | H55: 2 | I55: 3 | J55: 4 | K55: 5 | L55: 6 | M55: 7 | N55: 8 | O55: 9 | P55: 10 | Q55: 11 | R55: 12 | S55: 13 | T55: 14 | V55: 15 | W55: 16 | X55: 17 | Y55: 18 | Z55: 19
A56: 1 | B56: PERISTI | C56: PERINATOLOGI | D56: II | E56: 31 | F56: 30 | G56: 22 | H56: 204 | I56: 17 | J56: 243 | K56: 98 | L56: 113 | M56: 8 | N56: 6 | O56: 2 | P56: 219 | Q56: 651 | R56: 0 | S56: 725 | T56: 24 | U56: 121 | V56: 23.387097 | W56: 77.956989 | X56: 5.9917355 | Y56: 1.6942149 | Z56: 4.0333333
A57: PERINATOLOGI | E57: 31 | F57: 30 | G57: 22 | H57: 204 | I57: 17 | J57: 243 | K57: 98 | L57: 113 | M57: 8 | N57: 6 | O57: 2 | P57: 219 | Q57: 651 | R57: 0 | S57: 725 | T57: 24 | U57: 121 | V57: 23.387097 | W57: 77.956989 | X57: 5.9917355 | Y57: 1.6942149 | Z57: 4.0333333
A60: NO | B60: PELAYANAN | C60: RAWAT INAP | D60: KLAS PERAWATAN | E60: PERIODE | F60: TT (T) | G60: PX AWAL | H60: PX MASUK | I60: PX PINDAHAN | J60: JUMLAH (1+2+3) | K60: PX DI PINDAHKAN | L60: PX KELUAR HIDUP | M60: PX MATI | N60: KURANG 48 JAM | O60: LEBIH 48 JAM | P60: JUMLAH (5+6+7) | Q60: LAMA DI RAWAT | R60: PX KELUAR/MASUK HR SAMA | S60: HARI PERAWATAN | T60: Px AKHIR | U60: KUNJUNGN | V60: O | W60: BOR (O/T) | X60: LOS | Y60: TOI | Z60: BTO
V61: (TT terpakai) | W61: (75%-85%) | X61: (3-12 hari) | Y61: (1-3 hr) | Z61: (30 px)
G63: 1 | H63: 2 | I63: 3 | J63: 4 | K63: 5 | L63: 6 | M63: 7 | N63: 8 | O63: 9 | P63: 10 | Q63: 11 | R63: 12 | S63: 13 | T63: 14 | V63: 15 | W63: 16 | X63: 17 | Y63: 18 | Z63: 19
A64: 1 | B64: PAVILIUN | C64: ANGGREK | D64: VIP | E64: 31 | F64: 8 | G64: 4 | H64: 35 | I64: 3 | J64: 42 | K64: 4 | L64: 32 | M64: 2 | N64: 2 | O64: 0 | P64: 38 | Q64: 138 | R64: 0 | S64: 135 | T64: 4 | U64: 34 | V64: 4.3548387 | W64: 54.435484 | X64: 3.9705882 | Y64: 3.3235294 | Z64: 4.25
C65: ANGGREK | D65: VIP | E65: 31 | F65: 8 | G65: 4 | H65: 35 | I65: 3 | J65: 42 | K65: 4 | L65: 32 | M65: 2 | N65: 2 | O65: 0 | P65: 38 | Q65: 138 | R65: 0 | S65: 135 | T65: 4 | U65: 34 | V65: 4.3548387 | W65: 54.435484 | X65: 3.9705882 | Y65: 3.3235294 | Z65: 4.25
A66: 2 | C66: NUSA INDAH | D66: VIP | E66: 31 | F66: 2 | G66: 0 | H66: 2 | I66: 2 | J66: 4 | K66: 2 | L66: 2 | M66: 0 | N66: 0 | O66: 0 | P66: 4 | Q66: 6 | R66: 0 | S66: 5 | T66: 0 | U66: 2 | V66: 0.16129032 | W66: 8.0645161 | X66: 2.5 | Y66: 28.5 | Z66: 1
C67: NUSA INDAH | D67: VIP | E67: 31 | F67: 2 | G67: 0 | H67: 2 | I67: 2 | J67: 4 | K67: 2 | L67: 2 | M67: 0 | N67: 0 | O67: 0 | P67: 4 | Q67: 6 | R67: 0 | S67: 5 | T67: 0 | U67: 2 | V67: 0.16129032 | W67: 8.0645161 | X67: 2.5 | Y67: 28.5 | Z67: 1
A68: 3 | C68: BOGENVILE | D68: VIP | E68: 31 | F68: 8 | G68: 6 | H68: 37 | I68: 13 | J68: 56 | K68: 10 | L68: 40 | M68: 3 | N68: 1 | O68: 2 | P68: 53 | Q68: 182 | R68: 0 | S68: 162 | T68: 3 | U68: 43 | V68: 5.2258065 | W68: 65.322581 | X68: 3.7674419 | Y68: 2 | Z68: 5.375
C69: BOGENVILE | D69: VIP | E69: 31 | F69: 8 | G69: 6 | H69: 37 | I69: 13 | J69: 56 | K69: 10 | L69: 40 | M69: 3 | N69: 1 | O69: 2 | P69: 53 | Q69: 182 | R69: 0 | S69: 162 | T69: 3 | U69: 43 | V69: 5.2258065 | W69: 65.322581 | X69: 3.7674419 | Y69: 2 | Z69: 5.375
A70: PAVILIUN | D70: VIP | E70: 31 | F70: 18 | G70: 10 | H70: 74 | I70: 18 | J70: 102 | K70: 16 | L70: 74 | M70: 5 | N70: 3 | O70: 2 | P70: 95 | Q70: 326 | R70: 0 | S70: 302 | T70: 7 | U70: 79 | V70: 9.7419355 | W70: 54.121864 | X70: 3.8227848 | Y70: 3.2405063 | Z70: 4.3888889
A73: NO | B73: PELAYANAN | C73: RAWAT INAP | D73: KLAS PERAWATAN | E73: PERIODE | F73: TT (T) | G73: PX AWAL | H73: PX MASUK | I73: PX PINDAHAN | J73: JUMLAH (1+2+3) | K73: PX DI PINDAHKAN | L73: PX KELUAR HIDUP | M73: PX MATI | N73: KURANG 48 JAM | O73: LEBIH 48 JAM | P73: JUMLAH (5+6+7) | Q73: LAMA DI RAWAT | R73: PX KELUAR/MASUK HR SAMA | S73: HARI PERAWATAN | T73: Px AKHIR | U73: KUNJUNGN | V73: O | W73: BOR (O/T) | X73: LOS | Y73: TOI | Z73: BTO
V74: (TT terpakai) | W74: (75%-85%) | X74: (3-12 hari) | Y74: (1-3 hr) | Z74: (30 px)
G76: 1 | H76: 2 | I76: 3 | J76: 4 | K76: 5 | L76: 6 | M76: 7 | N76: 8 | O76: 9 | P76: 10 | Q76: 11 | R76: 12 | S76: 13 | T76: 14 | V76: 15 | W76: 16 | X76: 17 | Y76: 18 | Z76: 19
A77: 1 | B77: KELAS I | C77: ALAMANDA | D77: I | E77: 31 | F77: 2 | G77: 2 | H77: 15 | I77: 3 | J77: 20 | K77: 1 | L77: 15 | M77: 2 | N77: 1 | O77: 1 | P77: 18 | Q77: 73 | R77: 0 | S77: 67 | T77: 2 | U77: 17 | V77: 2.1612903 | W77: 108.06452 | X77: 3.9411765 | Y77: -0.29411765 | Z77: 8.5
C78: ALAMANDA | D78: I | E78: 31 | F78: 2 | G78: 2 | H78: 15 | I78: 3 | J78: 20 | K78: 1 | L78: 15 | M78: 2 | N78: 1 | O78: 1 | P78: 18 | Q78: 73 | R78: 0 | S78: 67 | T78: 2 | U78: 17 | V78: 2.1612903 | W78: 108.06452 | X78: 3.9411765 | Y78: -0.29411765 | Z78: 8.5
A79: 2 | C79: NUSA INDAH | D79: I | E79: 31 | F79: 13 | G79: 10 | H79: 119 | I79: 17 | J79: 146 | K79: 10 | L79: 112 | M79: 12 | N79: 6 | O79: 6 | P79: 134 | Q79: 469 | R79: 1 | S79: 399 | T79: 12 | U79: 124 | V79: 12.870968 | W79: 99.007444 | X79: 3.2177419 | Y79: 0.032258065 | Z79: 9.5384615
C80: NUSA INDAH | D80: I | E80: 31 | F80: 13 | G80: 10 | H80: 119 | I80: 17 | J80: 146 | K80: 10 | L80: 112 | M80: 12 | N80: 6 | O80: 6 | P80: 134 | Q80: 469 | R80: 1 | S80: 399 | T80: 12 | U80: 124 | V80: 12.870968 | W80: 99.007444 | X80: 3.2177419 | Y80: 0.032258065 | Z80: 9.5384615
A81: 3 | C81: DAHLIA IBU | D81: I | E81: 31 | F81: 3 | G81: 0 | H81: 39 | I81: 17 | J81: 56 | K81: 41 | L81: 12 | M81: 0 | N81: 0 | O81: 0 | P81: 53 | Q81: 27 | R81: 0 | S81: 57 | T81: 3 | U81: 12 | V81: 1.8387097 | W81: 61.290323 | X81: 4.75 | Y81: 3 | Z81: 4
C82: DAHLIA BAYI | D82: I | E82: 31 | F82: 0 | G82: 0 | H82: 0 | I82: 0 | J82: 0 | K82: 0 | L82: 0 | M82: 0 | N82: 0 | O82: 0 | P82: 0 | Q82: 0 | R82: 0 | S82: 0 | T82: 0 | U82: 0 | V82: 0 | W82: #DIV/0! | X82: #DIV/0! | Y82: #DIV/0! | Z82: #DIV/0!
C83: DAHLIA | D83: I | E83: 31 | F83: 3 | G83: 0 | H83: 39 | I83: 17 | J83: 56 | K83: 41 | L83: 12 | M83: 0 | N83: 0 | O83: 0 | P83: 53 | Q83: 27 | R83: 0 | S83: 57 | T83: 3 | U83: 12 | V83: 1.8387097 | W83: 61.290323 | X83: 4.75 | Y83: 3 | Z83: 4
A84: 4 | C84: BOGENVILE | D84: I | E84: 31 | F84: 3 | G84: 4 | H84: 22 | I84: 17 | J84: 43 | K84: 10 | L84: 31 | M84: 0 | N84: 0 | O84: 0 | P84: 41 | Q84: 133 | R84: 0 | S84: 105 | T84: 2 | U84: 31 | V84: 3.3870968 | W84: 112.90323 | X84: 3.3870968 | Y84: -0.38709677 | Z84: 10.333333
C85: BOGENVILE | D85: I | E85: 31 | F85: 3 | G85: 4 | H85: 22 | I85: 17 | J85: 43 | K85: 10 | L85: 31 | M85: 0 | N85: 0 | O85: 0 | P85: 41 | Q85: 133 | R85: 0 | S85: 105 | T85: 2 | U85: 31 | V85: 3.3870968 | W85: 112.90323 | X85: 3.3870968 | Y85: -0.38709677 | Z85: 10.333333
A86: 5 | C86: CATALYA BAWAH | D86: I | E86: 31 | F86: 14 | G86: 9 | H86: 97 | I86: 9 | J86: 115 | K86: 12 | L86: 89 | M86: 8 | N86: 3 | O86: 5 | P86: 109 | Q86: 332 | R86: 0 | S86: 301 | T86: 6 | U86: 97 | V86: 9.7096774 | W86: 69.354839 | X86: 3.1030928 | Y86: 1.371134 | Z86: 6.9285714
C87: CATALYA BAWAH | D87: I | E87: 31 | F87: 14 | G87: 9 | H87: 97 | I87: 9 | J87: 115 | K87: 12 | L87: 89 | M87: 8 | N87: 3 | O87: 5 | P87: 109 | Q87: 332 | R87: 0 | S87: 301 | T87: 6 | U87: 97 | V87: 9.7096774 | W87: 69.354839 | X87: 3.1030928 | Y87: 1.371134 | Z87: 6.9285714
A88: TOTAL KELAS I | E88: 31 | F88: 35 | G88: 25 | H88: 292 | I88: 63 | J88: 380 | K88: 74 | L88: 259 | M88: 22 | N88: 10 | O88: 12 | P88: 355 | Q88: 1034 | R88: 1 | S88: 929 | T88: 25 | U88: 281 | V88: 29.967742 | W88: 85.62212 | X88: 3.3060498 | Y88: 0.55516014 | Z88: 8.0285714
A91: NO | B91: PELAYANAN | C91: RAWAT INAP | D91: KLAS PERAWATAN | E91: PERIODE | F91: TT (T) | G91: PX AWAL | H91: PX MASUK | I91: PX PINDAHAN | J91: JUMLAH (1+2+3) | K91: PX DI PINDAHKAN | L91: PX KELUAR HIDUP | M91: PX MATI | N91: KURANG 48 JAM | O91: LEBIH 48 JAM | P91: JUMLAH (5+6+7) | Q91: LAMA DI RAWAT | R91: PX KELUAR/MASUK HR SAMA | S91: HARI PERAWATAN | T91: Px AKHIR | U91: KUNJUNGN | V91: O | W91: BOR (O/T) | X91: LOS | Y91: TOI | Z91: BTO
V92: (TT terpakai) | W92: (75%-85%) | X92: (3-12 hari) | Y92: (1-3 hr) | Z92: (30 px)
G94: 1 | H94: 2 | I94: 3 | J94: 4 | K94: 5 | L94: 6 | M94: 7 | N94: 8 | O94: 9 | P94: 10 | Q94: 11 | R94: 12 | S94: 13 | T94: 14 | V94: 15 | W94: 16 | X94: 17 | Y94: 18 | Z94: 19
A95: 1 | B95: KELAS II | C95: ALAMANDA | D95: II | E95: 31 | F95: 4 | G95: 4 | H95: 22 | I95: 3 | J95: 29 | K95: 1 | L95: 24 | M95: 2 | N95: 0 | O95: 2 | P95: 27 | Q95: 110 | R95: 0 | S95: 101 | T95: 2 | U95: 26 | V95: 3.2580645 | W95: 81.451613 | X95: 3.8846154 | Y95: 0.88461538 | Z95: 6.5
C96: ALAMANDA | D96: II | E96: 31 | F96: 4 | G96: 4 | H96: 22 | I96: 3 | J96: 29 | K96: 1 | L96: 24 | M96: 2 | N96: 0 | O96: 2 | P96: 27 | Q96: 110 | R96: 0 | S96: 101 | T96: 2 | U96: 26 | V96: 3.2580645 | W96: 81.451613 | X96: 3.8846154 | Y96: 0.88461538 | Z96: 6.5
A97: 2 | C97: CATALYA ATAS | D97: II | E97: 31 | F97: 8 | G97: 11 | H97: 99 | I97: 11 | J97: 121 | K97: 6 | L97: 103 | M97: 4 | N97: 3 | O97: 1 | P97: 113 | Q97: 375 | R97: 0 | S97: 315 | T97: 8 | U97: 107 | V97: 10.16129 | W97: 127.01613 | X97: 2.9439252 | Y97: -0.62616822 | Z97: 13.375
C98: CATALYA ATAS | D98: II | E98: 31 | F98: 8 | G98: 11 | H98: 99 | I98: 11 | J98: 121 | K98: 6 | L98: 103 | M98: 4 | N98: 3 | O98: 1 | P98: 113 | Q98: 375 | R98: 0 | S98: 315 | T98: 8 | U98: 107 | V98: 10.16129 | W98: 127.01613 | X98: 2.9439252 | Y98: -0.62616822 | Z98: 13.375
A99: 3 | C99: DAHLIA IBU | D99: II | E99: 31 | F99: 8 | G99: 6 | H99: 93 | I99: 76 | J99: 175 | K99: 145 | L99: 26 | M99: 1 | N99: 1 | O99: 0 | P99: 172 | Q99: 77 | R99: 1 | S99: 214 | T99: 3 | U99: 27 | V99: 6.9032258 | W99: 86.290323 | X99: 7.9259259 | Y99: 1.2592593 | Z99: 3.375
C100: DAHLIA BAYI | D100: II | E100: 31 | F100: 0 | G100: 0 | H100: 0 | I100: 0 | J100: 0 | K100: 0 | L100: 0 | M100: 0 | N100: 0 | O100: 0 | P100: 0 | Q100: 0 | R100: 0 | S100: 0 | T100: 0 | U100: 0 | V100: 0 | W100: #DIV/0! | X100: #DIV/0! | Y100: #DIV/0! | Z100: #DIV/0!
C101: DAHLIA | D101: II | E101: 31 | F101: 8 | G101: 6 | H101: 93 | I101: 76 | J101: 175 | K101: 145 | L101: 26 | M101: 1 | N101: 1 | O101: 0 | P101: 172 | Q101: 77 | R101: 1 | S101: 214 | T101: 3 | U101: 27 | V101: 6.9032258 | W101: 86.290323 | X101: 7.9259259 | Y101: 1.2592593 | Z101: 3.375
A102: 4 | C102: ASTER | D102: II | E102: 31 | F102: 2 | G102: 2 | H102: 11 | I102: 2 | J102: 15 | K102: 3 | L102: 10 | M102: 0 | N102: 0 | O102: 0 | P102: 13 | Q102: 40 | R102: 0 | S102: 46 | T102: 2 | U102: 10 | V102: 1.483871 | W102: 74.193548 | X102: 4.6 | Y102: 1.6 | Z102: 5
C103: ASTER | D103: II | E103: 31 | F103: 2 | G103: 2 | H103: 11 | I103: 2 | J103: 15 | K103: 3 | L103: 10 | M103: 0 | N103: 0 | O103: 0 | P103: 13 | Q103: 40 | R103: 0 | S103: 46 | T103: 2 | U103: 10 | V103: 1.483871 | W103: 74.193548 | X103: 4.6 | Y103: 1.6 | Z103: 5
A104: TOTAL KELAS II | E104: 31 | F104: 22 | G104: 23 | H104: 225 | I104: 92 | J104: 340 | K104: 155 | L104: 163 | M104: 7 | N104: 4 | O104: 3 | P104: 325 | Q104: 602 | R104: 1 | S104: 676 | T104: 15 | U104: 170 | V104: 21.806452 | W104: 99.120235 | X104: 3.9764706 | Y104: 0.035294118 | Z104: 7.7272727
A107: NO | B107: PELAYANAN | C107: RAWAT INAP | D107: KLAS PERAWATAN | E107: PERIODE | F107: TT (T) | G107: PX AWAL | H107: PX MASUK | I107: PX PINDAHAN | J107: JUMLAH (1+2+3) | K107: PX DI PINDAHKAN | L107: PX KELUAR HIDUP | M107: PX MATI | N107: KURANG 48 JAM | O107: LEBIH 48 JAM | P107: JUMLAH (5+6+7) | Q107: LAMA DI RAWAT | R107: PX KELUAR/MASUK HR SAMA | S107: HARI PERAWATAN | T107: Px AKHIR | U107: KUNJUNGN | V107: O | W107: BOR (O/T) | X107: LOS | Y107: TOI | Z107: BTO
V108: (TT terpakai) | W108: (75%-85%) | X108: (3-12 hari) | Y108: (1-3 hr) | Z108: (30 px)
G110: 1 | H110: 2 | I110: 3 | J110: 4 | K110: 5 | L110: 6 | M110: 7 | N110: 8 | O110: 9 | P110: 10 | Q110: 11 | R110: 12 | S110: 13 | T110: 14 | V110: 15 | W110: 16 | X110: 17 | Y110: 18 | Z110: 19
A111: 1 | B111: KELAS III | C111: ALAMANDA | D111: III | E111: 31 | F111: 12 | G111: 11 | H111: 76 | I111: 7 | J111: 94 | K111: 1 | L111: 85 | M111: 1 | N111: 0 | O111: 1 | P111: 87 | Q111: 329 | R111: 0 | S111: 316 | T111: 7 | U111: 86 | V111: 10.193548 | W111: 84.946237 | X111: 3.6744186 | Y111: 0.65116279 | Z111: 7.1666667
C112: ALAMANDA | D112: III | E112: 31 | F112: 12 | G112: 11 | H112: 76 | I112: 7 | J112: 94 | K112: 1 | L112: 85 | M112: 1 | N112: 0 | O112: 1 | P112: 87 | Q112: 329 | R112: 0 | S112: 316 | T112: 7 | U112: 86 | V112: 10.193548 | W112: 84.946237 | X112: 3.6744186 | Y112: 0.65116279 | Z112: 7.1666667
A113: 2 | C113: LAVENDER | D113: III | E113: 31 | F113: 14 | G113: 18 | H113: 122 | I113: 18 | J113: 158 | K113: 9 | L113: 115 | M113: 23 | N113: 8 | O113: 15 | P113: 147 | Q113: 565 | R113: 1 | S113: 498 | T113: 11 | U113: 138 | V113: 16.064516 | W113: 114.74654 | X113: 3.6086957 | Y113: -0.46376812 | Z113: 9.8571429
C114: LAVENDER | D114: III | E114: 31 | F114: 14 | G114: 18 | H114: 122 | I114: 18 | J114: 158 | K114: 9 | L114: 115 | M114: 23 | N114: 8 | O114: 15 | P114: 147 | Q114: 565 | R114: 1 | S114: 498 | T114: 11 | U114: 138 | V114: 16.064516 | W114: 114.74654 | X114: 3.6086957 | Y114: -0.46376812 | Z114: 9.8571429
A115: 3 | C115: MELATI ATAS | D115: III | E115: 31 | F115: 15 | G115: 19 | H115: 142 | I115: 15 | J115: 176 | K115: 20 | L115: 113 | M115: 23 | N115: 18 | O115: 5 | P115: 156 | Q115: 611 | R115: 3 | S115: 572 | T115: 20 | U115: 136 | V115: 18.451613 | W115: 123.01075 | X115: 4.2058824 | Y115: -0.78676471 | Z115: 9.0666667
C116: MELATI ATAS | D116: III | E116: 31 | F116: 15 | G116: 19 | H116: 142 | I116: 15 | J116: 176 | K116: 20 | L116: 113 | M116: 23 | N116: 18 | O116: 5 | P116: 156 | Q116: 611 | R116: 3 | S116: 572 | T116: 20 | U116: 136 | V116: 18.451613 | W116: 123.01075 | X116: 4.2058824 | Y116: -0.78676471 | Z116: 9.0666667
A117: 4 | C117: SERUNI | D117: III | E117: 31 | F117: 24 | G117: 18 | H117: 174 | I117: 14 | J117: 206 | K117: 12 | L117: 172 | M117: 10 | N117: 1 | O117: 9 | P117: 194 | Q117: 711 | R117: 0 | S117: 608 | T117: 12 | U117: 182 | V117: 19.612903 | W117: 81.72043 | X117: 3.3406593 | Y117: 0.74725275 | Z117: 7.5833333
C118: SERUNI | D118: III | E118: 31 | F118: 24 | G118: 18 | H118: 174 | I118: 14 | J118: 206 | K118: 12 | L118: 172 | M118: 10 | N118: 1 | O118: 9 | P118: 194 | Q118: 711 | R118: 0 | S118: 608 | T118: 12 | U118: 182 | V118: 19.612903 | W118: 81.72043 | X118: 3.3406593 | Y118: 0.74725275 | Z118: 7.5833333
A119: 5 | C119: GARDENA | D119: III | E119: 31 | F119: 20 | G119: 15 | H119: 168 | I119: 8 | J119: 191 | K119: 15 | L119: 152 | M119: 12 | N119: 6 | O119: 6 | P119: 179 | Q119: 573 | R119: 1 | S119: 527 | T119: 12 | U119: 164 | V119: 17 | W119: 85 | X119: 3.2134146 | Y119: 0.56707317 | Z119: 8.2
...

Sheet JUN
A1: DATA PELAYANAN RI RSD Dr.SOEBANDI JEMBER
A2: BULAN : JUNI 2026
A3: NO | B3: PELAYANAN | C3: RAWAT INAP | D3: KLAS PERAWATAN | E3: PERIODE | F3: TT (T) | G3: PX AWAL | H3: PX MASUK | I3: PX PINDAHAN | J3: JUMLAH (1+2+3) | K3: PX DI PINDAHKAN | L3: PX KELUAR HIDUP | M3: PX MATI | N3: KURANG 48 JAM | O3: LEBIH 48 JAM | P3: JUMLAH (5+6+7) | Q3: LAMA DI RAWAT | R3: PX KELUAR/MASUK HR SAMA | S3: HARI PERAWATAN | T3: Px AKHIR | U3: KUNJUNGN | V3: O | W3: BOR (O/T) | X3: LOS | Y3: TOI | Z3: BTO
V4: (TT terpakai) | W4: (75%-85%) | X4: (3-12 hari) | Y4: (1-3 hr) | Z4: (30 px)
G6: 1 | H6: 2 | I6: 3 | J6: 4 | K6: 5 | L6: 6 | M6: 7 | N6: 8 | O6: 9 | P6: 10 | Q6: 11 | R6: 12 | S6: 13 | T6: 14 | V6: 15 | W6: 16 | X6: 17 | Y6: 18 | Z6: 19
A7: 1 | B7: INTENSIVE | C7: ICU | D7: I | E7: 30 | F7: 14 | G7: 8 | H7: 13 | I7: 92 | J7: 113 | K7: 86 | L7: 0 | M7: 19 | N7: 5 | O7: 14 | P7: 105 | Q7: 124 | R7: 0 | S7: 270 | T7: 8 | U7: 19 | V7: 9 | W7: 64.285714 | X7: 14.210526 | Y7: 7.8947368 | Z7: 1.3571429
C8: ICU | D8: I | E8: 30 | F8: 14 | G8: 8 | H8: 13 | I8: 92 | J8: 113 | K8: 86 | L8: 0 | M8: 19 | N8: 5 | O8: 14 | P8: 105 | Q8: 124 | R8: 0 | S8: 270 | T8: 8 | U8: 19 | V8: 9 | W8: 64.285714 | X8: 14.210526 | Y8: 7.8947368 | Z8: 1.3571429
A9: 2 | C9: ICCU | D9: I | E9: 30 | F9: 5 | G9: 1 | H9: 70 | I9: 13 | J9: 84 | K9: 70 | L9: 1 | M9: 10 | N9: 7 | O9: 3 | P9: 81 | Q9: 20 | R9: 3 | S9: 101 | T9: 3 | U9: 11 | V9: 3.3666667 | W9: 67.333333 | X9: 9.1818182 | Y9: 4.4545455 | Z9: 2.2
C10: ICCU | D10: I | E10: 30 | F10: 5 | G10: 1 | H10: 70 | I10: 13 | J10: 84 | K10: 70 | L10: 1 | M10: 10 | N10: 7 | O10: 3 | P10: 81 | Q10: 20 | R10: 3 | S10: 101 | T10: 3 | U10: 11 | V10: 3.3666667 | W10: 67.333333 | X10: 9.1818182 | Y10: 4.4545455 | Z10: 2.2
A11: 3 | C11: PICU | D11: I | E11: 30 | F11: 3 | G11: 3 | H11: 7 | I11: 11 | J11: 21 | K11: 15 | L11: 0 | M11: 3 | N11: 0 | O11: 3 | P11: 18 | Q11: 36 | R11: 0 | S11: 73 | T11: 3 | U11: 3 | V11: 2.4333333 | W11: 81.111111 | X11: 24.333333 | Y11: 5.6666667 | Z11: 1
C12: PICU | D12: I | E12: 30 | F12: 3 | G12: 3 | H12: 7 | I12: 11 | J12: 21 | K12: 15 | L12: 0 | M12: 3 | N12: 0 | O12: 3 | P12: 18 | Q12: 36 | R12: 0 | S12: 73 | T12: 3 | U12: 3 | V12: 2.4333333 | W12: 81.111111 | X12: 24.333333 | Y12: 5.6666667 | Z12: 1
A13: 4 | C13: NICU | D13: I | E13: 30 | F13: 5 | G13: 5 | H13: 5 | I13: 14 | J13: 24 | K13: 15 | L13: 0 | M13: 4 | N13: 0 | O13: 4 | P13: 19 | Q13: 51 | R13: 0 | S13: 139 | T13: 5 | U13: 4 | V13: 4.6333333 | W13: 92.666667 | X13: 34.75 | Y13: 2.75 | Z13: 0.8
C14: NICU | D14: I | E14: 30 | F14: 5 | G14: 5 | H14: 5 | I14: 14 | J14: 24 | K14: 15 | L14: 0 | M14: 4 | N14: 0 | O14: 4 | P14: 19 | Q14: 51 | R14: 0 | S14: 139 | T14: 5 | U14: 4 | V14: 4.6333333 | W14: 92.666667 | X14: 34.75 | Y14: 2.75 | Z14: 0.8
A15: 5 | C15: ICU MEDICAL | D15: I | E15: 30 | F15: 4 | G15: 3 | H15: 26 | I15: 11 | J15: 40 | K15: 21 | L15: 1 | M15: 15 | N15: 11 | O15: 4 | P15: 37 | Q15: 41 | R15: 4 | S15: 77 | T15: 3 | U15: 16 | V15: 2.5666667 | W15: 64.166667 | X15: 4.8125 | Y15: 2.6875 | Z15: 4
C16: ICU MEDICAL | D16: I | E16: 30 | F16: 4 | G16: 3 | H16: 26 | I16: 11 | J16: 40 | K16: 21 | L16: 1 | M16: 15 | N16: 11 | O16: 4 | P16: 37 | Q16: 41 | R16: 4 | S16: 77 | T16: 3 | U16: 16 | V16: 2.5666667 | W16: 64.166667 | X16: 4.8125 | Y16: 2.6875 | Z16: 4
A17: 6 | C17: RICU ED | D17: I | E17: 30 | F17: 2 | G17: 1 | H17: 10 | I17: 2 | J17: 13 | K17: 7 | L17: 0 | M17: 6 | N17: 5 | O17: 1 | P17: 13 | Q17: 9 | R17: 2 | S17: 28 | T17: 0 | U17: 6 | V17: 0.93333333 | W17: 46.666667 | X17: 4.6666667 | Y17: 5.3333333 | Z17: 3
C18: RICU ED | E18: 30 | F18: 2 | G18: 1 | H18: 10 | I18: 2 | J18: 13 | K18: 7 | L18: 0 | M18: 6 | N18: 5 | O18: 1 | P18: 13 | Q18: 9 | R18: 2 | S18: 28 | T18: 0 | U18: 6 | V18: 0.93333333 | W18: 46.666667 | X18: 4.6666667 | Y18: 5.3333333 | Z18: 3
A19: 7 | C19: HCU MELATI BAWAH | D19: II | E19: 30 | F19: 15 | G19: 12 | H19: 75 | I19: 27 | J19: 114 | K19: 20 | L19: 67 | M19: 15 | N19: 5 | O19: 10 | P19: 102 | Q19: 478 | R19: 1 | S19: 362 | T19: 12 | U19: 82 | V19: 12.066667 | W19: 80.444444 | X19: 4.4146341 | Y19: 1.0731707 | Z19: 5.4666667
C20: HCU MELATI BAWAH | D20: II | E20: 30 | F20: 15 | G20: 12 | H20: 75 | I20: 27 | J20: 114 | K20: 20 | L20: 67 | M20: 15 | N20: 5 | O20: 10 | P20: 102 | Q20: 478 | R20: 1 | S20: 362 | T20: 12 | U20: 82 | V20: 12.066667 | W20: 80.444444 | X20: 4.4146341 | Y20: 1.0731707 | Z20: 5.4666667
A21: TOTAL INTENSIVE | E21: 30 | F21: 48 | G21: 33 | H21: 206 | I21: 170 | J21: 409 | K21: 234 | L21: 69 | M21: 72 | N21: 33 | O21: 39 | P21: 375 | Q21: 759 | R21: 10 | S21: 1050 | T21: 34 | U21: 141 | V21: 35 | W21: 72.916667 | X21: 7.4468085 | Y21: 2.7659574 | Z21: 2.9375
A24: NO | B24: PELAYANAN | C24: RAWAT INAP | D24: KLAS PERAWATAN | E24: PERIODE | F24: TT (T) | G24: PX AWAL | H24: PX MASUK | I24: PX PINDAHAN | J24: JUMLAH (1+2+3) | K24: PX DI PINDAHKAN | L24: PX KELUAR HIDUP | M24: PX MATI | N24: KURANG 48 JAM | O24: LEBIH 48 JAM | P24: JUMLAH (5+6+7) | Q24: LAMA DI RAWAT | R24: PX KELUAR/MASUK HR SAMA | S24: HARI PERAWATAN | T24: Px AKHIR | U24: KUNJUNGN | V24: O | W24: BOR (O/T) | X24: LOS | Y24: TOI | Z24: BTO
V25: (TT terpakai) | W25: (75%-85%) | X25: (3-12 hari) | Y25: (1-3 hr) | Z25: (30 px)
G27: 1 | H27: 2 | I27: 3 | J27: 4 | K27: 5 | L27: 6 | M27: 7 | N27: 8 | O27: 9 | P27: 10 | Q27: 11 | R27: 12 | S27: 13 | T27: 14 | V27: 15 | W27: 16 | X27: 17 | Y27: 18 | Z27: 19
A28: 1 | B28: ISOLASI | C28: SAKURA | D28: TB MDR II | E28: 30 | F28: 2 | G28: 0 | H28: 2 | I28: 0 | J28: 2 | K28: 0 | L28: 2 | M28: 0 | N28: 0 | O28: 0 | P28: 2 | Q28: 7 | R28: 0 | S28: 7 | T28: 0 | U28: 2 | V28: 0.23333333 | W28: 11.666667 | X28: 3.5 | Y28: 26.5 | Z28: 1
C29: SAKURA | D29: TB MDR III | E29: 30 | F29: 3 | G29: 0 | H29: 7 | I29: 0 | J29: 7 | K29: 0 | L29: 5 | M29: 1 | N29: 1 | O29: 0 | P29: 6 | Q29: 22 | R29: 0 | S29: 25 | T29: 1 | U29: 6 | V29: 0.83333333 | W29: 27.777778 | X29: 4.1666667 | Y29: 10.833333 | Z29: 2
C30: SAKURA | D30: TB PARU II | E30: 30 | F30: 2 | G30: 2 | H30: 2 | I30: 1 | J30: 5 | K30: 1 | L30: 3 | M30: 1 | N30: 0 | O30: 1 | P30: 5 | Q30: 23 | R30: 0 | S30: 16 | T30: 0 | U30: 4 | V30: 0.53333333 | W30: 26.666667 | X30: 4 | Y30: 11 | Z30: 2
C31: SAKURA | D31: TB PARU III | E31: 30 | F31: 10 | G31: 7 | H31: 54 | I31: 3 | J31: 64 | K31: 2 | L31: 39 | M31: 15 | N31: 11 | O31: 4 | P31: 56 | Q31: 205 | R31: 2 | S31: 196 | T31: 8 | U31: 54 | V31: 6.5333333 | W31: 65.333333 | X31: 3.6296296 | Y31: 1.9259259 | Z31: 5.4
C32: SAKURA | E32: 30 | F32: 17 | G32: 9 | H32: 65 | I32: 4 | J32: 78 | K32: 3 | L32: 49 | M32: 17 | N32: 12 | O32: 5 | P32: 69 | Q32: 257 | R32: 2 | S32: 244 | T32: 9 | U32: 66 | V32: 8.1333333 | W32: 47.843137 | X32: 3.6969697 | Y32: 4.030303 | Z32: 3.8823529
A33: 2 | C33: CATALYA | D33: ISOLASI | E33: 30 | F33: 6 | G33: 0 | H33: 0 | I33: 0 | J33: 0 | K33: 0 | L33: 0 | M33: 0 | N33: 0 | O33: 0 | P33: 0 | Q33: 0 | R33: 0 | S33: 0 | T33: 0 | U33: 0 | V33: 0 | W33: 0 | X33: #DIV/0! | Y33: #DIV/0! | Z33: 0
C34: CATALYA | E34: 30 | F34: 6 | G34: 0 | H34: 0 | I34: 0 | J34: 0 | K34: 0 | L34: 0 | M34: 0 | N34: 0 | O34: 0 | P34: 0 | Q34: 0 | R34: 0 | S34: 0 | T34: 0 | U34: 0 | V34: 0 | W34: 0 | X34: #DIV/0! | Y34: #DIV/0! | Z34: 0
A35: 3 | C35: LAVENDER | D35: III | E35: 30 | F35: 4 | G35: 0 | H35: 0 | I35: 0 | J35: 0 | K35: 0 | L35: 0 | M35: 0 | N35: 0 | O35: 0 | P35: 0 | Q35: 0 | R35: 0 | S35: 0 | T35: 0 | U35: 0 | V35: 0 | W35: 0 | X35: #DIV/0! | Y35: #DIV/0! | Z35: 0
C36: LAVENDER | E36: 30 | F36: 4 | G36: 0 | H36: 0 | I36: 0 | J36: 0 | K36: 0 | L36: 0 | M36: 0 | N36: 0 | O36: 0 | P36: 0 | Q36: 0 | R36: 0 | S36: 0 | T36: 0 | U36: 0 | V36: 0 | W36: 0 | X36: #DIV/0! | Y36: #DIV/0! | Z36: 0
A37: 4 | C37: NUSA INDAH | D37: I | E37: 30 | F37: 2 | G37: 0 | H37: 0 | I37: 0 | J37: 0 | K37: 0 | L37: 0 | M37: 0 | N37: 0 | O37: 0 | P37: 0 | Q37: 0 | R37: 0 | S37: 0 | T37: 0 | U37: 0 | V37: 0 | W37: 0 | X37: #DIV/0! | Y37: #DIV/0! | Z37: 0
C38: NUSA INDAH | E38: 30 | F38: 2 | G38: 0 | H38: 0 | I38: 0 | J38: 0 | K38: 0 | L38: 0 | M38: 0 | N38: 0 | O38: 0 | P38: 0 | Q38: 0 | R38: 0 | S38: 0 | T38: 0 | U38: 0 | V38: 0 | W38: 0 | X38: #DIV/0! | Y38: #DIV/0! | Z38: 0
A39: 5 | C39: MAWAR | D39: III | E39: 30 | F39: 4 | G39: 0 | H39: 0 | I39: 0 | J39: 0 | K39: 0 | L39: 0 | M39: 0 | N39: 0 | O39: 0 | P39: 0 | Q39: 0 | R39: 0 | S39: 0 | T39: 0 | U39: 0 | V39: 0 | W39: 0 | X39: #DIV/0! | Y39: #DIV/0! | Z39: 0
C40: MAWAR | E40: 30 | F40: 4 | G40: 0 | H40: 0 | I40: 0 | J40: 0 | K40: 0 | L40: 0 | M40: 0 | N40: 0 | O40: 0 | P40: 0 | Q40: 0 | R40: 0 | S40: 0 | T40: 0 | U40: 0 | V40: 0 | W40: 0 | X40: #DIV/0! | Y40: #DIV/0! | Z40: 0
A41: 6 | C41: BOGENVILE | D41: I | E41: 30 | F41: 1 | G41: 0 | H41: 0 | I41: 0 | J41: 0 | K41: 0 | L41: 0 | M41: 0 | N41: 0 | O41: 0 | P41: 0 | Q41: 0 | R41: 0 | S41: 0 | T41: 0 | U41: 0 | V41: 0 | W41: 0 | X41: #DIV/0! | Y41: #DIV/0! | Z41: 0
C42: BOGENVILE | E42: 30 | F42: 1 | G42: 0 | H42: 0 | I42: 0 | J42: 0 | K42: 0 | L42: 0 | M42: 0 | N42: 0 | O42: 0 | P42: 0 | Q42: 0 | R42: 0 | S42: 0 | T42: 0 | U42: 0 | V42: 0 | W42: 0 | X42: #DIV/0! | Y42: #DIV/0! | Z42: 0
A43: 7 | C43: MELATI ATAS | D43: III | E43: 30 | F43: 4 | G43: 0 | H43: 0 | I43: 0 | J43: 0 | K43: 0 | L43: 0 | M43: 0 | N43: 0 | O43: 0 | P43: 0 | Q43: 0 | R43: 0 | S43: 0 | T43: 0 | U43: 0 | V43: 0 | W43: 0 | X43: #DIV/0! | Y43: #DIV/0! | Z43: 0
C44: MELATI ATAS | E44: 30 | F44: 4 | G44: 0 | H44: 0 | I44: 0 | J44: 0 | K44: 0 | L44: 0 | M44: 0 | N44: 0 | O44: 0 | P44: 0 | Q44: 0 | R44: 0 | S44: 0 | T44: 0 | U44: 0 | V44: 0 | W44: 0 | X44: #DIV/0! | Y44: #DIV/0! | Z44: 0
A45: 8 | C45: ALAMANDA | D45: III | E45: 30 | F45: 1 | G45: 0 | H45: 0 | I45: 0 | J45: 0 | K45: 0 | L45: 0 | M45: 0 | N45: 0 | O45: 0 | P45: 0 | Q45: 0 | R45: 0 | S45: 0 | T45: 0 | U45: 0 | V45: 0 | W45: 0 | X45: #DIV/0! | Y45: #DIV/0! | Z45: 0
C46: ALAMANDA | E46: 30 | F46: 1 | G46: 0 | H46: 0 | I46: 0 | J46: 0 | K46: 0 | L46: 0 | M46: 0 | N46: 0 | O46: 0 | P46: 0 | Q46: 0 | R46: 0 | S46: 0 | T46: 0 | U46: 0 | V46: 0 | W46: 0 | X46: #DIV/0! | Y46: #DIV/0! | Z46: 0
A47: 9 | C47: ASTER | D47: III | E47: 30 | F47: 5 | G47: 0 | H47: 27 | I47: 3 | J47: 30 | K47: 3 | L47: 23 | M47: 0 | N47: 0 | O47: 0 | P47: 26 | Q47: 92 | R47: 0 | S47: 102 | T47: 4 | U47: 23 | V47: 3.4 | W47: 68 | X47: 4.4347826 | Y47: 2.0869565 | Z47: 4.6
C48: ASTER | E48: 30 | F48: 5 | G48: 0 | H48: 27 | I48: 3 | J48: 30 | K48: 3 | L48: 23 | M48: 0 | N48: 0 | O48: 0 | P48: 26 | Q48: 92 | R48: 0 | S48: 102 | T48: 4 | U48: 23 | V48: 3.4 | W48: 68 | X48: 4.4347826 | Y48: 2.0869565 | Z48: 4.6
A49: TOTAL ISOLASI | E49: 30 | F49: 44 | G49: 9 | H49: 92 | I49: 7 | J49: 108 | K49: 6 | L49: 72 | M49: 17 | N49: 12 | O49: 5 | P49: 95 | Q49: 349 | R49: 2 | S49: 346 | T49: 13 | U49: 89 | V49: 11.533333 | W49: 26.212121 | X49: 3.8876404 | Y49: 10.94382 | Z49: 2.0227273
A52: NO | B52: PELAYANAN | C52: RAWAT INAP | D52: KLAS PERAWATAN | E52: PERIODE | F52: TT (T) | G52: PX AWAL | H52: PX MASUK | I52: PX PINDAHAN | J52: JUMLAH (1+2+3) | K52: PX DI PINDAHKAN | L52: PX KELUAR HIDUP | M52: PX MATI | N52: KURANG 48 JAM | O52: LEBIH 48 JAM | P52: JUMLAH (5+6+7) | Q52: LAMA DI RAWAT | R52: PX KELUAR/MASUK HR SAMA | S52: HARI PERAWATAN | T52: Px AKHIR | U52: KUNJUNGN | V52: O | W52: BOR (O/T) | X52: LOS | Y52: TOI | Z52: BTO
V53: (TT terpakai) | W53: (75%-85%) | X53: (3-12 hari) | Y53: (1-3 hr) | Z53: (30 px)
G55: 1 | H55: 2 | I55: 3 | J55: 4 | K55: 5 | L55: 6 | M55: 7 | N55: 8 | O55: 9 | P55: 10 | Q55: 11 | R55: 12 | S55: 13 | T55: 14 | V55: 15 | W55: 16 | X55: 17 | Y55: 18 | Z55: 19
A56: 1 | B56: PERISTI | C56: PERINATOLOGI | D56: II | E56: 30 | F56: 30 | G56: 24 | H56: 208 | I56: 13 | J56: 245 | K56: 82 | L56: 133 | M56: 6 | N56: 3 | O56: 3 | P56: 221 | Q56: 805 | R56: 1 | S56: 758 | T56: 24 | U56: 139 | V56: 25.266667 | W56: 84.222222 | X56: 5.4532374 | Y56: 1.0215827 | Z56: 4.6333333
A57: PERINATOLOGI | E57: 30 | F57: 30 | G57: 24 | H57: 208 | I57: 13 | J57: 245 | K57: 82 | L57: 133 | M57: 6 | N57: 3 | O57: 3 | P57: 221 | Q57: 805 | R57: 1 | S57: 758 | T57: 24 | U57: 139 | V57: 25.266667 | W57: 84.222222 | X57: 5.4532374 | Y57: 1.0215827 | Z57: 4.6333333
A60: NO | B60: PELAYANAN | C60: RAWAT INAP | D60: KLAS PERAWATAN | E60: PERIODE | F60: TT (T) | G60: PX AWAL | H60: PX MASUK | I60: PX PINDAHAN | J60: JUMLAH (1+2+3) | K60: PX DI PINDAHKAN | L60: PX KELUAR HIDUP | M60: PX MATI | N60: KURANG 48 JAM | O60: LEBIH 48 JAM | P60: JUMLAH (5+6+7) | Q60: LAMA DI RAWAT | R60: PX KELUAR/MASUK HR SAMA | S60: HARI PERAWATAN | T60: Px AKHIR | U60: KUNJUNGN | V60: O | W60: BOR (O/T) | X60: LOS | Y60: TOI | Z60: BTO
V61: (TT terpakai) | W61: (75%-85%) | X61: (3-12 hari) | Y61: (1-3 hr) | Z61: (30 px)
G63: 1 | H63: 2 | I63: 3 | J63: 4 | K63: 5 | L63: 6 | M63: 7 | N63: 8 | O63: 9 | P63: 10 | Q63: 11 | R63: 12 | S63: 13 | T63: 14 | V63: 15 | W63: 16 | X63: 17 | Y63: 18 | Z63: 19
A64: 1 | B64: PAVILIUN | C64: ANGGREK | D64: VIP | E64: 30 | F64: 8 | G64: 4 | H64: 38 | I64: 5 | J64: 47 | K64: 3 | L64: 36 | M64: 4 | N64: 1 | O64: 3 | P64: 43 | Q64: 158 | R64: 0 | S64: 148 | T64: 4 | U64: 40 | V64: 4.9333333 | W64: 61.666667 | X64: 3.7 | Y64: 2.3 | Z64: 5
C65: ANGGREK | D65: VIP | E65: 30 | F65: 8 | G65: 4 | H65: 38 | I65: 5 | J65: 47 | K65: 3 | L65: 36 | M65: 4 | N65: 1 | O65: 3 | P65: 43 | Q65: 158 | R65: 0 | S65: 148 | T65: 4 | U65: 40 | V65: 4.9333333 | W65: 61.666667 | X65: 3.7 | Y65: 2.3 | Z65: 5
A66: 2 | C66: NUSA INDAH | D66: VIP | E66: 30 | F66: 2 | G66: 0 | H66: 1 | I66: 0 | J66: 1 | K66: 0 | L66: 1 | M66: 0 | N66: 0 | O66: 0 | P66: 1 | Q66: 2 | R66: 0 | S66: 2 | T66: 0 | U66: 1 | V66: 0.066666667 | W66: 3.3333333 | X66: 2 | Y66: 58 | Z66: 0.5
C67: NUSA INDAH | D67: VIP | E67: 30 | F67: 2 | G67: 0 | H67: 1 | I67: 0 | J67: 1 | K67: 0 | L67: 1 | M67: 0 | N67: 0 | O67: 0 | P67: 1 | Q67: 2 | R67: 0 | S67: 2 | T67: 0 | U67: 1 | V67: 0.066666667 | W67: 3.3333333 | X67: 2 | Y67: 58 | Z67: 0.5
A68: 3 | C68: BOGENVILE | D68: VIP | E68: 30 | F68: 8 | G68: 3 | H68: 44 | I68: 7 | J68: 54 | K68: 12 | L68: 33 | M68: 2 | N68: 0 | O68: 2 | P68: 47 | Q68: 141 | R68: 0 | S68: 155 | T68: 7 | U68: 35 | V68: 5.1666667 | W68: 64.583333 | X68: 4.4285714 | Y68: 2.4285714 | Z68: 4.375
C69: BOGENVILE | D69: VIP | E69: 30 | F69: 8 | G69: 3 | H69: 44 | I69: 7 | J69: 54 | K69: 12 | L69: 33 | M69: 2 | N69: 0 | O69: 2 | P69: 47 | Q69: 141 | R69: 0 | S69: 155 | T69: 7 | U69: 35 | V69: 5.1666667 | W69: 64.583333 | X69: 4.4285714 | Y69: 2.4285714 | Z69: 4.375
A70: PAVILIUN | D70: VIP | E70: 30 | F70: 18 | G70: 7 | H70: 83 | I70: 12 | J70: 102 | K70: 15 | L70: 70 | M70: 6 | N70: 1 | O70: 5 | P70: 91 | Q70: 301 | R70: 0 | S70: 305 | T70: 11 | U70: 76 | V70: 10.166667 | W70: 56.481481 | X70: 4.0131579 | Y70: 3.0921053 | Z70: 4.2222222
A73: NO | B73: PELAYANAN | C73: RAWAT INAP | D73: KLAS PERAWATAN | E73: PERIODE | F73: TT (T) | G73: PX AWAL | H73: PX MASUK | I73: PX PINDAHAN | J73: JUMLAH (1+2+3) | K73: PX DI PINDAHKAN | L73: PX KELUAR HIDUP | M73: PX MATI | N73: KURANG 48 JAM | O73: LEBIH 48 JAM | P73: JUMLAH (5+6+7) | Q73: LAMA DI RAWAT | R73: PX KELUAR/MASUK HR SAMA | S73: HARI PERAWATAN | T73: Px AKHIR | U73: KUNJUNGN | V73: O | W73: BOR (O/T) | X73: LOS | Y73: TOI | Z73: BTO
V74: (TT terpakai) | W74: (75%-85%) | X74: (3-12 hari) | Y74: (1-3 hr) | Z74: (30 px)
G76: 1 | H76: 2 | I76: 3 | J76: 4 | K76: 5 | L76: 6 | M76: 7 | N76: 8 | O76: 9 | P76: 10 | Q76: 11 | R76: 12 | S76: 13 | T76: 14 | V76: 15 | W76: 16 | X76: 17 | Y76: 18 | Z76: 19
A77: 1 | B77: KELAS I | C77: ALAMANDA | D77: I | E77: 30 | F77: 2 | G77: 2 | H77: 14 | I77: 6 | J77: 22 | K77: 0 | L77: 19 | M77: 0 | N77: 0 | O77: 0 | P77: 19 | Q77: 82 | R77: 0 | S77: 70 | T77: 3 | U77: 19 | V77: 2.3333333 | W77: 116.66667 | X77: 3.6842105 | Y77: -0.52631579 | Z77: 9.5
C78: ALAMANDA | D78: I | E78: 30 | F78: 2 | G78: 2 | H78: 14 | I78: 6 | J78: 22 | K78: 0 | L78: 19 | M78: 0 | N78: 0 | O78: 0 | P78: 19 | Q78: 82 | R78: 0 | S78: 70 | T78: 3 | U78: 19 | V78: 2.3333333 | W78: 116.66667 | X78: 3.6842105 | Y78: -0.52631579 | Z78: 9.5
A79: 2 | C79: NUSA INDAH | D79: I | E79: 30 | F79: 13 | G79: 12 | H79: 113 | I79: 13 | J79: 138 | K79: 8 | L79: 107 | M79: 8 | N79: 2 | O79: 6 | P79: 123 | Q79: 431 | R79: 1 | S79: 415 | T79: 15 | U79: 115 | V79: 13.833333 | W79: 106.41026 | X79: 3.6086957 | Y79: -0.2173913 | Z79: 8.8461538
C80: NUSA INDAH | D80: I | E80: 30 | F80: 13 | G80: 12 | H80: 113 | I80: 13 | J80: 138 | K80: 8 | L80: 107 | M80: 8 | N80: 2 | O80: 6 | P80: 123 | Q80: 431 | R80: 1 | S80: 415 | T80: 15 | U80: 115 | V80: 13.833333 | W80: 106.41026 | X80: 3.6086957 | Y80: -0.2173913 | Z80: 8.8461538
A81: 3 | C81: DAHLIA IBU | D81: I | E81: 30 | F81: 3 | G81: 3 | H81: 24 | I81: 27 | J81: 54 | K81: 39 | L81: 13 | M81: 0 | N81: 0 | O81: 0 | P81: 52 | Q81: 31 | R81: 0 | S81: 36 | T81: 2 | U81: 13 | V81: 1.2 | W81: 40 | X81: 2.7692308 | Y81: 4.1538462 | Z81: 4.3333333
C82: DAHLIA BAYI | D82: I | E82: 30 | F82: 0 | G82: 0 | H82: 0 | I82: 0 | J82: 0 | K82: 0 | L82: 0 | M82: 0 | N82: 0 | O82: 0 | P82: 0 | Q82: 0 | R82: 0 | S82: 0 | T82: 0 | U82: 0 | V82: 0 | W82: #DIV/0! | X82: #DIV/0! | Y82: #DIV/0! | Z82: #DIV/0!
C83: DAHLIA | D83: I | E83: 30 | F83: 3 | G83: 3 | H83: 24 | I83: 27 | J83: 54 | K83: 39 | L83: 13 | M83: 0 | N83: 0 | O83: 0 | P83: 52 | Q83: 31 | R83: 0 | S83: 36 | T83: 2 | U83: 13 | V83: 1.2 | W83: 40 | X83: 2.7692308 | Y83: 4.1538462 | Z83: 4.3333333
A84: 4 | C84: BOGENVILE | D84: I | E84: 30 | F84: 3 | G84: 2 | H84: 30 | I84: 13 | J84: 45 | K84: 8 | L84: 33 | M84: 0 | N84: 0 | O84: 0 | P84: 41 | Q84: 116 | R84: 0 | S84: 104 | T84: 4 | U84: 33 | V84: 3.4666667 | W84: 115.55556 | X84: 3.1515152 | Y84: -0.42424242 | Z84: 11
