Workbook

Sheet JAN
A1: DATA PELAYANAN RI RSD Dr.SOEBANDI JEMBER
A2: BULAN : JANUARI 2026 | V2: s/e | W2: v/f*100 | X2: S/L+M | Y2: ((F-V)*E)/(LM) | Z2: L+M/F
A3: NO | B3: PELAYANAN | C3: RAWAT INAP | D3: KLAS PERAWATAN | E3: PERIODE | F3: TT (T) | G3: PX AWAL | H3: PX MASUK | I3: PX PINDAHAN | J3: JUMLAH (1+2+3) | K3: PX DI PINDAHKAN | L3: PX KELUAR HIDUP | M3: PX MATI | N3: KURANG 48 JAM | O3: LEBIH 48 JAM | P3: JUMLAH (5+6+7) | Q3: LAMA DI RAWAT | R3: PX KELUAR/MASUK HR SAMA | S3: HARI PERAWATAN | T3: Px AKHIR | U3: KUNJUNGN | V3: O | W3: BOR (O/T) | X3: LOS | Y3: TOI | Z3: BTO
V4: (TT terpakai) | W4: (75%-85%) | X4: (3-12 hari) | Y4: (1-3 hr) | Z4: (30 px)
G6: 1 | H6: 2 | I6: 3 | J6: 4 | K6: 5 | L6: 6 | M6: 7 | N6: 8 | O6: 9 | P6: 10 | Q6: 11 | R6: 12 | S6: 13 | T6: 14 | V6: 15 | W6: 16 | X6: 17 | Y6: 18 | Z6: 19
A7: 1 | B7: RAWAT INAP UMUM | C7: ADENIUM | D7: III | E7: 31 | F7: 20 | G7: 22 | H7: 98 | I7: 16 | J7: 136 | K7: 7 | L7: 88 | M7: 18 | N7: 9 | O7: 9 | P7: 113 | Q7: 405 | R7: 1 | S7: 652 | T7: 23 | U7: 106 | V7: 21.032258 | W7: 105.16129 | X7: 6.1509434 | Y7: -0.30188679 | Z7: 5.3
C8: ADENIUM | E8: 31 | F8: 20 | G8: 22 | H8: 98 | I8: 16 | J8: 136 | K8: 7 | L8: 88 | M8: 18 | N8: 9 | O8: 9 | P8: 113 | Q8: 405 | R8: 1 | S8: 652 | T8: 23 | U8: 106 | V8: 21.032258 | W8: 105.16129 | X8: 6.1509434 | Y8: -0.30188679 | Z8: 5.3
A9: 2 | C9: ANTURIUM | D9: III | E9: 31 | F9: 16 | G9: 14 | H9: 90 | I9: 40 | J9: 144 | K9: 6 | L9: 106 | M9: 18 | N9: 7 | O9: 11 | P9: 130 | Q9: 438 | R9: 2 | S9: 460 | T9: 14 | U9: 124 | V9: 14.83871 | W9: 92.741935 | X9: 3.7096774 | Y9: 0.29032258 | Z9: 7.75
C10: ANTURIUM | E10: 31 | F10: 16 | G10: 14 | H10: 90 | I10: 40 | J10: 144 | K10: 6 | L10: 106 | M10: 18 | N10: 7 | O10: 11 | P10: 130 | Q10: 438 | R10: 2 | S10: 460 | T10: 14 | U10: 124 | V10: 14.83871 | W10: 92.741935 | X10: 3.7096774 | Y10: 0.29032258 | Z10: 7.75
A11: 3 | D11: II | E11: 31 | G11: 0 | H11: 0 | I11: 0 | J11: 0 | K11: 0 | L11: 0 | M11: 0 | N11: 0 | O11: 0 | P11: 0 | Q11: 0 | R11: 0 | S11: 0 | T11: 0 | U11: 0 | V11: #DIV/0! | W11: #DIV/0! | X11: #DIV/0! | Y11: #DIV/0! | Z11: #DIV/0!
C12: TULIP | D12: III | E12: 31 | F12: 12 | G12: 10 | H12: 88 | I12: 6 | J12: 104 | K12: 11 | L12: 82 | M12: 3 | N12: 2 | O12: 1 | P12: 96 | Q12: 307 | R12: 1 | S12: 299 | T12: 8 | U12: 85 | V12: 9.6451613 | W12: 80.376344 | X12: 3.5176471 | Y12: 0.85882353 | Z12: 7.0833333
C13: TULIP | E13: 31 | F13: 12 | G13: 10 | H13: 88 | I13: 6 | J13: 104 | K13: 11 | L13: 82 | M13: 3 | N13: 2 | O13: 1 | P13: 96 | Q13: 307 | R13: 1 | S13: 299 | T13: 8 | U13: 85 | V13: 9.6451613 | W13: 80.376344 | X13: 3.5176471 | Y13: 0.85882353 | Z13: 7.0833333
A14: 4 | C14: ASTER | D14: II | E14: 31 | F14: 2 | G14: 2 | H14: 13 | I14: 7 | J14: 22 | K14: 8 | L14: 13 | M14: 0 | N14: 0 | O14: 0 | P14: 21 | Q14: 40 | R14: 0 | S14: 41 | T14: 1 | U14: 13 | V14: 1.3225806 | W14: 66.129032 | X14: 3.1538462 | Y14: 1.6153846 | Z14: 6.5
C15: ASTER | D15: III | E15: 31 | F15: 17 | G15: 15 | H15: 127 | I15: 17 | J15: 159 | K15: 12 | L15: 129 | M15: 5 | N15: 4 | O15: 1 | P15: 146 | Q15: 448 | R15: 4 | S15: 449 | T15: 13 | U15: 134 | V15: 14.483871 | W15: 85.199241 | X15: 3.3507463 | Y15: 0.58208955 | Z15: 7.8823529
C16: ASTER | D16: ISOLASI | E16: 31 | F16: 5 | G16: 4 | H16: 20 | I16: 6 | J16: 30 | K16: 4 | L16: 24 | M16: 0 | N16: 0 | O16: 0 | P16: 28 | Q16: 89 | R16: 0 | S16: 86 | T16: 2 | U16: 24 | V16: 2.7741935 | W16: 55.483871 | X16: 3.5833333 | Y16: 2.875 | Z16: 4.8
C17: ASTER | E17: 31 | F17: 24 | G17: 21 | H17: 160 | I17: 30 | J17: 211 | K17: 24 | L17: 166 | M17: 5 | N17: 4 | O17: 1 | P17: 195 | Q17: 577 | R17: 4 | S17: 576 | T17: 16 | U17: 171 | V17: 18.580645 | W17: 77.419355 | X17: 3.3684211 | Y17: 0.98245614 | Z17: 7.125
C18: MELATI | D18: ATAS ISOLASI | E18: 31 | F18: 4 | G18: 0 | H18: 0 | I18: 0 | J18: 0 | K18: 0 | L18: 0 | N18: 0 | O18: 0 | P18: 0 | Q18: 0 | R18: 0 | S18: 0 | T18: 0 | U18: 0 | V18: 0 | W18: 0 | X18: #DIV/0! | Y18: #DIV/0! | Z18: 0
A19: 5 | C19: MELATI | D19: ATAS III | E19: 31 | F19: 15 | G19: 21 | H19: 136 | I19: 12 | J19: 169 | K19: 17 | L19: 111 | M19: 21 | N19: 11 | O19: 10 | P19: 149 | Q19: 504 | R19: 2 | S19: 566 | T19: 20 | U19: 132 | V19: 18.258065 | W19: 121.72043 | X19: 4.2878788 | Y19: -0.76515152 | Z19: 8.8
C20: MELATI | D20: BAWAH III | E20: 31 | F20: 12 | G20: 12 | H20: 81 | I20: 31 | J20: 124 | K20: 22 | L20: 71 | M20: 19 | N20: 11 | O20: 8 | P20: 112 | Q20: 314 | R20: 0 | S20: 367 | T20: 12 | U20: 90 | V20: 11.83871 | W20: 98.655914 | X20: 4.0777778 | Y20: 0.055555556 | Z20: 7.5
C21: MELATI | E21: 31 | F21: 31 | G21: 33 | H21: 217 | I21: 43 | J21: 293 | K21: 39 | L21: 182 | M21: 40 | N21: 22 | O21: 18 | P21: 261 | Q21: 818 | R21: 2 | S21: 933 | T21: 32 | U21: 222 | V21: 30.096774 | W21: 111.46953 | X21: 4.2027027 | Y21: -0.43243243 | Z21: 16.3
A22: 6 | C22: SERUNI | D22: III | E22: 31 | F22: 18 | G22: 18 | H22: 157 | I22: 19 | J22: 194 | K22: 10 | L22: 169 | M22: 1 | N22: 0 | O22: 1 | P22: 180 | Q22: 499 | R22: 3 | S22: 523 | T22: 14 | U22: 170 | V22: 16.870968 | W22: 93.727599 | X22: 3.0764706 | Y22: 0.20588235 | Z22: 9.4444444
C23: SERUNI | E23: 31 | F23: 18 | G23: 18 | H23: 157 | I23: 19 | J23: 194 | K23: 10 | L23: 169 | M23: 1 | N23: 0 | O23: 1 | P23: 180 | Q23: 499 | R23: 3 | S23: 523 | T23: 14 | U23: 170 | V23: 16.870968 | W23: 93.727599 | X23: 3.0764706 | Y23: 0.20588235 | Z23: 9.4444444
C24: MAWAR | D24: ISOLASI | E24: 31 | F24: 4 | G24: 0 | H24: 0 | I24: 0 | J24: 0 | K24: 0 | L24: 0 | N24: 0 | O24: 0 | P24: 0 | Q24: 0 | R24: 0 | S24: 0 | T24: 0 | U24: 0 | V24: 0 | W24: 0 | X24: #DIV/0! | Y24: #DIV/0! | Z24: 0
A25: 7 | C25: MAWAR | D25: III | E25: 31 | F25: 16 | G25: 17 | H25: 129 | I25: 9 | J25: 155 | K25: 9 | L25: 129 | M25: 3 | N25: 1 | O25: 2 | P25: 141 | Q25: 479 | R25: 0 | S25: 504 | T25: 14 | U25: 132 | V25: 16.258065 | W25: 101.6129 | X25: 3.8181818 | Y25: -0.060606061 | Z25: 8.25
C26: MAWAR | E26: 31 | F26: 20 | G26: 17 | H26: 129 | I26: 9 | J26: 155 | K26: 9 | L26: 129 | M26: 3 | N26: 1 | O26: 2 | P26: 141 | Q26: 479 | R26: 0 | S26: 504 | T26: 14 | U26: 132 | V26: 16.258065 | W26: 81.290323 | X26: 3.8181818 | Y26: 0.87878788 | Z26: 6.6
A27: 8 | C27: GARDENA | D27: III | E27: 31 | F27: 20 | G27: 17 | H27: 157 | I27: 4 | J27: 178 | K27: 8 | L27: 146 | M27: 10 | N27: 6 | O27: 4 | P27: 164 | Q27: 500 | R27: 2 | S27: 517 | T27: 14 | U27: 156 | V27: 16.677419 | W27: 83.387097 | X27: 3.3141026 | Y27: 0.66025641 | Z27: 7.8
C28: GARDENA | E28: 31 | F28: 20 | G28: 17 | H28: 157 | I28: 4 | J28: 178 | K28: 8 | L28: 146 | M28: 10 | N28: 6 | O28: 4 | P28: 164 | Q28: 500 | R28: 2 | S28: 517 | T28: 14 | U28: 156 | V28: 16.677419 | W28: 83.387097 | X28: 3.3141026 | Y28: 0.66025641 | Z28: 7.8
C29: BOGENVILE | D29: ISOLASI | E29: 31 | F29: 1 | G29: 0 | H29: 0 | I29: 0 | J29: 0 | K29: 0 | L29: 0 | N29: 0 | O29: 0 | P29: 0 | Q29: 0 | R29: 0 | S29: 0 | T29: 0 | U29: 0 | V29: 0 | W29: 0 | X29: #DIV/0! | Y29: #DIV/0! | Z29: 0
A30: 9 | C30: BOGENVILE | D30: I | E30: 31 | F30: 3 | G30: 4 | H30: 37 | I30: 5 | J30: 46 | K30: 8 | L30: 33 | M30: 3 | N30: 2 | O30: 1 | P30: 44 | Q30: 115 | R30: 1 | S30: 114 | T30: 2 | U30: 36 | V30: 3.6774194 | W30: 122.58065 | X30: 3.1666667 | Y30: -0.58333333 | Z30: 12
C31: BOGENVILE | D31: PAV | E31: 31 | F31: 8 | G31: 6 | H31: 26 | I31: 16 | J31: 48 | K31: 7 | L31: 32 | M31: 5 | N31: 2 | O31: 3 | P31: 44 | Q31: 137 | R31: 0 | S31: 131 | T31: 4 | U31: 37 | V31: 4.2258065 | W31: 52.822581 | X31: 3.5405405 | Y31: 3.1621622 | Z31: 4.625
C32: BOGENVILE | E32: 31 | F32: 12 | G32: 10 | H32: 63 | I32: 21 | J32: 94 | K32: 15 | L32: 65 | M32: 8 | N32: 4 | O32: 4 | P32: 88 | Q32: 252 | R32: 1 | S32: 245 | T32: 6 | U32: 73 | V32: 7.9032258 | W32: 65.860215 | X32: 3.3561644 | Y32: 1.739726 | Z32: 6.0833333
C33: ALAMANDA | D33: ISOLASI | E33: 31 | F33: 1 | G33: 0 | H33: 0 | I33: 0 | J33: 0 | K33: 0 | L33: 0 | N33: 0 | O33: 0 | P33: 0 | Q33: 0 | R33: 0 | S33: 0 | T33: 0 | U33: 0 | V33: 0 | W33: 0 | X33: #DIV/0! | Y33: #DIV/0! | Z33: 0
A34: 10 | C34: ALAMANDA | D34: I | E34: 31 | F34: 2 | G34: 3 | H34: 13 | I34: 2 | J34: 18 | K34: 2 | L34: 12 | M34: 1 | N34: 1 | O34: 0 | P34: 15 | Q34: 42 | R34: 0 | S34: 70 | T34: 3 | U34: 13 | V34: 2.2580645 | W34: 112.90323 | X34: 5.3846154 | Y34: -0.61538462 | Z34: 6.5
C35: ALAMANDA | D35: II | E35: 31 | F35: 4 | G35: 4 | H35: 21 | I35: 4 | J35: 29 | K35: 1 | L35: 22 | M35: 2 | N35: 2 | O35: 0 | P35: 25 | Q35: 99 | R35: 2 | S35: 108 | T35: 4 | U35: 24 | V35: 3.483871 | W35: 87.096774 | X35: 4.5 | Y35: 0.66666667 | Z35: 6
C36: ALAMANDA | D36: III | E36: 31 | F36: 12 | G36: 7 | H36: 70 | I36: 9 | J36: 86 | K36: 2 | L36: 68 | M36: 4 | N36: 3 | O36: 1 | P36: 74 | Q36: 257 | R36: 1 | S36: 306 | T36: 12 | U36: 72 | V36: 9.8709677 | W36: 82.258065 | X36: 4.25 | Y36: 0.91666667 | Z36: 6
C37: ALAMANDA | E37: 31 | F37: 19 | G37: 14 | H37: 104 | I37: 15 | J37: 133 | K37: 5 | L37: 102 | M37: 7 | N37: 6 | O37: 1 | P37: 114 | Q37: 398 | R37: 3 | S37: 484 | T37: 19 | U37: 109 | V37: 15.612903 | W37: 82.173175 | X37: 4.440367 | Y37: 0.96330275 | Z37: 5.7368421
A38: 11 | C38: CATHALIA | D38: CA ISOLASI | E38: 31 | F38: 6 | G38: 4 | H38: 47 | I38: 10 | J38: 61 | K38: 13 | L38: 37 | M38: 3 | N38: 1 | O38: 2 | P38: 53 | Q38: 115 | R38: 0 | S38: 179 | T38: 8 | U38: 40 | V38: 5.7741935 | W38: 96.236559 | X38: 4.475 | Y38: 0.175 | Z38: 6.6666667
C39: CATHALIA | D39: CATALYA ATAS | E39: 31 | F39: 8 | G39: 4 | H39: 51 | I39: 5 | J39: 60 | K39: 10 | L39: 44 | M39: 2 | N39: 0 | O39: 2 | P39: 56 | Q39: 144 | R39: 2 | S39: 120 | T39: 4 | U39: 46 | V39: 3.8709677 | W39: 48.387097 | X39: 2.6086957 | Y39: 2.7826087 | Z39: 5.75
C40: CATHALIA | D40: CATALYA BAWAH | E40: 31 | F40: 14 | G40: 8 | H40: 75 | I40: 9 | J40: 92 | K40: 13 | L40: 74 | M40: 3 | N40: 2 | O40: 1 | P40: 90 | Q40: 296 | R40: 1 | S40: 264 | T40: 2 | U40: 77 | V40: 8.516129 | W40: 60.829493 | X40: 3.4285714 | Y40: 2.2077922 | Z40: 5.5
E41: 31 | J41: 0 | M41: 0 | P41: 0 | T41: 0 | U41: 0 | V41: #DIV/0! | W41: #DIV/0! | X41: #DIV/0! | Y41: #DIV/0! | Z41: #DIV/0!
C42: CATHALIA | E42: 31 | F42: 28 | G42: 16 | H42: 173 | I42: 24 | J42: 213 | K42: 36 | L42: 155 | M42: 8 | N42: 3 | O42: 5 | P42: 199 | Q42: 555 | R42: 3 | S42: 563 | T42: 14 | U42: 163 | V42: 18.16129 | W42: 64.861751 | X42: 3.4539877 | Y42: 1.8711656 | Z42: 5.8214286
C43: NUSA INDAH | D43: ISOLASI | E43: 31 | F43: 2 | G43: 0 | H43: 0 | I43: 0 | J43: 0 | K43: 0 | L43: 0 | N43: 0 | O43: 0 | P43: 0 | Q43: 0 | R43: 0 | S43: 0 | T43: 0 | U43: 0 | V43: 0 | W43: 0 | X43: #DIV/0! | Y43: #DIV/0! | Z43: 0
A44: 12 | C44: NUSA INDAH | D44: I | E44: 31 | F44: 13 | G44: 14 | H44: 105 | I44: 16 | J44: 135 | K44: 12 | L44: 109 | M44: 7 | N44: 1 | O44: 6 | P44: 128 | Q44: 376 | R44: 0 | S44: 362 | T44: 7 | U44: 116 | V44: 11.677419 | W44: 89.826303 | X44: 3.1206897 | Y44: 0.35344828 | Z44: 8.9230769
C45: NUSA INDAH | D45: VIP | E45: 31 | F45: 2 | G45: 0 | H45: 1 | I45: 0 | J45: 1 | K45: 0 | L45: 1 | M45: 0 | N45: 0 | O45: 0 | P45: 1 | Q45: 3 | R45: 0 | S45: 1 | T45: 0 | U45: 1 | V45: 0.032258065 | W45: 1.6129032 | X45: 1 | Y45: 61 | Z45: 0.5
C46: NUSA INDAH | E46: 31 | F46: 17 | G46: 14 | H46: 106 | I46: 16 | J46: 136 | K46: 12 | L46: 110 | M46: 7 | N46: 1 | O46: 6 | P46: 129 | Q46: 379 | R46: 0 | S46: 363 | T46: 7 | U46: 117 | V46: 11.709677 | W46: 68.880455 | X46: 3.1025641 | Y46: 1.4017094 | Z46: 6.8823529
C47: SAKURA | D47: TB MDR II | E47: 31 | F47: 2 | G47: 0 | H47: 4 | I47: 1 | J47: 5 | K47: 1 | L47: 0 | M47: 4 | N47: 2 | O47: 2 | P47: 5 | Q47: 11 | R47: 0 | S47: 6 | T47: 0 | U47: 4 | V47: 0.19354839 | W47: 9.6774194 | X47: 1.5 | Y47: 14 | Z47: 2
A48: 13 | C48: SAKURA | D48: TB MDR III | E48: 31 | F48: 3 | G48: 1 | H48: 9 | I48: 0 | J48: 10 | K48: 0 | L48: 8 | M48: 2 | N48: 0 | O48: 2 | P48: 10 | Q48: 50 | R48: 0 | S48: 34 | T48: 0 | U48: 10 | V48: 1.0967742 | W48: 36.55914 | X48: 3.4 | Y48: 5.9 | Z48: 3.3333333
C49: SAKURA | D49: TB PARU II | E49: 31 | F49: 2 | G49: 0 | H49: 3 | I49: 2 | J49: 5 | K49: 0 | L49: 1 | M49: 4 | N49: 3 | O49: 1 | P49: 5 | Q49: 41 | R49: 0 | S49: 30 | T49: 0 | U49: 5 | V49: 0.96774194 | W49: 48.387097 | X49: 6 | Y49: 6.4 | Z49: 2.5
C50: SAKURA | D50: TB PARU III | E50: 31 | F50: 10 | G50: 2 | H50: 43 | I50: 12 | J50: 57 | K50: 3 | L50: 34 | M50: 15 | N50: 6 | O50: 9 | P50: 52 | Q50: 226 | R50: 0 | S50: 204 | T50: 5 | U50: 49 | V50: 6.5806452 | W50: 65.806452 | X50: 4.1632653 | Y50: 2.1632653 | Z50: 4.9
C51: SAKURA | E51: 31 | F51: 17 | G51: 3 | H51: 59 | I51: 15 | J51: 77 | K51: 4 | L51: 43 | M51: 25 | N51: 11 | O51: 14 | P51: 72 | Q51: 328 | R51: 0 | S51: 274 | T51: 5 | U51: 68 | V51: 8.8387097 | W51: 51.99241 | X51: 4.0294118 | Y51: 3.7205882 | Z51: 4
A53: 14 | C53: ANGGREK | D53: VIP | E53: 31 | F53: 8 | G53: 4 | H53: 31 | I53: 2 | J53: 37 | K53: 1 | L53: 30 | M53: 3 | N53: 0 | O53: 3 | P53: 34 | Q53: 111 | R53: 0 | S53: 112 | T53: 3 | U53: 33 | V53: 3.6129032 | W53: 45.16129 | X53: 3.3939394 | Y53: 4.1212121 | Z53: 4.125
C54: ANGGREK | D54: VIP | E54: 31 | F54: 8 | G54: 4 | H54: 31 | I54: 2 | J54: 37 | K54: 1 | L54: 30 | M54: 3 | N54: 0 | O54: 3 | P54: 34 | Q54: 111 | R54: 0 | S54: 112 | T54: 3 | U54: 33 | V54: 3.6129032 | W54: 45.16129 | X54: 3.3939394 | Y54: 4.1212121 | Z54: 4.125
C55: LAVENDER | D55: ISOLASI | E55: 31 | F55: 4 | G55: 0 | H55: 0 | I55: 0 | K55: 0 | L55: 0 | N55: 0 | O55: 0 | Q55: 0 | R55: 0 | S55: 0 | T55: 0 | U55: 0 | V55: 0 | W55: 0 | X55: #DIV/0! | Y55: #DIV/0! | Z55: 0
A56: 15 | C56: LAVENDER | D56: III | E56: 31 | F56: 12 | G56: 17 | H56: 135 | I56: 11 | J56: 163 | K56: 13 | L56: 126 | M56: 9 | N56: 5 | O56: 4 | P56: 148 | Q56: 488 | R56: 2 | S56: 504 | T56: 15 | U56: 135 | V56: 16.258065 | W56: 135.48387 | X56: 3.7333333 | Y56: -0.97777778 | Z56: 11.25
C57: LAVENDER | E57: 31 | F57: 16 | G57: 17 | H57: 135 | I57: 11 | J57: 163 | K57: 13 | L57: 126 | M57: 9 | N57: 5 | O57: 4 | P57: 148 | Q57: 488 | R57: 2 | S57: 504 | T57: 15 | U57: 135 | V57: 16.258065 | W57: 101.6129 | X57: 3.7333333 | Y57: -0.059259259 | Z57: 8.4375
C58: DAHLIA IBU | D58: PAV | E58: 31 | T58: 0 | U58: 0 | V58: #DIV/0! | W58: #DIV/0! | X58: #DIV/0! | Y58: #DIV/0! | Z58: #DIV/0!
A59: 16 | D59: I | E59: 31 | F59: 2 | G59: 0 | H59: 9 | I59: 8 | J59: 17 | K59: 5 | L59: 11 | M59: 0 | N59: 0 | O59: 0 | P59: 16 | Q59: 29 | R59: 0 | S59: 26 | T59: 1 | U59: 11 | V59: 0.83870968 | W59: 41.935484 | X59: 2.3636364 | Y59: 3.2727273 | Z59: 5.5
D60: II | E60: 31 | F60: 8 | G60: 7 | H60: 24 | I60: 129 | J60: 160 | K60: 140 | L60: 17 | M60: 1 | N60: 0 | O60: 1 | P60: 158 | Q60: 42 | R60: 1 | S60: 178 | T60: 2 | U60: 18 | V60: 5.7419355 | W60: 71.774194 | X60: 9.8888889 | Y60: 3.8888889 | Z60: 2.25
D61: III | E61: 31 | F61: 21 | G61: 9 | H61: 123 | I61: 233 | J61: 365 | K61: 76 | L61: 276 | M61: 0 | N61: 0 | O61: 0 | P61: 352 | Q61: 636 | R61: 2 | S61: 424 | T61: 13 | U61: 276 | V61: 13.677419 | W61: 65.130568 | X61: 1.5362319 | Y61: 0.82246377 | Z61: 13.142857
C62: DAHLIA IBU | E62: 31 | F62: 31 | G62: 16 | H62: 156 | I62: 370 | J62: 542 | K62: 221 | L62: 304 | M62: 1 | N62: 0 | O62: 1 | P62: 526 | Q62: 707 | R62: 3 | S62: 628 | T62: 16 | U62: 305 | V62: 20.258065 | W62: 65.348595 | X62: 2.0590164 | Y62: 1.0918033 | Z62: 9.8387097
A63: 17 | C63: HCU PERIN | D63: II
C64: HCU PERIN | D64: II | G64: 0 | H64: 0 | I64: 0 | J64: 0 | K64: 0 | L64: 0 | M64: 0 | N64: 0 | O64: 0 | P64: 0 | Q64: 0 | R64: 0 | S64: 0 | T64: 0 | U64: 0 | V64: 0 | W64: 0 | X64: #DIV/0! | Y64: #DIV/0! | Z64: 0
A65: TOTAL RAWAT INAP UMUM | E65: 31 | F65: =+F8+F10+F13+F17+F21+F23+F26+F28+F32+F37+F42+F46+F51+F54+F57+F62+F64 -> 309 | G65: 246 | H65: 1982 | I65: 652 | J65: 2880 | K65: 426 | L65: 2073 | M65: 173 | N65: 82 | O65: 91 | P65: 2672 | Q65: 7492 | R65: 28 | S65: 7586 | T65: 208 | U65: 2246 | V65: 244.70968 | W65: 79.19407 | X65: 3.3775601 | Y65: 0.8873553 | Z65: 7.2686084
A66: SK KHUSUS COVID
A67: NO | B67: PELAYANAN | C67: RAWAT INAP | D67: KLAS PERAWATAN | E67: PERIODE | F67: TT | G67: PX AWAL | H67: PX MASUK | I67: PX PINDAHAN | J67: JUMLAH (1+2+3) | K67: PX DI PINDAHKAN | L67: PX KELUAR HIDUP | M67: PX MATI | N67: KURANG 48 JAM | O67: LEBIH 48 JAM | P67: JUMLAH (5+6+7) | Q67: LAMA DI RAWAT | R67: PX KELUAR/MASUK HR SAMA | S67: HARI PERAWATAN | T67: Px AKHIR | U67: KUNJUNGN | V67: O | W67: BOR | X67: LOS | Y67: TOI | Z67: BTO
V68: (TT terpakai) | W68: (75%-85%) | X68: (3-12 hari) | Y68: (1-3 hr) | Z68: (30 px)
G70: 1 | H70: 2 | I70: 3 | J70: 4 | K70: 5 | L70: 6 | M70: 7 | N70: 8 | O70: 9 | P70: 10 | Q70: 11 | R70: 12 | S70: 13 | T70: 14 | V70: 15 | W70: 16 | X70: 17 | Y70: 18 | Z70: 19
A71: 1 | B71: ISOLASI | C71: PERINATOLOGI | D71: II | E71: 31 | G71: 0 | H71: 0 | I71: 0 | J71: 0 | K71: 0 | L71: 0 | M71: 0 | N71: 0 | O71: 0 | P71: 0 | Q71: 0 | R71: 0 | S71: 0 | T71: 0 | U71: 0 | V71: 0 | W71: 0 | X71: #DIV/0! | Y71: #DIV/0! | Z71: 0
C72: PERINATOLOGI | E72: 31 | G72: 0 | H72: 0 | I72: 0 | J72: 0 | K72: 0 | L72: 0 | M72: 0 | N72: 0 | O72: 0 | P72: 0 | Q72: 0 | R72: 0 | S72: 0 | T72: 0 | U72: 0 | V72: 0 | W72: 0 | X72: #DIV/0! | Y72: #DIV/0! | Z72: 0
A73: 2 | C73: RICU ED | D73: I | E73: 31 | G73: 0 | H73: 0 | I73: 0 | J73: 0 | K73: 0 | L73: 0 | M73: 0 | N73: 0 | O73: 0 | P73: 0 | Q73: 0 | R73: 0 | S73: 0 | T73: 0 | U73: 0 | V73: 0 | W73: 0 | X73: #DIV/0! | Y73: #DIV/0! | Z73: 0
C74: RICU ED | E74: 31 | G74: 0 | H74: 0 | I74: 0 | J74: 0 | K74: 0 | L74: 0 | M74: 0 | N74: 0 | O74: 0 | P74: 0 | Q74: 0 | R74: 0 | S74: 0 | T74: 0 | U74: 0 | V74: 0 | W74: 0 | X74: #DIV/0! | Y74: #DIV/0! | Z74: 0
A75: 3 | C75: LAVENDER | E75: 31 | G75: 0 | H75: 0 | I75: 0 | J75: 0 | K75: 0 | L75: 0 | M75: 0 | N75: 0 | O75: 0 | P75: 0 | Q75: 0 | R75: 0 | S75: 0 | T75: 0 | U75: 0 | V75: 0 | W75: #DIV/0! | X75: #DIV/0! | Y75: #DIV/0! | Z75: #DIV/0!
C76: LAVENDER | E76: 31 | F76: 0 | G76: 0 | H76: 0 | I76: 0 | J76: 0 | K76: 0 | L76: 0 | M76: 0 | N76: 0 | O76: 0 | P76: 0 | Q76: 0 | R76: 0 | S76: 0 | T76: 0 | U76: 0 | V76: 0 | W76: #DIV/0! | X76: #DIV/0! | Y76: #DIV/0! | Z76: #DIV/0!
A77: TOTAL ISOLASI | E77: 31 | G77: 0 | H77: 0 | I77: 0 | J77: 0 | K77: 0 | L77: 0 | M77: 0 | N77: 0 | O77: 0 | P77: 0 | Q77: 0 | R77: 0 | S77: 0 | T77: 0 | U77: 0 | V77: 0 | W77: 0 | X77: #DIV/0! | Y77: #DIV/0! | Z77: 0
A79: NO | B79: PELAYANAN | C79: RAWAT INAP | D79: KLAS PERAWATAN | E79: PERIODE | F79: TT | G79: PX AWAL | H79: PX MASUK | I79: PX PINDAHAN | J79: JUMLAH (1+2+3) | K79: PX DI PINDAHKAN | L79: PX KELUAR HIDUP | M79: PX MATI | N79: KURANG 48 JAM | O79: LEBIH 48 JAM | P79: JUMLAH (5+6+7) | Q79: LAMA DI RAWAT | R79: PX KELUAR/MASUK HR SAMA | S79: HARI PERAWATAN | T79: Px AKHIR | U79: KUNJUNGN | V79: O | W79: BOR | X79: LOS | Y79: TOI | Z79: BTO
V80: (TT terpakai) | W80: (75%-85%) | X80: (3-12 hari) | Y80: (1-3 hr) | Z80: (30 px)
G82: 1 | H82: 2 | I82: 3 | J82: 4 | K82: 5 | L82: 6 | M82: 7 | N82: 8 | O82: 9 | P82: 10 | Q82: 11 | R82: 12 | S82: 13 | T82: 14 | V82: 15 | W82: 16 | X82: 17 | Y82: 18 | Z82: 19
A83: 1 | B83: PERISTI | C83: PERINATOLOGI | D83: II | E83: 31 | F83: 30 | G83: 13 | H83: 145 | I83: 20 | J83: 178 | K83: 76 | L83: 84 | M83: 3 | N83: 3 | O83: 0 | P83: 163 | Q83: 523 | R83: 2 | S83: 540 | T83: 15 | U83: 87 | V83: 17.419355 | W83: 58.064516 | X83: 6.2068966 | Y83: 4.4827586 | Z83: 2.9
C84: PERINATOLOGI | E84: 31 | F84: 30 | G84: 13 | H84: 145 | I84: 20 | J84: 178 | K84: 76 | L84: 84 | M84: 3 | N84: 3 | O84: 0 | P84: 163 | Q84: 523 | R84: 2 | S84: 540 | T84: 15 | U84: 87 | V84: 17.419355 | W84: 58.064516 | X84: 6.2068966 | Y84: 4.4827586 | Z84: 2.9
D85: VIP | E85: 31 | G85: 0
A86: 2 | C86: DAHLIA BAYI | D86: I | E86: 31 | F86: 2 | G86: 0 | H86: 0 | I86: 3 | J86: 3 | K86: 0 | L86: 2 | M86: 0 | N86: 0 | O86: 0 | P86: 2 | Q86: 3 | R86: 0 | S86: 3 | T86: 1 | U86: 2 | V86: 0.096774194 | W86: 4.8387097 | X86: 1.5 | Y86: 29.5 | Z86: 1
D87: II | E87: 31 | F87: 4 | G87: 2 | H87: 0 | I87: 59 | J87: 61 | K87: 57 | L87: 4 | M87: 0 | N87: 0 | O87: 0 | P87: 61 | Q87: 7 | R87: 0 | S87: 62 | T87: 0 | U87: 4 | V87: 2 | W87: 50 | X87: 15.5 | Y87: 15.5 | Z87: 1
D88: III | E88: 31 | F88: 10 | G88: 2 | H88: 7 | I88: 116 | J88: 125 | K88: 2 | L88: 119 | M88: 0 | N88: 0 | O88: 0 | P88: 121 | Q88: 186 | R88: 1 | S88: 127 | T88: 4 | U88: 119 | V88: 4.0967742 | W88: 40.967742 | X88: 1.0672269 | Y88: 1.5378151 | Z88: 11.9
C89: DAHLIA BAYI | E89: 31 | F89: 16 | G89: 4 | H89: 7 | I89: 178 | J89: 189 | K89: 59 | L89: 125 | M89: 0 | N89: 0 | O89: 0 | P89: 184 | Q89: 196 | R89: 1 | S89: 192 | T89: 5 | U89: 125 | V89: 6.1935484 | W89: 38.709677 | X89: 1.536 | Y89: 2.432 | Z89: 7.8125
A90: TOTAL PERISTI | E90: 31 | F90: 46 | G90: 17 | H90: 152 | I90: 198 | J90: 367 | K90: 135 | L90: 209 | M90: 3 | N90: 3 | O90: 0 | P90: 347 | Q90: 719 | R90: 3 | S90: 732 | T90: 20 | U90: 212 | V90: 23.612903 | W90: 51.332398 | X90: 3.4528302 | Y90: 3.2735849 | Z90: 4.6086957
G91: 37
A92: NO | B92: PELAYANAN | C92: RAWAT INAP | D92: KLAS PERAWATAN | E92: PERIODE | F92: TT | G92: PX AWAL | H92: PX MASUK | I92: PX PINDAHAN | J92: JUMLAH (1+2+3) | K92: PX DI PINDAHKAN | L92: PX KELUAR HIDUP | M92: PX MATI | N92: KURANG 48 JAM | O92: LEBIH 48 JAM | P92: JUMLAH (5+6+7) | Q92: LAMA DI RAWAT | R92: PX KELUAR/MASUK HR SAMA | S92: HARI PERAWATAN | T92: Px AKHIR | U92: KUNJUNGN | V92: O | W92: BOR | X92: LOS | Y92: TOI | Z92: BTO
V93: (TT terpakai) | W93: (75%-85%) | X93: (3-12 hari) | Y93: (1-3 hr) | Z93: (30 px)
G95: 1 | H95: 2 | I95: 3 | J95: 4 | K95: 5 | L95: 6 | M95: 7 | N95: 8 | O95: 9 | P95: 10 | Q95: 11 | R95: 12 | S95: 13 | T95: 14 | V95: 15 | W95: 16 | X95: 17 | Y95: 18 | Z95: 19
A96: 1 | B96: INTENSIVE | C96: ICU | D96: I | E96: 31 | F96: 14 | G96: 17 | H96: 12 | I96: 88 | J96: 117 | K96: 93 | L96: 0 | M96: 18 | N96: 2 | O96: 16 | P96: 111 | Q96: 117 | R96: 0 | S96: 348 | T96: 6 | U96: 18 | V96: 11.225806 | W96: 80.184332 | X96: 19.333333 | Y96: 4.7777778 | Z96: 1.2857143
C97: ICU | D97: I | E97: 31 | F97: 14 | G97: 17 | H97: 12 | I97: 88 | J97: 117 | K97: 93 | L97: 0 | M97: 18 | N97: 2 | O97: 16 | P97: 111 | Q97: 117 | R97: 0 | S97: 348 | T97: 6 | U97: 18 | V97: 11.225806 | W97: 80.184332 | X97: 19.333333 | Y97: 4.7777778 | Z97: 1.2857143
A98: 2 | C98: ICCU | D98: I | E98: 31 | F98: 5 | G98: 2 | H98: 71 | I98: 10 | J98: 83 | K98: 77 | L98: 0 | M98: 1 | N98: 1 | O98: 0 | P98: 78 | Q98: 1 | R98: 1 | S98: 114 | T98: 5 | U98: 1 | V98: 3.6774194 | W98: 73.548387 | X98: 114 | Y98: 41 | Z98: 0.2
C99: ICCU | D99: I | E99: 31 | F99: 5 | G99: 2 | H99: 71 | I99: 10 | J99: 83 | K99: 77 | L99: 0 | M99: 1 | N99: 1 | O99: 0 | P99: 78 | Q99: 1 | R99: 1 | S99: 114 | T99: 5 | U99: 1 | V99: 3.6774194 | W99: 73.548387 | X99: 114 | Y99: 41 | Z99: 0.2
A100: 3 | C100: PICU | D100: I | E100: 31 | F100: 3 | G100: 2 | H100: 15 | I100: 9 | J100: 26 | K100: 19 | L100: 1 | M100: 3 | N100: 1 | O100: 2 | P100: 23 | Q100: 35 | R100: 0 | S100: 67 | T100: 3 | U100: 4 | V100: 2.1612903 | W100: 72.043011 | X100: 16.75 | Y100: 6.5 | Z100: 1.3333333
C101: PICU | D101: I | E101: 31 | F101: 3 | G101: 2 | H101: 15 | I101: 9 | J101: 26 | K101: 19 | L101: 1 | M101: 3 | N101: 1 | O101: 2 | P101: 23 | Q101: 35 | R101: 0 | S101: 67 | T101: 3 | U101: 4 | V101: 2.1612903 | W101: 72.043011 | X101: 16.75 | Y101: 6.5 | Z101: 1.3333333
A102: 4 | C102: NICU | D102: I | E102: 31 | F102: 5 | G102: 5 | H102: 13 | I102: 17 | J102: 35 | K102: 24 | L102: 0 | M102: 7 | N102: 1 | O102: 6 | P102: 31 | Q102: 50 | R102: 0 | S102: 116 | T102: 4 | U102: 7 | V102: 3.7419355 | W102: 74.83871 | X102: 16.571429 | Y102: 5.5714286 | Z102: 1.4
C103: NICU | D103: I | E103: 31 | F103: 5 | G103: 5 | H103: 13 | I103: 17 | J103: 35 | K103: 24 | L103: 0 | M103: 7 | N103: 1 | O103: 6 | P103: 31 | Q103: 50 | R103: 0 | S103: 116 | T103: 4 | U103: 7 | V103: 3.7419355 | W103: 74.83871 | X103: 16.571429 | Y103: 5.5714286 | Z103: 1.4
A104: 5 | C104: ICU MEDICAL | D104: I | E104: 31 | F104: 4 | G104: 3 | H104: 33 | I104: 15 | J104: 51 | K104: 31 | L104: 1 | M104: 16 | N104: 10 | O104: 6 | P104: 48 | Q104: 35 | R104: 4 | S104: 85 | T104: 3 | U104: 17 | V104: 2.7419355 | W104: 68.548387 | X104: 5 | Y104: 2.2941176 | Z104: 4.25
C105: ICU MEDICAL | D105: I | E105: 31 | F105: 4 | G105: 3 | H105: 33 | I105: 15 | J105: 51 | K105: 31 | L105: 1 | M105: 16 | N105: 10 | O105: 6 | P105: 48 | Q105: 35 | R105: 4 | S105: 85 | T105: 3 | U105: 17 | V105: 2.7419355 | W105: 68.548387 | X105: 5 | Y105: 2.2941176 | Z105: 4.25
C106: RICU ED | D106: I | E106: 31 | F106: 2 | G106: 0 | H106: 7 | I106: 5 | J106: 12 | K106: 7 | L106: 0 | M106: 4 | N106: 2 | O106: 2 | P106: 11 | Q106: 13 | R106: 2 | S106: 40 | T106: 1 | U106: 4 | V106: 1.2903226 | W106: 64.516129 | X106: 10 | Y106: 5.5 | Z106: 2
...

Sheet FEBRUARI
A1: DATA PELAYANAN RI RSD Dr.SOEBANDI JEMBER
A2: BULAN : FEBRUARI 2026 | V2: s/e | W2: v/f*100 | X2: S/L+M | Y2: ((F-V)*E)/(LM) | Z2: L+M/F
A3: NO | B3: PELAYANAN | C3: RAWAT INAP | D3: KLAS PERAWATAN | E3: PERIODE | F3: TT (T) | G3: PX AWAL | H3: PX MASUK | I3: PX PINDAHAN | J3: JUMLAH (1+2+3) | K3: PX DI PINDAHKAN | L3: PX KELUAR HIDUP | M3: PX MATI | N3: KURANG 48 JAM | O3: LEBIH 48 JAM | P3: JUMLAH (5+6+7) | Q3: LAMA DI RAWAT | R3: PX KELUAR/MASUK HR SAMA | S3: HARI PERAWATAN | T3: Px AKHIR | U3: KUNJUNGN | V3: O | W3: BOR (O/T) | X3: LOS | Y3: TOI | Z3: BTO
V4: (TT terpakai) | W4: (75%-85%) | X4: (3-12 hari) | Y4: (1-3 hr) | Z4: (30 px)
G6: 1 | H6: 2 | I6: 3 | J6: 4 | K6: 5 | L6: 6 | M6: 7 | N6: 8 | O6: 9 | P6: 10 | Q6: 11 | R6: 12 | S6: 13 | T6: 14 | V6: 15 | W6: 16 | X6: 17 | Y6: 18 | Z6: 19
A7: 1 | B7: RAWAT INAP UMUM | C7: ADENIUM | D7: III | E7: 28 | F7: 20 | G7: 14 | H7: 135 | I7: 15 | J7: 164 | K7: 11 | L7: 122 | M7: 18 | N7: 10 | O7: 8 | P7: 151 | Q7: 491 | R7: 5 | S7: 466 | T7: 13 | U7: 140 | V7: 16.642857 | W7: 83.214286 | X7: 3.3285714 | Y7: 0.67142857 | Z7: 7
C8: ADENIUM | E8: 28 | F8: 20 | G8: 14 | H8: 135 | I8: 15 | J8: 164 | K8: 11 | L8: 122 | M8: 18 | N8: 10 | O8: 8 | P8: 151 | Q8: 491 | R8: 5 | S8: 466 | T8: 13 | U8: 140 | V8: 16.642857 | W8: 83.214286 | X8: 3.3285714 | Y8: 0.67142857 | Z8: 7
A9: 2 | C9: ANTURIUM | D9: III | E9: 28 | F9: 16 | G9: 14 | H9: 81 | I9: 41 | J9: 136 | K9: 1 | L9: 112 | M9: 13 | N9: 7 | O9: 6 | P9: 126 | Q9: 493 | R9: 2 | S9: 411 | T9: 10 | U9: 125 | V9: 14.678571 | W9: 91.741071 | X9: 3.288 | Y9: 0.296 | Z9: 7.8125
C10: ANTURIUM | E10: 28 | F10: 16 | G10: 14 | H10: 81 | I10: 41 | J10: 136 | K10: 1 | L10: 112 | M10: 13 | N10: 7 | O10: 6 | P10: 126 | Q10: 493 | R10: 2 | S10: 411 | T10: 10 | U10: 125 | V10: 14.678571 | W10: 91.741071 | X10: 3.288 | Y10: 0.296 | Z10: 7.8125
A11: 3 | D11: II | G11: 0 | H11: 0 | I11: 0 | J11: 0 | K11: 0 | L11: 0 | M11: 0 | N11: 0 | O11: 0 | P11: 0 | Q11: 0 | R11: 0 | S11: 0 | T11: 0 | U11: 0 | V11: #DIV/0! | W11: #DIV/0! | X11: #DIV/0! | Y11: #DIV/0! | Z11: #DIV/0!
C12: TULIP | D12: III | E12: 28 | F12: 12 | G12: 8 | H12: 81 | I12: 4 | J12: 93 | K12: 3 | L12: 81 | M12: 6 | N12: 5 | O12: 1 | P12: 90 | Q12: 289 | R12: 2 | S12: 247 | T12: 3 | U12: 87 | V12: 8.8214286 | W12: 73.511905 | X12: 2.8390805 | Y12: 1.0229885 | Z12: 7.25
C13: TULIP | E13: 28 | F13: 12 | G13: 8 | H13: 81 | I13: 4 | J13: 93 | K13: 3 | L13: 81 | M13: 6 | N13: 5 | O13: 1 | P13: 90 | Q13: 289 | R13: 2 | S13: 247 | T13: 3 | U13: 87 | V13: 8.8214286 | W13: 73.511905 | X13: 2.8390805 | Y13: 1.0229885 | Z13: 7.25
A14: 4 | C14: ASTER | D14: II | E14: 28 | F14: 2 | G14: 1 | H14: 18 | I14: 6 | J14: 25 | K14: 14 | L14: 10 | M14: 0 | N14: 0 | O14: 0 | P14: 24 | Q14: 31 | R14: 0 | S14: 34 | T14: 1 | U14: 10 | V14: 1.2142857 | W14: 60.714286 | X14: 3.4 | Y14: 2.2 | Z14: 5
D15: III | E15: 28 | F15: 17 | G15: 13 | H15: 120 | I15: 15 | J15: 148 | K15: 27 | L15: 104 | M15: 2 | N15: 2 | O15: 0 | P15: 133 | Q15: 366 | R15: 0 | S15: 415 | T15: 15 | U15: 106 | V15: 14.821429 | W15: 87.184874 | X15: 3.9150943 | Y15: 0.5754717 | Z15: 6.2352941
D16: ISOLASI | E16: 28 | F16: 5 | G16: 2 | H16: 9 | I16: 25 | J16: 36 | K16: 6 | L16: 25 | M16: 0 | N16: 0 | O16: 0 | P16: 31 | Q16: 80 | R16: 1 | S16: 104 | T16: 5 | U16: 25 | V16: 3.7142857 | W16: 74.285714 | X16: 4.16 | Y16: 1.44 | Z16: 5
C17: ASTER | E17: 28 | F17: 24 | G17: 16 | H17: 147 | I17: 46 | J17: 209 | K17: 47 | L17: 139 | M17: 2 | N17: 2 | O17: 0 | P17: 188 | Q17: 477 | R17: 1 | S17: 553 | T17: 21 | U17: 141 | V17: 19.75 | W17: 82.291667 | X17: 3.9219858 | Y17: 0.84397163 | Z17: 5.875
A18: 5 | C18: MELATI | D18: ATAS ISOLASI | E18: 28 | F18: 4 | G18: 0 | H18: 0 | I18: 0 | J18: 0 | K18: 0 | L18: 0 | N18: 0 | O18: 0 | P18: 0 | Q18: 0 | R18: 0 | S18: 0 | T18: 0 | U18: 0 | V18: 0 | W18: 0 | X18: #DIV/0! | Y18: #DIV/0! | Z18: 0
D19: ATAS III | E19: 28 | F19: 15 | G19: 20 | H19: 114 | I19: 6 | J19: 140 | K19: 10 | L19: 99 | M19: 18 | N19: 11 | O19: 7 | P19: 127 | Q19: 478 | R19: 3 | S19: 489 | T19: 13 | U19: 117 | V19: 17.464286 | W19: 116.42857 | X19: 4.1794872 | Y19: -0.58974359 | Z19: 7.8
D20: BAWAH III | E20: 28 | F20: 12 | G20: 12 | H20: 65 | I20: 28 | J20: 105 | K20: 18 | L20: 68 | M20: 11 | N20: 9 | O20: 2 | P20: 97 | Q20: 307 | R20: 4 | S20: 345 | T20: 8 | U20: 79 | V20: 12.321429 | W20: 102.67857 | X20: 4.3670886 | Y20: -0.11392405 | Z20: 6.5833333
C21: MELATI | E21: 28 | F21: 31 | G21: 32 | H21: 179 | I21: 34 | J21: 245 | K21: 28 | L21: 167 | M21: 29 | N21: 20 | O21: 9 | P21: 224 | Q21: 785 | R21: 7 | S21: 834 | T21: 21 | U21: 196 | V21: 29.785714 | W21: 110.31746 | X21: 4.255102 | Y21: -0.39795918 | Z21: 14.383333
A22: 6 | C22: SERUNI | D22: III | E22: 28 | F22: 18 | G22: 14 | H22: 139 | I22: 10 | J22: 163 | K22: 13 | L22: 127 | M22: 7 | N22: 4 | O22: 3 | P22: 147 | Q22: 440 | R22: 1 | S22: 511 | T22: 16 | U22: 134 | V22: 18.25 | W22: 101.38889 | X22: 3.8134328 | Y22: -0.052238806 | Z22: 7.4444444
C23: SERUNI | E23: 28 | F23: 18 | G23: 14 | H23: 139 | I23: 10 | J23: 163 | K23: 13 | L23: 127 | M23: 7 | N23: 4 | O23: 3 | P23: 147 | Q23: 440 | R23: 1 | S23: 511 | T23: 16 | U23: 134 | V23: 18.25 | W23: 101.38889 | X23: 3.8134328 | Y23: -0.052238806 | Z23: 7.4444444
A24: 7 | C24: MAWAR | D24: ISOLASI | E24: 28 | F24: 4 | G24: 0 | H24: 0 | I24: 0 | J24: 0 | K24: 0 | L24: 0 | N24: 0 | O24: 0 | P24: 0 | Q24: 0 | R24: 0 | S24: 0 | T24: 0 | U24: 0 | V24: 0 | W24: 0 | X24: #DIV/0! | Y24: #DIV/0! | Z24: 0
D25: III | E25: 28 | F25: 16 | G25: 14 | H25: 116 | I25: 16 | J25: 146 | K25: 10 | L25: 116 | M25: 6 | N25: 3 | O25: 3 | P25: 132 | Q25: 420 | R25: 1 | S25: 423 | T25: 14 | U25: 122 | V25: 15.107143 | W25: 94.419643 | X25: 3.4672131 | Y25: 0.20491803 | Z25: 7.625
C26: MAWAR | E26: 28 | F26: 20 | G26: 14 | H26: 116 | I26: 16 | J26: 146 | K26: 10 | L26: 116 | M26: 6 | N26: 3 | O26: 3 | P26: 132 | Q26: 420 | R26: 1 | S26: 423 | T26: 14 | U26: 122 | V26: 15.107143 | W26: 75.535714 | X26: 3.4672131 | Y26: 1.1229508 | Z26: 6.1
A27: 8 | C27: GARDENA | D27: III | E27: 28 | F27: 20 | G27: 14 | H27: 150 | I27: 10 | J27: 174 | K27: 13 | L27: 143 | M27: 8 | N27: 6 | O27: 2 | P27: 164 | Q27: 467 | R27: 2 | S27: 431 | T27: 10 | U27: 151 | V27: 15.392857 | W27: 76.964286 | X27: 2.8543046 | Y27: 0.85430464 | Z27: 7.55
C28: GARDENA | E28: 28 | F28: 20 | G28: 14 | H28: 150 | I28: 10 | J28: 174 | K28: 13 | L28: 143 | M28: 8 | N28: 6 | O28: 2 | P28: 164 | Q28: 467 | R28: 2 | S28: 431 | T28: 10 | U28: 151 | V28: 15.392857 | W28: 76.964286 | X28: 2.8543046 | Y28: 0.85430464 | Z28: 7.55
C29: BOGENVILE | D29: ISOLASI | E29: 28 | F29: 1 | G29: 0 | H29: 0 | I29: 0 | J29: 0 | K29: 0 | L29: 0 | N29: 0 | O29: 0 | P29: 0 | Q29: 0 | R29: 0 | S29: 0 | T29: 0 | U29: 0 | V29: 0 | W29: 0 | X29: #DIV/0! | Y29: #DIV/0! | Z29: 0
A30: 9 | C30: BOGENVILE | D30: I | E30: 28 | F30: 3 | G30: 2 | H30: 28 | I30: 12 | J30: 42 | K30: 7 | L30: 32 | M30: 0 | N30: 0 | O30: 0 | P30: 39 | Q30: 89 | R30: 1 | S30: 99 | T30: 3 | U30: 32 | V30: 3.5357143 | W30: 117.85714 | X30: 3.09375 | Y30: -0.46875 | Z30: 10.666667
C31: BOGENVILE | D31: PAV | E31: 28 | F31: 8 | G31: 4 | H31: 35 | I31: 10 | J31: 49 | K31: 11 | L31: 34 | M31: 2 | N31: 1 | O31: 1 | P31: 47 | Q31: 126 | R31: 1 | S31: 123 | T31: 2 | U31: 36 | V31: 4.3928571 | W31: 54.910714 | X31: 3.4166667 | Y31: 2.8055556 | Z31: 4.5
C32: BOGENVILE | E32: 28 | F32: 12 | G32: 6 | H32: 63 | I32: 22 | J32: 91 | K32: 18 | L32: 66 | M32: 2 | N32: 1 | O32: 1 | P32: 86 | Q32: 215 | R32: 2 | S32: 222 | T32: 5 | U32: 68 | V32: 7.9285714 | W32: 66.071429 | X32: 3.2647059 | Y32: 1.6764706 | Z32: 5.6666667
A33: 10 | C33: ALAMANDA | D33: ISOLASI | E33: 28 | F33: 1 | G33: 0 | H33: 0 | I33: 0 | J33: 0 | K33: 0 | L33: 0 | N33: 0 | O33: 0 | P33: 0 | Q33: 0 | R33: 0 | S33: 0 | T33: 0 | U33: 0 | V33: 0 | W33: 0 | X33: #DIV/0! | Y33: #DIV/0! | Z33: 0
C34: ALAMANDA | D34: I | E34: 28 | F34: 2 | G34: 3 | H34: 14 | I34: 4 | J34: 21 | K34: 2 | L34: 15 | M34: 2 | N34: 0 | O34: 2 | P34: 19 | Q34: 56 | R34: 0 | S34: 65 | T34: 2 | U34: 17 | V34: 2.3214286 | W34: 116.07143 | X34: 3.8235294 | Y34: -0.52941176 | Z34: 8.5
C35: ALAMANDA | D35: II | E35: 28 | F35: 4 | G35: 4 | H35: 24 | I35: 3 | J35: 31 | K35: 1 | L35: 25 | M35: 1 | N35: 1 | O35: 0 | P35: 27 | Q35: 82 | R35: 0 | S35: 90 | T35: 4 | U35: 26 | V35: 3.2142857 | W35: 80.357143 | X35: 3.4615385 | Y35: 0.84615385 | Z35: 6.5
C36: ALAMANDA | D36: III | E36: 28 | F36: 12 | G36: 9 | H36: 75 | I36: 8 | J36: 92 | K36: 2 | L36: 74 | M36: 7 | N36: 4 | O36: 3 | P36: 83 | Q36: 288 | R36: 1 | S36: 273 | T36: 9 | U36: 81 | V36: 9.75 | W36: 81.25 | X36: 3.3703704 | Y36: 0.77777778 | Z36: 6.75
C37: ALAMANDA | E37: 28 | F37: =SUM(F33:F36) -> 19 | G37: 16 | H37: 113 | I37: 15 | J37: 144 | K37: 5 | L37: 114 | M37: 10 | N37: 5 | O37: 5 | P37: 129 | Q37: 426 | R37: 1 | S37: 428 | T37: 15 | U37: 124 | V37: 15.285714 | W37: 80.451128 | X37: 3.4516129 | Y37: 0.83870968 | Z37: 6.5263158
A38: 11 | C38: CATHALIA | D38: CA ISOLASI | E38: 28 | F38: 6 | G38: 8 | H38: 46 | I38: 8 | J38: 62 | K38: 3 | L38: 45 | M38: 7 | N38: 2 | O38: 5 | P38: 55 | Q38: 141 | R38: 0 | S38: 177 | T38: 7 | U38: 52 | V38: 6.3214286 | W38: 105.35714 | X38: 3.4038462 | Y38: -0.17307692 | Z38: 8.6666667
C39: CATHALIA | D39: CATALYA ATAS | E39: 28 | F39: 8 | G39: 4 | H39: 34 | I39: 10 | J39: 48 | K39: 5 | L39: 39 | M39: 1 | N39: 1 | O39: 0 | P39: 45 | Q39: 120 | R39: 1 | S39: 115 | T39: 3 | U39: 40 | V39: 4.1071429 | W39: 51.339286 | X39: 2.875 | Y39: 2.725 | Z39: 5
C40: CATHALIA | D40: CATALYA BAWAH | E40: 28 | F40: 14 | G40: 2 | H40: 63 | I40: 12 | J40: 77 | K40: 10 | L40: 54 | M40: 5 | N40: 5 | O40: 0 | P40: 69 | Q40: 157 | R40: 3 | S40: 200 | T40: 8 | U40: 59 | V40: 7.1428571 | W40: 51.020408 | X40: 3.3898305 | Y40: 3.2542373 | Z40: 4.2142857
J41: 0 | M41: 0 | P41: 0 | T41: 0 | U41: 0 | V41: #DIV/0! | W41: #DIV/0! | X41: #DIV/0! | Y41: #DIV/0! | Z41: #DIV/0!
C42: CATHALIA | E42: 28 | F42: 28 | G42: 14 | H42: 143 | I42: 30 | J42: 187 | K42: 18 | L42: 138 | M42: 13 | N42: 8 | O42: 5 | P42: 169 | Q42: 418 | R42: 4 | S42: 492 | T42: 18 | U42: 151 | V42: 17.571429 | W42: 62.755102 | X42: 3.2582781 | Y42: 1.9337748 | Z42: 5.3928571
C43: NUSA INDAH | D43: ISOLASI | E43: 28 | F43: 2 | G43: 0 | H43: 0 | I43: 0 | J43: 0 | K43: 0 | L43: 0 | N43: 0 | O43: 0 | P43: 0 | Q43: 0 | R43: 0 | S43: 0 | T43: 0 | U43: 0 | V43: 0 | W43: 0 | X43: #DIV/0! | Y43: #DIV/0! | Z43: 0
A44: 12 | C44: NUSA INDAH | D44: I | E44: 28 | F44: 13 | G44: 7 | H44: 101 | I44: 12 | J44: 120 | K44: 8 | L44: 96 | M44: 5 | N44: 3 | O44: 2 | P44: 109 | Q44: 318 | R44: 0 | S44: 343 | T44: 11 | U44: 101 | V44: 12.25 | W44: 94.230769 | X44: 3.3960396 | Y44: 0.20792079 | Z44: 7.7692308
C45: NUSA INDAH | D45: VIP | E45: 28 | F45: 2 | G45: 0 | H45: 0 | I45: 0 | J45: 0 | K45: 0 | L45: 0 | M45: 0 | N45: 0 | O45: 0 | P45: 0 | Q45: 0 | R45: 0 | S45: 0 | T45: 0 | U45: 0 | V45: 0 | W45: 0 | X45: #DIV/0! | Y45: #DIV/0! | Z45: 0
C46: NUSA INDAH | E46: 28 | F46: 17 | G46: 7 | H46: 101 | I46: 12 | J46: 120 | K46: 8 | L46: 96 | M46: 5 | N46: 3 | O46: 2 | P46: 109 | Q46: 318 | R46: 0 | S46: 343 | T46: 11 | U46: 101 | V46: 12.25 | W46: 72.058824 | X46: 3.3960396 | Y46: 1.3168317 | Z46: 5.9411765
A47: 13 | C47: SAKURA NON COVID | D47: TB MDR II | E47: 28 | F47: 2 | G47: 0 | H47: 1 | I47: 0 | J47: 1 | K47: 0 | L47: 1 | M47: 0 | N47: 0 | O47: 0 | P47: 1 | Q47: 3 | R47: 0 | S47: 3 | T47: 0 | U47: 1 | V47: 0.10714286 | W47: 5.3571429 | X47: 3 | Y47: 53 | Z47: 0.5
D48: TB MDR III | E48: 28 | F48: 3 | G48: 0 | H48: 4 | I48: 0 | J48: 4 | K48: 0 | L48: 1 | M48: 3 | N48: 1 | O48: 2 | P48: 4 | Q48: 12 | R48: 0 | S48: 11 | T48: 0 | U48: 4 | V48: 0.39285714 | W48: 13.095238 | X48: 2.75 | Y48: 18.25 | Z48: 1.3333333
D49: TB PARU II | E49: 28 | F49: 2 | G49: 0 | H49: 6 | I49: 4 | J49: 10 | K49: 0 | L49: 8 | M49: 0 | N49: 0 | O49: 0 | P49: 8 | Q49: 40 | R49: 0 | S49: 30 | T49: 2 | U49: 8 | V49: 1.0714286 | W49: 53.571429 | X49: 3.75 | Y49: 3.25 | Z49: 4
D50: TB PARU III | E50: 28 | F50: 10 | G50: 5 | H50: 47 | I50: 7 | J50: 59 | K50: 2 | L50: 35 | M50: 14 | N50: 7 | O50: 7 | P50: 51 | Q50: 230 | R50: 0 | S50: 229 | T50: 8 | U50: 49 | V50: 8.1785714 | W50: 81.785714 | X50: 4.6734694 | Y50: 1.0408163 | Z50: 4.9
C51: SAKURA | E51: 28 | F51: 17 | G51: 5 | H51: 58 | I51: 11 | J51: 74 | K51: 2 | L51: 45 | M51: 17 | N51: 8 | O51: 9 | P51: 64 | Q51: 285 | R51: 0 | S51: 273 | T51: 10 | U51: 62 | V51: 9.75 | W51: 57.352941 | X51: 4.4032258 | Y51: 3.2741935 | Z51: 3.6470588
A53: 14 | C53: ANGGREK | D53: VIP | E53: 28 | F53: 8 | G53: 3 | H53: 26 | I53: 5 | J53: 34 | K53: 4 | L53: 25 | M53: 1 | N53: 0 | O53: 1 | P53: 30 | Q53: 92 | R53: 1 | S53: 115 | T53: 4 | U53: 26 | V53: 4.1071429 | W53: 51.339286 | X53: 4.4230769 | Y53: 4.1923077 | Z53: 3.25
C54: ANGGREK | D54: VIP | E54: 28 | F54: 8 | G54: 3 | H54: 26 | I54: 5 | J54: 34 | K54: 4 | L54: 25 | M54: 1 | N54: 0 | O54: 1 | P54: 30 | Q54: 92 | R54: 1 | S54: 115 | T54: 4 | U54: 26 | V54: 4.1071429 | W54: 51.339286 | X54: 4.4230769 | Y54: 4.1923077 | Z54: 3.25
C55: LAVENDER | D55: ISOLASI | E55: 28 | F55: 4 | G55: 0 | H55: 0 | I55: 0 | K55: 0 | L55: 0 | N55: 0 | O55: 0 | Q55: 0 | R55: 0 | S55: 0 | T55: 0 | U55: 0 | V55: 0 | W55: 0 | X55: #DIV/0! | Y55: #DIV/0! | Z55: 0
A56: 15 | D56: III | E56: 28 | F56: 12 | G56: 15 | H56: 110 | I56: 12 | J56: 137 | K56: 12 | L56: 105 | M56: 12 | N56: 7 | O56: 5 | P56: 129 | Q56: 397 | R56: 1 | S56: 412 | T56: 8 | U56: 117 | V56: 14.714286 | W56: 122.61905 | X56: 3.5213675 | Y56: -0.64957265 | Z56: 9.75
C57: LAVENDER | E57: 28 | F57: 16 | G57: 15 | H57: 110 | I57: 12 | J57: 137 | K57: 12 | L57: 105 | M57: 12 | N57: 7 | O57: 5 | P57: 129 | Q57: 397 | R57: 1 | S57: 412 | T57: 8 | U57: 117 | V57: 14.714286 | W57: 91.964286 | X57: 3.5213675 | Y57: 0.30769231 | Z57: 7.3125
C58: DAHLIA IBU | D58: PAV | E58: 28 | T58: 0 | U58: 0 | V58: #DIV/0! | W58: #DIV/0! | X58: #DIV/0! | Y58: #DIV/0! | Z58: #DIV/0!
A59: 16 | D59: I | E59: 28 | F59: 2 | G59: 1 | H59: 3 | I59: 6 | J59: 10 | K59: 3 | L59: 7 | M59: 0 | N59: 0 | O59: 0 | P59: 10 | Q59: 25 | R59: 0 | S59: 10 | T59: 0 | U59: 7 | V59: 0.35714286 | W59: 17.857143 | X59: 1.4285714 | Y59: 6.5714286 | Z59: 3.5
D60: II | E60: 28 | F60: 8 | G60: 2 | H60: 30 | I60: 116 | J60: 148 | K60: 121 | L60: 20 | M60: 2 | N60: 1 | O60: 1 | P60: 143 | Q60: 54 | R60: 2 | S60: 172 | T60: 5 | U60: 22 | V60: 6.1428571 | W60: 76.785714 | X60: 7.8181818 | Y60: 2.3636364 | Z60: 2.75
D61: III | E61: 28 | F61: 21 | G61: 13 | H61: 115 | I61: 210 | J61: 338 | K61: 66 | L61: 250 | M61: 0 | N61: 0 | O61: 0 | P61: 316 | Q61: 555 | R61: 3 | S61: 398 | T61: 22 | U61: 250 | V61: 14.214286 | W61: 67.687075 | X61: 1.592 | Y61: 0.76 | Z61: 11.904762
C62: DAHLIA IBU | E62: 28 | F62: 31 | G62: 16 | H62: 148 | I62: 332 | J62: 496 | K62: 190 | L62: 277 | M62: 2 | N62: 1 | O62: 1 | P62: 469 | Q62: 634 | R62: 5 | S62: 580 | T62: 27 | U62: 279 | V62: 20.714286 | W62: 66.820276 | X62: 2.078853 | Y62: 1.0322581 | Z62: 9
A63: 17
F64: 0 | G64: 0 | H64: 0 | I64: 0 | J64: 0 | K64: 0 | L64: 0 | M64: 0 | N64: 0 | O64: 0 | P64: 0 | Q64: 0 | R64: 0 | S64: 0 | T64: 0 | U64: 0 | V64: #DIV/0! | W64: #DIV/0! | X64: #DIV/0! | Y64: #DIV/0! | Z64: #DIV/0!
A65: TOTAL RAWAT INAP UMUM | E65: 28 | F65: =+F8+F10+F13+F17+F21+F23+F26++F28+F32+F37+F42+F46+F51+F54+F57+F62 -> 309 | G65: 208 | H65: 1790 | I65: 615 | J65: 2613 | K65: 383 | L65: 1873 | M65: 151 | N65: 90 | O65: 61 | P65: 2407 | Q65: 6647 | R65: 35 | S65: 6741 | T65: =+T8+T10+T13+T17+T21+T23+T26+T28+T32+T37+T42+T46+T51+T54+T57+T62 -> 206 | U65: 2024 | V65: 240.75 | W65: 77.912621 | X65: 3.3305336 | Y65: 0.94416996 | Z65: 6.5501618
A66: SK KHUSUS COVID
A67: NO | B67: PELAYANAN | C67: RAWAT INAP | D67: KLAS PERAWATAN | E67: PERIODE | F67: TT (T) | G67: PX AWAL | H67: PX MASUK | I67: PX PINDAHAN | J67: JUMLAH (1+2+3) | K67: PX DI PINDAHKAN | L67: PX KELUAR HIDUP | M67: PX MATI | N67: KURANG 48 JAM | O67: LEBIH 48 JAM | P67: JUMLAH (5+6+7) | Q67: LAMA DI RAWAT | R67: PX KELUAR/MASUK HR SAMA | S67: HARI PERAWATAN | T67: Px AKHIR | U67: KUNJUNGN | V67: O | W67: BOR (O/T) | X67: LOS | Y67: TOI | Z67: BTO
V68: (TT terpakai) | W68: (75%-85%) | X68: (3-12 hari) | Y68: (1-3 hr) | Z68: (30 px)
G70: 1 | H70: 2 | I70: 3 | J70: 4 | K70: 5 | L70: 6 | M70: 7 | N70: 8 | O70: 9 | P70: 10 | Q70: 11 | R70: 12 | S70: 13 | T70: 14 | V70: 15 | W70: 16 | X70: 17 | Y70: 18 | Z70: 19
A71: 1 | B71: ISOLASI | C71: PERINATOLOGI | D71: II | E71: 28 | G71: 0 | H71: 0 | I71: 0 | J71: 0 | K71: 0 | L71: 0 | M71: 0 | N71: 0 | O71: 0 | P71: 0 | Q71: 0 | R71: 0 | S71: 0 | T71: 0 | U71: 0 | V71: 0 | W71: #DIV/0! | X71: #DIV/0! | Y71: #DIV/0! | Z71: #DIV/0!
C72: PERINATOLOGI | E72: 28 | F72: 0 | G72: 0 | H72: 0 | I72: 0 | J72: 0 | K72: 0 | L72: 0 | M72: 0 | N72: 0 | O72: 0 | P72: 0 | Q72: 0 | R72: 0 | S72: 0 | T72: 0 | U72: 0 | V72: 0 | W72: 0 | X72: #DIV/0! | Y72: #DIV/0! | Z72: #DIV/0!
A73: 2 | C73: RICU ED | D73: I | E73: 28 | G73: 0 | H73: 0 | I73: 0 | J73: 0 | K73: 0 | L73: 0 | M73: 0 | N73: 0 | O73: 0 | P73: 0 | Q73: 0 | R73: 0 | S73: 0 | T73: 0 | U73: 0 | V73: 0 | W73: #DIV/0! | X73: #DIV/0! | Y73: #DIV/0! | Z73: #DIV/0!
C74: RICU ED | E74: 28 | F74: 0 | G74: 0 | H74: 0 | I74: 0 | J74: 0 | K74: 0 | L74: 0 | M74: 0 | N74: 0 | O74: 0 | P74: 0 | Q74: 0 | R74: 0 | S74: 0 | T74: 0 | U74: 0 | V74: 0 | W74: #DIV/0! | X74: #DIV/0! | Y74: #DIV/0! | Z74: #DIV/0!
A75: 3 | C75: LAVENDER | E75: 28 | G75: 0 | H75: 0 | I75: 0 | J75: 0 | K75: 0 | L75: 0 | M75: 0 | N75: 0 | O75: 0 | P75: 0 | Q75: 0 | R75: 0 | S75: 0 | T75: 0 | U75: 0 | V75: 0 | W75: #DIV/0! | X75: #DIV/0! | Y75: #DIV/0! | Z75: #DIV/0!
C76: LAVENDER | E76: 28 | F76: 0 | G76: 0 | H76: 0 | I76: 0 | J76: 0 | K76: 0 | L76: 0 | M76: 0 | N76: 0 | O76: 0 | P76: 0 | Q76: 0 | R76: 0 | S76: 0 | T76: 0 | U76: 0 | V76: 0 | W76: #DIV/0! | X76: #DIV/0! | Y76: #DIV/0! | Z76: #DIV/0!
A77: TOTAL ISOLASI | E77: 28 | F77: 0 | G77: 0 | H77: 0 | I77: 0 | J77: 0 | K77: 0 | L77: 0 | M77: 0 | N77: 0 | O77: 0 | P77: 0 | Q77: 0 | R77: 0 | S77: 0 | T77: 0 | U77: 0 | V77: 0 | W77: #DIV/0! | X77: #DIV/0! | Y77: #DIV/0! | Z77: #DIV/0!
A79: NO | B79: PELAYANAN | C79: RAWAT INAP | D79: KLAS PERAWATAN | E79: PERIODE | F79: TT (T) | G79: PX AWAL | H79: PX MASUK | I79: PX PINDAHAN | J79: JUMLAH (1+2+3) | K79: PX DI PINDAHKAN | L79: PX KELUAR HIDUP | M79: PX MATI | N79: KURANG 48 JAM | O79: LEBIH 48 JAM | P79: JUMLAH (5+6+7) | Q79: LAMA DI RAWAT | R79: PX KELUAR/MASUK HR SAMA | S79: HARI PERAWATAN | T79: Px AKHIR | U79: KUNJUNGN | V79: O | W79: BOR (O/T) | X79: LOS | Y79: TOI | Z79: BTO
V80: (TT terpakai) | W80: (75%-85%) | X80: (3-12 hari) | Y80: (1-3 hr) | Z80: (30 px)
G82: 1 | H82: 2 | I82: 3 | J82: 4 | K82: 5 | L82: 6 | M82: 7 | N82: 8 | O82: 9 | P82: 10 | Q82: 11 | R82: 12 | S82: 13 | T82: 14 | V82: 15 | W82: 16 | X82: 17 | Y82: 18 | Z82: 19
A83: 1 | B83: PERISTI | C83: PERINATOLOGI | D83: II | E83: 28 | F83: 30 | G83: 15 | H83: 151 | I83: 15 | J83: 181 | K83: 75 | L83: 79 | M83: 4 | N83: 3 | O83: 1 | P83: 158 | Q83: 453 | R83: 2 | S83: 476 | T83: 23 | U83: 83 | V83: 17 | W83: 56.666667 | X83: 5.7349398 | Y83: 4.3855422 | Z83: 2.7666667
C84: PERINATOLOGI | E84: 28 | F84: 30 | G84: 15 | H84: 151 | I84: 15 | J84: 181 | K84: 75 | L84: 79 | M84: 4 | N84: 3 | O84: 1 | P84: 158 | Q84: 453 | R84: 2 | S84: 476 | T84: 23 | U84: 83 | V84: 17 | W84: 56.666667 | X84: 5.7349398 | Y84: 4.3855422 | Z84: 2.7666667
D85: VIP | E85: 28 | G85: 0
A86: 2 | C86: DAHLIA BAYI | D86: I | E86: 28 | F86: 2 | G86: 1 | H86: 0 | I86: 2 | J86: 3 | K86: 0 | L86: 3 | M86: 0 | N86: 0 | O86: 0 | P86: 3 | Q86: 5 | R86: 0 | S86: 2 | T86: 0 | U86: 3 | V86: 0.071428571 | W86: 3.5714286 | X86: 0.66666667 | Y86: 18 | Z86: 1.5
D87: II | E87: 28 | F87: 4 | G87: 0 | H87: 1 | I87: 56 | J87: 57 | K87: 51 | L87: 6 | M87: 0 | N87: 0 | O87: 0 | P87: 57 | Q87: 9 | R87: 0 | S87: 56 | T87: 0 | U87: 6 | V87: 2 | W87: 50 | X87: 9.3333333 | Y87: 9.3333333 | Z87: 1.5
D88: III | E88: 28 | F88: 10 | G88: 4 | H88: 6 | I88: 107 | J88: 117 | K88: 2 | L88: 105 | M88: 0 | N88: 0 | O88: 0 | P88: 107 | Q88: 160 | R88: 1 | S88: 113 | T88: 10 | U88: 105 | V88: 4.0357143 | W88: 40.357143 | X88: 1.0761905 | Y88: 1.5904762 | Z88: 10.5
C89: DAHLIA BAYI | E89: 28 | F89: 16 | G89: 5 | H89: 7 | I89: 165 | J89: 177 | K89: 53 | L89: 114 | M89: 0 | N89: 0 | O89: 0 | P89: 167 | Q89: 174 | R89: 1 | S89: 171 | T89: 10 | U89: 114 | V89: 6.1071429 | W89: 38.169643 | X89: 1.5 | Y89: 2.4298246 | Z89: 7.125
A90: TOTAL PERISTI | E90: 28 | F90: 46 | G90: 20 | H90: 158 | I90: 180 | J90: 358 | K90: 128 | L90: 193 | M90: 4 | N90: 3 | O90: 1 | P90: 325 | Q90: 627 | R90: 3 | S90: 647 | T90: 33 | U90: 197 | V90: 23.107143 | W90: 50.232919 | X90: 3.284264 | Y90: 3.2538071 | Z90: 4.2826087
G91: 37
A92: NO | B92: PELAYANAN | C92: RAWAT INAP | D92: KLAS PERAWATAN | E92: PERIODE | F92: TT (T) | G92: PX AWAL | H92: PX MASUK | I92: PX PINDAHAN | J92: JUMLAH (1+2+3) | K92: PX DI PINDAHKAN | L92: PX KELUAR HIDUP | M92: PX MATI | N92: KURANG 48 JAM | O92: LEBIH 48 JAM | P92: JUMLAH (5+6+7) | Q92: LAMA DI RAWAT | R92: PX KELUAR/MASUK HR SAMA | S92: HARI PERAWATAN | T92: Px AKHIR | U92: KUNJUNGN | V92: O | W92: BOR (O/T) | X92: LOS | Y92: TOI | Z92: BTO
V93: (TT terpakai) | W93: (75%-85%) | X93: (3-12 hari) | Y93: (1-3 hr) | Z93: (30 px)
G95: 1 | H95: 2 | I95: 3 | J95: 4 | K95: 5 | L95: 6 | M95: 7 | N95: 8 | O95: 9 | P95: 10 | Q95: 11 | R95: 12 | S95: 13 | T95: 14 | V95: 15 | W95: 16 | X95: 17 | Y95: 18 | Z95: 19
A96: 1 | B96: INTENSIVE | C96: ICU | D96: I | E96: 28 | F96: 14 | G96: 6 | H96: 14 | I96: 96 | J96: 116 | K96: 94 | L96: 0 | M96: 13 | N96: 2 | O96: 11 | P96: 107 | Q96: 149 | R96: 1 | S96: 255 | T96: 9 | U96: 13 | V96: 9.1071429 | W96: 65.05102 | X96: 19.615385 | Y96: 10.538462 | Z96: 0.92857143
C97: ICU | D97: I | E97: 28 | F97: 14 | G97: 6 | H97: 14 | I97: 96 | J97: 116 | K97: 94 | L97: 0 | M97: 13 | N97: 2 | O97: 11 | P97: 107 | Q97: 149 | R97: 1 | S97: 255 | T97: 9 | U97: 13 | V97: 9.1071429 | W97: 65.05102 | X97: 19.615385 | Y97: 10.538462 | Z97: 0.92857143
A98: 2 | C98: ICCU | D98: I | E98: 28 | F98: 5 | G98: 5 | H98: 69 | I98: 8 | J98: 82 | K98: 71 | L98: 1 | M98: 7 | N98: 7 | O98: 0 | P98: 79 | Q98: 8 | R98: 4 | S98: 102 | T98: 3 | U98: 8 | V98: 3.6428571 | W98: 72.857143 | X98: 12.75 | Y98: 4.75 | Z98: 1.6
C99: ICCU | D99: I | E99: 28 | F99: 5 | G99: 5 | H99: 69 | I99: 8 | J99: 82 | K99: 71 | L99: 1 | M99: 7 | N99: 7 | O99: 0 | P99: 79 | Q99: 8 | R99: 4 | S99: 102 | T99: 3 | U99: 8 | V99: 3.6428571 | W99: 72.857143 | X99: 12.75 | Y99: 4.75 | Z99: 1.6
A100: 3 | C100: PICU | D100: I | E100: 28 | F100: 3 | G100: 3 | H100: 12 | I100: 7 | J100: 22 | K100: 17 | L100: 0 | M100: 4 | N100: 1 | O100: 3 | P100: 21 | Q100: 23 | R100: 0 | S100: 48 | T100: 1 | U100: 4 | V100: 1.7142857 | W100: 57.142857 | X100: 12 | Y100: 9 | Z100: 1.3333333
C101: PICU | D101: I | E101: 28 | F101: 3 | G101: 3 | H101: 12 | I101: 7 | J101: 22 | K101: 17 | L101: 0 | M101: 4 | N101: 1 | O101: 3 | P101: 21 | Q101: 23 | R101: 0 | S101: 48 | T101: 1 | U101: 4 | V101: 1.7142857 | W101: 57.142857 | X101: 12 | Y101: 9 | Z101: 1.3333333
A102: 4 | C102: NICU | D102: I | E102: 28 | F102: 5 | G102: 5 | H102: 9 | I102: 17 | J102: 31 | K102: 16 | L102: 1 | M102: 10 | N102: 6 | O102: 4 | P102: 27 | Q102: 51 | R102: 1 | S102: 119 | T102: 4 | U102: 11 | V102: 4.25 | W102: 85 | X102: 10.818182 | Y102: 1.9090909 | Z102: 2.2
C103: NICU | D103: I | E103: 28 | F103: 5 | G103: 5 | H103: 9 | I103: 17 | J103: 31 | K103: 16 | L103: 1 | M103: 10 | N103: 6 | O103: 4 | P103: 27 | Q103: 51 | R103: 1 | S103: 119 | T103: 4 | U103: 11 | V103: 4.25 | W103: 85 | X103: 10.818182 | Y103: 1.9090909 | Z103: 2.2
A104: 5 | C104: ICU MEDICAL | D104: I | E104: 28 | F104: 4 | G104: 3 | H104: 29 | I104: 8 | J104: 40 | K104: 25 | L104: 0 | M104: 11 | N104: 9 | O104: 2 | P104: 36 | Q104: 21 | R104: 2 | S104: 67 | T104: 4 | U104: 11 | V104: 2.3928571 | W104: 59.821429 | X104: 6.0909091 | Y104: 4.0909091 | Z104: 2.75
C105: ICU MEDICAL | D105: I | E105: 28 | F105: 4 | G105: 3 | H105: 29 | I105: 8 | J105: 40 | K105: 25 | L105: 0 | M105: 11 | N105: 9 | O105: 2 | P105: 36 | Q105: 21 | R105: 2 | S105: 67 | T105: 4 | U105: 11 | V105: 2.3928571 | W105: 59.821429 | X105: 6.0909091 | Y105: 4.0909091 | Z105: 2.75
A106: 6 | C106: RICU ED | D106: I | E106: 28 | F106: 2 | G106: 1 | H106: 8 | I106: 3 | J106: 12 | K106: 7 | L106: 0 | M106: 3 | N106: 1 | O106: 2 | P106: 10 | Q106: 8 | R106: 0 | S106: 24 | T106: 2 | U106: 3 | V106: 0.85714286 | W106: 42.857143 | X106: 8 | Y106: 10.666667 | Z106: 1.5
...

Sheet MARET
A1: DATA PELAYANAN RI RSD Dr.SOEBANDI JEMBER
A2: BULAN : MARET 2026 | V2: s/e | W2: v/f*100 | X2: S/L+M | Y2: ((F-V)*E)/(LM) | Z2: L+M/F
A3: NO | B3: PELAYANAN | C3: RAWAT INAP | D3: KLAS PERAWATAN | E3: PERIODE | F3: TT (T) | G3: PX AWAL | H3: PX MASUK | I3: PX PINDAHAN | J3: JUMLAH (1+2+3) | K3: PX DI PINDAHKAN | L3: PX KELUAR HIDUP | M3: PX MATI | N3: KURANG 48 JAM | O3: LEBIH 48 JAM | P3: JUMLAH (5+6+7) | Q3: LAMA DI RAWAT | R3: PX KELUAR/MASUK HR SAMA | S3: HARI PERAWATAN | T3: Px AKHIR | U3: KUNJUNGN | V3: O | W3: BOR (O/T) | X3: LOS | Y3: TOI | Z3: BTO
V4: (TT terpakai) | W4: (75%-85%) | X4: (3-12 hari) | Y4: (1-3 hr) | Z4: (30 px)
G6: 1 | H6: 2 | I6: 3 | J6: 4 | K6: 5 | L6: 6 | M6: 7 | N6: 8 | O6: 9 | P6: 10 | Q6: 11 | R6: 12 | S6: 13 | T6: 14 | V6: 15 | W6: 16 | X6: 17 | Y6: 18 | Z6: 19 | AA6: I | AB6: II | AC6: III
A7: 1 | B7: RAWAT INAP UMUM | C7: ADENIUM | D7: III | E7: 31 | F7: 20 | G7: 13 | H7: 123 | I7: 28 | J7: 164 | K7: 7 | L7: 117 | M7: 17 | N7: 6 | O7: 11 | P7: 141 | Q7: 496 | R7: 1 | S7: 463 | T7: 23 | U7: 134 | V7: 14.935484 | W7: 74.677419 | X7: 3.4552239 | Y7: 1.1716418 | Z7: 6.7 | AA7: =+S30+S34+S40+S44 -> 706 | AB7: =+S35+S38+S39+S47+S49+S110 -> 542 | AC7: =+S8+S10+S13+S21+S23+S26+S28+S36+S48+S50+S56 -> 4329
C8: ADENIUM | E8: 31 | F8: 20 | G8: 13 | H8: 123 | I8: 28 | J8: 164 | K8: 7 | L8: 117 | M8: 17 | N8: 6 | O8: 11 | P8: 141 | Q8: 496 | R8: 1 | S8: 463 | T8: 23 | U8: 134 | V8: 14.935484 | W8: 74.677419 | X8: 3.4552239 | Y8: 1.1716418 | Z8: 6.7
A9: 2 | C9: ANTURIUM | D9: III | E9: 31 | F9: 16 | G9: 10 | H9: 101 | I9: 27 | J9: 138 | K9: 2 | L9: 102 | M9: 18 | N9: 6 | O9: 12 | P9: 122 | Q9: 449 | R9: 0 | S9: 411 | T9: 16 | U9: 120 | V9: 13.258065 | W9: 82.862903 | X9: 3.425 | Y9: 0.70833333 | Z9: 7.5
C10: ANTURIUM | E10: 31 | F10: 16 | G10: 10 | H10: 101 | I10: 27 | J10: 138 | K10: 2 | L10: 102 | M10: 18 | N10: 6 | O10: 12 | P10: 122 | Q10: 449 | R10: 0 | S10: 411 | T10: 16 | U10: 120 | V10: 13.258065 | W10: 82.862903 | X10: 3.425 | Y10: 0.70833333 | Z10: 7.5
A11: 3 | D11: II | E11: 31 | G11: 0 | H11: 0 | I11: 0 | J11: 0 | K11: 0 | L11: 0 | M11: 0 | N11: 0 | O11: 0 | P11: 0 | Q11: 0 | R11: 0 | S11: 0 | T11: 0 | U11: 0 | V11: 0 | W11: #DIV/0! | X11: #DIV/0! | Y11: #DIV/0! | Z11: #DIV/0!
C12: TULIP | D12: III | E12: 31 | F12: 12 | G12: 3 | H12: 90 | I12: 2 | J12: 95 | K12: 2 | L12: 73 | M12: 8 | N12: 1 | O12: 7 | P12: 83 | Q12: 251 | R12: 0 | S12: 262 | T12: 12 | U12: 81 | V12: 8.4516129 | W12: 70.430108 | X12: 3.2345679 | Y12: 1.3580247 | Z12: 6.75
C13: TULIP | E13: 31 | F13: 12 | G13: 3 | H13: 90 | I13: 2 | J13: 95 | K13: 2 | L13: 73 | M13: 8 | N13: 1 | O13: 7 | P13: 83 | Q13: 251 | R13: 0 | S13: 262 | T13: 12 | U13: 81 | V13: 8.4516129 | W13: 70.430108 | X13: 3.2345679 | Y13: 1.3580247 | Z13: 6.75
A14: 4 | C14: ASTER | D14: II | E14: 31 | F14: 2 | G14: 1 | H14: 12 | I14: 4 | J14: 17 | K14: 7 | L14: 9 | M14: 0 | N14: 0 | O14: 0 | P14: 16 | Q14: 35 | R14: 0 | S14: 36 | T14: 1 | U14: 9 | V14: 1.1612903 | W14: 58.064516 | X14: 4 | Y14: 2.8888889 | Z14: 4.5
C15: ASTER | D15: III | E15: 31 | F15: 17 | G15: 15 | H15: 106 | I15: 14 | J15: 135 | K15: 21 | L15: 97 | M15: 4 | N15: 0 | O15: 4 | P15: 122 | Q15: 438 | R15: 0 | S15: 393 | T15: 13 | U15: 101 | V15: 12.677419 | W15: 74.573055 | X15: 3.8910891 | Y15: 1.3267327 | Z15: 5.9411765
C16: ASTER | D16: ISOLASI | E16: 31 | F16: 5 | G16: 5 | H16: 14 | I16: 20 | J16: 39 | K16: 2 | L16: 31 | M16: 1 | N16: 0 | O16: 1 | P16: 34 | Q16: 133 | R16: 1 | S16: 105 | T16: 5 | U16: 32 | V16: 3.3870968 | W16: 67.741935 | X16: 3.28125 | Y16: 1.5625 | Z16: 6.4
C17: ASTER | E17: 31 | F17: 24 | G17: 21 | H17: 132 | I17: 38 | J17: 191 | K17: 30 | L17: 137 | M17: 5 | N17: 0 | O17: 5 | P17: 172 | Q17: 606 | R17: 1 | S17: 534 | T17: 19 | U17: 142 | V17: 17.225806 | W17: 71.774194 | X17: 3.7605634 | Y17: 1.4788732 | Z17: 5.9166667
A18: 5 | C18: MELATI | D18: ATAS ISOLASI | E18: 31 | F18: 4 | G18: 0 | H18: 0 | I18: 0 | J18: 0 | K18: 0 | L18: 0 | N18: 0 | O18: 0 | P18: 0 | Q18: 0 | R18: 0 | S18: 0 | T18: 0 | U18: 0 | V18: 0 | W18: 0 | X18: #DIV/0! | Y18: #DIV/0! | Z18: 0
C19: MELATI | D19: ATAS III | E19: 31 | F19: 15 | G19: 13 | H19: 137 | I19: 5 | J19: 155 | K19: 11 | L19: 89 | M19: 38 | N19: 21 | O19: 17 | P19: 138 | Q19: 546 | R19: 2 | S19: 518 | T19: 17 | U19: 127 | V19: 16.709677 | W19: 111.39785 | X19: 4.0787402 | Y19: -0.41732283 | Z19: 8.4666667
C20: MELATI | D20: BAWAH III | E20: 31 | F20: 15 | G20: 8 | H20: 81 | I20: 27 | J20: 116 | K20: 18 | L20: 69 | M20: 15 | N20: 7 | O20: 8 | P20: 102 | Q20: 437 | R20: 2 | S20: 375 | T20: 14 | U20: 84 | V20: 12.096774 | W20: 80.645161 | X20: 4.4642857 | Y20: 1.0714286 | Z20: 5.6
C21: MELATI | E21: 31 | F21: 34 | G21: 21 | H21: 218 | I21: 32 | J21: 271 | K21: 29 | L21: 158 | M21: 53 | N21: 28 | O21: 25 | P21: 240 | Q21: 983 | R21: 4 | S21: 893 | T21: 31 | U21: 211 | V21: 28.806452 | W21: 96.021505 | X21: 4.2322275 | Y21: 0.17535545 | Z21: 14.066667
A22: 6 | C22: SERUNI | D22: III | E22: 31 | F22: 24 | G22: 16 | H22: 160 | I22: 3 | J22: 179 | K22: 8 | L22: 140 | M22: 7 | N22: 3 | O22: 4 | P22: 155 | Q22: 491 | R22: 0 | S22: 490 | T22: 24 | U22: 147 | V22: 15.806452 | W22: 65.860215 | X22: 3.3333333 | Y22: 1.7278912 | Z22: 6.125
C23: SERUNI | E23: 31 | F23: 24 | G23: 16 | H23: 160 | I23: 3 | J23: 179 | K23: 8 | L23: 140 | M23: 7 | N23: 3 | O23: 4 | P23: 155 | Q23: 491 | R23: 0 | S23: 490 | T23: 24 | U23: 147 | V23: 15.806452 | W23: 65.860215 | X23: 3.3333333 | Y23: 1.7278912 | Z23: 6.125
A24: 7 | C24: MAWAR | D24: ISOLASI | E24: 31 | F24: 4 | G24: 0 | H24: 0 | I24: 0 | J24: 0 | K24: 0 | L24: 0 | N24: 0 | O24: 0 | P24: 0 | Q24: 0 | R24: 0 | S24: 0 | T24: 0 | U24: 0 | V24: 0 | W24: 0 | X24: #DIV/0! | Y24: #DIV/0! | Z24: 0
C25: MAWAR | D25: III | E25: 31 | F25: 16 | G25: 14 | H25: 134 | I25: 12 | J25: 160 | K25: 5 | L25: 122 | M25: 15 | N25: 6 | O25: 9 | P25: 142 | Q25: 500 | R25: 2 | S25: 478 | T25: 18 | U25: 137 | V25: 15.419355 | W25: 96.370968 | X25: 3.4890511 | Y25: 0.13138686 | Z25: 8.5625
C26: MAWAR | E26: 31 | F26: 20 | G26: 14 | H26: 134 | I26: 12 | J26: 160 | K26: 5 | L26: 122 | M26: 15 | N26: 6 | O26: 9 | P26: 142 | Q26: 500 | R26: 2 | S26: 478 | T26: 18 | U26: 137 | V26: 15.419355 | W26: 77.096774 | X26: 3.4890511 | Y26: 1.0364964 | Z26: 6.85
A27: 8 | C27: GARDENA | D27: III | E27: 31 | F27: 20 | G27: 10 | H27: 147 | I27: 4 | J27: 161 | K27: 10 | L27: 128 | M27: 3 | N27: 3 | O27: 0 | P27: 141 | Q27: 423 | R27: 1 | S27: 449 | T27: 20 | U27: 131 | V27: 14.483871 | W27: 72.419355 | X27: 3.4274809 | Y27: 1.3053435 | Z27: 6.55
C28: GARDENA | E28: 31 | F28: 20 | G28: 10 | H28: 147 | I28: 4 | J28: 161 | K28: 10 | L28: 128 | M28: 3 | N28: 3 | O28: 0 | P28: 141 | Q28: 423 | R28: 1 | S28: 449 | T28: 20 | U28: 131 | V28: 14.483871 | W28: 72.419355 | X28: 3.4274809 | Y28: 1.3053435 | Z28: 6.55
C29: BOGENVILE | D29: ISOLASI | E29: 31 | F29: 1 | G29: 0 | H29: 0 | I29: 0 | J29: 0 | K29: 0 | L29: 0 | N29: 0 | O29: 0 | P29: 0 | Q29: 0 | R29: 0 | S29: 0 | T29: 0 | U29: 0 | V29: 0 | W29: 0 | X29: #DIV/0! | Y29: #DIV/0! | Z29: 0
A30: 9 | C30: BOGENVILE | D30: I | E30: 31 | F30: 3 | G30: 3 | H30: 18 | I30: 14 | J30: 35 | K30: 4 | L30: 29 | M30: 0 | N30: 0 | O30: 0 | P30: 33 | Q30: 115 | R30: 0 | S30: 107 | T30: 2 | U30: 29 | V30: 3.4516129 | W30: 115.05376 | X30: 3.6896552 | Y30: -0.48275862 | Z30: 9.6666667
C31: BOGENVILE | D31: PAV | E31: 31 | F31: 8 | G31: 2 | H31: 38 | I31: 3 | J31: 43 | K31: 14 | L31: 23 | M31: 2 | N31: 1 | O31: 1 | P31: 39 | Q31: 84 | R31: 0 | S31: 83 | T31: 4 | U31: 25 | V31: 2.6774194 | W31: 33.467742 | X31: 3.32 | Y31: 6.6 | Z31: 3.125
C32: BOGENVILE | E32: 31 | F32: 12 | G32: 5 | H32: 56 | I32: 17 | J32: 78 | K32: 18 | L32: 52 | M32: 2 | N32: 1 | O32: 1 | P32: 72 | Q32: 199 | R32: 0 | S32: 190 | T32: 6 | U32: 54 | V32: 6.1290323 | W32: 51.075269 | X32: 3.5185185 | Y32: 3.3703704 | Z32: 4.5
A33: 10 | C33: ALAMANDA | D33: ISOLASI | E33: 31 | F33: 1 | G33: 0 | H33: 9 | I33: 1 | J33: 10 | K33: 2 | L33: 7 | N33: 0 | O33: 0 | P33: 9 | Q33: 21 | R33: 0 | S33: 21 | T33: 1 | U33: 7 | V33: 0.67741935 | W33: 67.741935 | X33: 3 | Y33: 1.4285714 | Z33: 7
C34: ALAMANDA | D34: I | E34: 31 | F34: 2 | G34: 2 | H34: 10 | I34: 3 | J34: 15 | K34: 0 | L34: 13 | M34: 0 | N34: 0 | O34: 0 | P34: 13 | Q34: 67 | R34: 0 | S34: 50 | T34: 2 | U34: 13 | V34: 1.6129032 | W34: 80.645161 | X34: 3.8461538 | Y34: 0.92307692 | Z34: 6.5
C35: ALAMANDA | D35: II | E35: 31 | F35: 4 | G35: 4 | H35: 18 | I35: 2 | J35: 24 | K35: 1 | L35: 18 | M35: 1 | N35: 0 | O35: 1 | P35: 20 | Q35: 95 | R35: 0 | S35: 97 | T35: 4 | U35: 19 | V35: 3.1290323 | W35: 78.225806 | X35: 5.1052632 | Y35: 1.4210526 | Z35: 4.75
C36: ALAMANDA | D36: III | E36: 31 | F36: 12 | G36: 9 | H36: 67 | I36: 8 | J36: 84 | K36: 2 | L36: 64 | M36: 6 | N36: 0 | O36: 6 | P36: 72 | Q36: 297 | R36: 0 | S36: 280 | T36: 12 | U36: 70 | V36: 9.0322581 | W36: 75.268817 | X36: 4 | Y36: 1.3142857 | Z36: 5.8333333
C37: ALAMANDA | E37: 31 | F37: 19 | G37: 15 | H37: 104 | I37: 14 | J37: 133 | K37: 5 | L37: 102 | M37: 7 | N37: 0 | O37: 7 | P37: 114 | Q37: 480 | R37: 0 | S37: 448 | T37: 19 | U37: 109 | V37: 14.451613 | W37: 76.061121 | X37: 4.1100917 | Y37: 1.293578 | Z37: 5.7368421
A38: 11 | C38: CATHALIA | D38: CA ISOLASI | E38: 31 | F38: 6 | G38: 7 | H38: 21 | I38: 4 | J38: 32 | K38: 13 | L38: 19 | M38: 0 | N38: 0 | O38: 0 | P38: 32 | Q38: 60 | R38: 0 | S38: 102 | T38: 0 | U38: 19 | V38: 3.2903226 | W38: 54.83871 | X38: 5.3684211 | Y38: 4.4210526 | Z38: 3.1666667
C39: CATHALIA | D39: CATALYA ATAS | E39: 31 | F39: 8 | G39: 3 | H39: 61 | I39: 24 | J39: 88 | K39: 5 | L39: 62 | M39: 8 | N39: 2 | O39: 6 | P39: 75 | Q39: 215 | R39: 0 | S39: 185 | T39: 13 | U39: 70 | V39: 5.9677419 | W39: 74.596774 | X39: 2.6428571 | Y39: 0.9 | Z39: 8.75
C40: CATHALIA | D40: CATALYA BAWAH | E40: 31 | F40: 14 | G40: 8 | H40: 68 | I40: 7 | J40: 83 | K40: 7 | L40: 55 | M40: 7 | N40: 3 | O40: 4 | P40: 69 | Q40: 219 | R40: 0 | S40: 208 | T40: 14 | U40: 62 | V40: 6.7096774 | W40: 47.926267 | X40: 3.3548387 | Y40: 3.6451613 | Z40: 4.4285714
J41: 0 | M41: 0 | P41: 0 | T41: 0 | U41: 0 | V41: #DIV/0! | W41: #DIV/0! | X41: #DIV/0! | Y41: #DIV/0! | Z41: #DIV/0!
C42: CATHALIA | E42: 31 | F42: 28 | G42: 18 | H42: 150 | I42: 35 | J42: 203 | K42: 25 | L42: 136 | M42: 15 | N42: 5 | O42: 10 | P42: 176 | Q42: 494 | R42: 0 | S42: 495 | T42: 27 | U42: 151 | V42: 15.967742 | W42: 57.02765 | X42: 3.2781457 | Y42: 2.4701987 | Z42: 5.3928571
C43: NUSA INDAH | D43: ISOLASI | E43: 31 | F43: 2 | G43: 0 | H43: 0 | I43: 0 | J43: 0 | K43: 0 | L43: 0 | N43: 0 | O43: 0 | P43: 0 | Q43: 0 | R43: 0 | S43: 0 | T43: 0 | U43: 0 | V43: 0 | W43: 0 | X43: #DIV/0! | Y43: #DIV/0! | Z43: 0
A44: 12 | C44: NUSA INDAH | D44: I | E44: 31 | F44: 13 | G44: 11 | H44: 97 | I44: 16 | J44: 124 | K44: 4 | L44: 96 | M44: 10 | N44: 4 | O44: 6 | P44: 110 | Q44: 378 | R44: 0 | S44: 341 | T44: 14 | U44: 106 | V44: 11 | W44: 84.615385 | X44: 3.2169811 | Y44: 0.58490566 | Z44: 8.1538462
C45: NUSA INDAH | D45: VIP | E45: 31 | F45: 2 | G45: 0 | H45: 3 | I45: 0 | J45: 3 | K45: 2 | L45: 1 | M45: 0 | N45: 0 | O45: 0 | P45: 3 | Q45: 5 | R45: 0 | S45: 6 | T45: 0 | U45: 1 | V45: 0.19354839 | W45: 9.6774194 | X45: 6 | Y45: 56 | Z45: 0.5
C46: NUSA INDAH | E46: 31 | F46: 17 | G46: 11 | H46: 100 | I46: 16 | J46: 127 | K46: 6 | L46: 97 | M46: 10 | N46: 4 | O46: 6 | P46: 113 | Q46: 383 | R46: 0 | S46: 347 | T46: 14 | U46: 107 | V46: 11.193548 | W46: 65.844402 | X46: 3.2429907 | Y46: 1.682243 | Z46: 6.2941176
A47: 13 | C47: SAKURA | D47: TB MDR II | E47: 31 | F47: 2 | G47: 0 | H47: 3 | I47: 1 | J47: 4 | K47: 1 | L47: 2 | M47: 0 | N47: 0 | O47: 0 | P47: 3 | Q47: 9 | R47: 0 | S47: 18 | T47: 1 | U47: 2 | V47: 0.58064516 | W47: 29.032258 | X47: 9 | Y47: 22 | Z47: 1
C48: SAKURA | D48: TB MDR III | E48: 31 | F48: 3 | G48: 0 | H48: 4 | I48: 1 | J48: 5 | K48: 2 | L48: 1 | M48: 2 | N48: 0 | O48: 2 | P48: 5 | Q48: 16 | R48: 0 | S48: 17 | T48: 0 | U48: 3 | V48: 0.5483871 | W48: 18.27957 | X48: 5.6666667 | Y48: 25.333333 | Z48: 1
C49: SAKURA | D49: TB PARU II | E49: 31 | F49: 2 | G49: 2 | H49: 2 | I49: 0 | J49: 4 | K49: 2 | L49: 1 | M49: 1 | N49: 0 | O49: 1 | P49: 4 | Q49: 9 | R49: 0 | S49: 5 | T49: 0 | U49: 2 | V49: 0.16129032 | W49: 8.0645161 | X49: 2.5 | Y49: 28.5 | Z49: 1
C50: SAKURA | D50: TB PARU III | E50: 31 | F50: 10 | G50: 8 | H50: 48 | I50: 5 | J50: 61 | K50: 1 | L50: 31 | M50: 24 | N50: 12 | O50: 12 | P50: 56 | Q50: 207 | R50: 1 | S50: 166 | T50: 5 | U50: 55 | V50: 5.3548387 | W50: 53.548387 | X50: 3.0181818 | Y50: 2.6181818 | Z50: 5.5
C51: SAKURA | E51: 31 | F51: 17 | G51: 10 | H51: 57 | I51: 7 | J51: 74 | K51: 6 | L51: 35 | M51: 27 | N51: 12 | O51: 15 | P51: 68 | Q51: 241 | R51: 1 | S51: 206 | T51: 6 | U51: 62 | V51: 6.6451613 | W51: 39.089184 | X51: 3.3225806 | Y51: 5.1774194 | Z51: 3.6470588
A53: 14 | C53: ANGGREK | D53: VIP | E53: 31 | F53: 8 | G53: 4 | H53: 32 | I53: 2 | J53: 38 | K53: 3 | L53: 26 | M53: 3 | N53: 1 | O53: 2 | P53: 32 | Q53: 100 | R53: 0 | S53: 102 | T53: 6 | U53: 29 | V53: 3.2903226 | W53: 41.129032 | X53: 3.5172414 | Y53: 5.0344828 | Z53: 3.625
C54: ANGGREK | D54: VIP | E54: 31 | F54: 8 | G54: 4 | H54: 32 | I54: 2 | J54: 38 | K54: 3 | L54: 26 | M54: 3 | N54: 1 | O54: 2 | P54: 32 | Q54: 100 | R54: 0 | S54: 102 | T54: 6 | U54: 29 | V54: 3.2903226 | W54: 41.129032 | X54: 3.5172414 | Y54: 5.0344828 | Z54: 3.625
C55: LAVENDER | D55: ISOLASI | E55: 31 | F55: 4 | G55: 0 | H55: 0 | I55: 0 | K55: 0 | L55: 0 | N55: 0 | O55: 0 | Q55: 0 | R55: 0 | S55: 0 | T55: 0 | U55: 0 | V55: 0 | W55: 0 | X55: #DIV/0! | Y55: #DIV/0! | Z55: 0
A56: 15 | C56: LAVENDER | D56: III | E56: 31 | F56: 14 | G56: 8 | H56: 125 | I56: 16 | J56: 149 | K56: 12 | L56: 104 | M56: 17 | N56: 7 | O56: 10 | P56: 133 | Q56: 451 | R56: 0 | S56: 420 | T56: 16 | U56: 121 | V56: 13.548387 | W56: 96.774194 | X56: 3.4710744 | Y56: 0.11570248 | Z56: 8.6428571
C57: LAVENDER | E57: 31 | F57: 18 | G57: 8 | H57: 125 | I57: 16 | J57: 149 | K57: 12 | L57: 104 | M57: 17 | N57: 7 | O57: 10 | P57: 133 | Q57: 451 | R57: 0 | S57: 420 | T57: 16 | U57: 121 | V57: 13.548387 | W57: 75.268817 | X57: 3.4710744 | Y57: 1.1404959 | Z57: 6.7222222
C58: DAHLIA IBU | D58: PAV | E58: 31 | T58: 0 | U58: 0 | V58: 0 | W58: #DIV/0! | X58: #DIV/0! | Y58: #DIV/0! | Z58: #DIV/0!
A59: 16 | D59: I | E59: 31 | F59: 3 | G59: 0 | H59: 23 | I59: 26 | J59: 49 | K59: 34 | L59: 11 | M59: 0 | N59: 0 | O59: 0 | P59: 45 | Q59: 21 | R59: 0 | S59: 43 | T59: 4 | U59: 11 | V59: 1.3870968 | W59: 46.236559 | X59: 3.9090909 | Y59: 4.5454545 | Z59: 3.6666667
D60: II | E60: 31 | F60: 8 | G60: 5 | H60: 64 | I60: 106 | J60: 175 | K60: 134 | L60: 32 | M60: 0 | N60: 0 | O60: 0 | P60: 166 | Q60: 85 | R60: 0 | S60: 149 | T60: 9 | U60: 32 | V60: 4.8064516 | W60: 60.080645 | X60: 4.65625 | Y60: 3.09375 | Z60: 4
D61: III | E61: 31 | F61: 25 | G61: 22 | H61: 308 | I61: 281 | J61: 611 | K61: 126 | L61: 458 | M61: 0 | N61: 0 | O61: 0 | P61: 584 | Q61: 937 | R61: 0 | S61: 573 | T61: 27 | U61: 458 | V61: 18.483871 | W61: 73.935484 | X61: 1.2510917 | Y61: 0.44104803 | Z61: 18.32
C62: DAHLIA IBU | E62: 31 | F62: 36 | G62: 27 | H62: 395 | I62: 413 | J62: 835 | K62: 294 | L62: 501 | M62: 0 | N62: 0 | O62: 0 | P62: 795 | Q62: 1043 | R62: 0 | S62: 765 | T62: 40 | U62: 501 | V62: 24.677419 | W62: 68.548387 | X62: 1.5269461 | Y62: 0.7005988 | Z62: 13.916667
A63: 17
F64: 0 | G64: 0 | H64: 0 | I64: 0 | J64: 0 | K64: 0 | L64: 0 | M64: 0 | N64: 0 | O64: 0 | P64: 0 | Q64: 0 | R64: 0 | S64: 0 | T64: 0 | U64: 0 | V64: #DIV/0! | W64: #DIV/0! | X64: #DIV/0! | Y64: #DIV/0! | Z64: #DIV/0!
A65: TOTAL RAWAT INAP UMUM | E65: 31 | F65: 325 | G65: 206 | H65: 2124 | I65: 666 | J65: 2996 | K65: 462 | L65: 2030 | M65: 207 | N65: 83 | O65: 124 | P65: 2699 | Q65: 7590 | R65: 10 | S65: 6953 | T65: 297 | U65: 2237 | V65: 224.29032 | W65: 69.012407 | X65: 3.1081806 | Y65: 1.3956191 | Z65: 6.8830769
A66: SK KHUSUS COVID
A67: NO | B67: PELAYANAN | C67: RAWAT INAP | D67: KLAS PERAWATAN | E67: PERIODE | F67: TT (T) | G67: PX AWAL | H67: PX MASUK | I67: PX PINDAHAN | J67: JUMLAH (1+2+3) | K67: PX DI PINDAHKAN | L67: PX KELUAR HIDUP | M67: PX MATI | N67: KURANG 48 JAM | O67: LEBIH 48 JAM | P67: JUMLAH (5+6+7) | Q67: LAMA DI RAWAT | R67: PX KELUAR/MASUK HR SAMA | S67: HARI PERAWATAN | T67: Px AKHIR | U67: KUNJUNGN | V67: O | W67: BOR (O/T) | X67: LOS | Y67: TOI | Z67: BTO
V68: (TT terpakai) | W68: (75%-85%) | X68: (3-12 hari) | Y68: (1-3 hr) | Z68: (30 px)
G70: 1 | H70: 2 | I70: 3 | J70: 4 | K70: 5 | L70: 6 | M70: 7 | N70: 8 | O70: 9 | P70: 10 | Q70: 11 | R70: 12 | S70: 13 | T70: 14 | V70: 15 | W70: 16 | X70: 17 | Y70: 18 | Z70: 19
A71: 1 | B71: ISOLASI | C71: PERINATOLOGI | D71: II | E71: 31 | G71: 0 | H71: 0 | I71: 0 | J71: 0 | K71: 0 | L71: 0 | M71: 0 | N71: 0 | O71: 0 | P71: 0 | Q71: 0 | R71: 0 | S71: 0 | T71: 0 | U71: 0 | V71: 0 | W71: #DIV/0! | X71: #DIV/0! | Y71: #DIV/0! | Z71: #DIV/0!
C72: PERINATOLOGI | E72: 31 | F72: 0 | G72: 0 | H72: 0 | I72: 0 | J72: 0 | K72: 0 | L72: 0 | M72: 0 | N72: 0 | O72: 0 | P72: 0 | Q72: 0 | R72: 0 | S72: 0 | T72: 0 | U72: 0 | V72: 0 | W72: 0 | X72: #DIV/0! | Y72: #DIV/0! | Z72: #DIV/0!
A73: 2 | C73: RICU ED | D73: I | E73: 31 | G73: 0 | H73: 0 | I73: 0 | J73: 0 | K73: 0 | L73: 0 | M73: 0 | N73: 0 | O73: 0 | P73: 0 | Q73: 0 | R73: 0 | S73: 0 | T73: 0 | U73: 0 | V73: 0 | W73: #DIV/0! | X73: #DIV/0! | Y73: #DIV/0! | Z73: #DIV/0!
C74: RICU ED | E74: 31 | F74: 0 | G74: 0 | H74: 0 | I74: 0 | J74: 0 | K74: 0 | L74: 0 | M74: 0 | N74: 0 | O74: 0 | P74: 0 | Q74: 0 | R74: 0 | S74: 0 | T74: 0 | U74: 0 | V74: 0 | W74: #DIV/0! | X74: #DIV/0! | Y74: #DIV/0! | Z74: #DIV/0!
A75: 3 | C75: LAVENDER | E75: 31 | G75: 0 | H75: 0 | I75: 0 | J75: 0 | K75: 0 | L75: 0 | M75: 0 | N75: 0 | O75: 0 | P75: 0 | Q75: 0 | R75: 0 | S75: 0 | T75: 0 | U75: 0 | V75: 0 | W75: #DIV/0! | X75: #DIV/0! | Y75: #DIV/0! | Z75: #DIV/0!
C76: LAVENDER | E76: 31 | F76: 0 | G76: 0 | H76: 0 | I76: 0 | J76: 0 | K76: 0 | L76: 0 | M76: 0 | N76: 0 | O76: 0 | P76: 0 | Q76: 0 | R76: 0 | S76: 0 | T76: 0 | U76: 0 | V76: 0 | W76: #DIV/0! | X76: #DIV/0! | Y76: #DIV/0! | Z76: #DIV/0!
A77: TOTAL ISOLASI | E77: 31 | F77: 0 | G77: 0 | H77: 0 | I77: 0 | J77: 0 | K77: 0 | L77: 0 | M77: 0 | N77: 0 | O77: 0 | P77: 0 | Q77: 0 | R77: 0 | S77: 0 | T77: 0 | U77: 0 | V77: 0 | W77: #DIV/0! | X77: #DIV/0! | Y77: #DIV/0! | Z77: #DIV/0!
A79: NO | B79: PELAYANAN | C79: RAWAT INAP | D79: KLAS PERAWATAN | E79: PERIODE | F79: TT (T) | G79: PX AWAL | H79: PX MASUK | I79: PX PINDAHAN | J79: JUMLAH (1+2+3) | K79: PX DI PINDAHKAN | L79: PX KELUAR HIDUP | M79: PX MATI | N79: KURANG 48 JAM | O79: LEBIH 48 JAM | P79: JUMLAH (5+6+7) | Q79: LAMA DI RAWAT | R79: PX KELUAR/MASUK HR SAMA | S79: HARI PERAWATAN | T79: Px AKHIR | U79: KUNJUNGN | V79: O | W79: BOR (O/T) | X79: LOS | Y79: TOI | Z79: BTO
V80: (TT terpakai) | W80: (75%-85%) | X80: (3-12 hari) | Y80: (1-3 hr) | Z80: (30 px)
G82: 1 | H82: 2 | I82: 3 | J82: 4 | K82: 5 | L82: 6 | M82: 7 | N82: 8 | O82: 9 | P82: 10 | Q82: 11 | R82: 12 | S82: 13 | T82: 14 | V82: 15 | W82: 16 | X82: 17 | Y82: 18 | Z82: 19
A83: 1 | B83: PERISTI | C83: PERINATOLOGI | D83: II | E83: 31 | F83: 30 | G83: 23 | H83: 197 | I83: 23 | J83: 243 | K83: 107 | L83: 106 | M83: 2 | N83: 2 | O83: 0 | P83: 215 | Q83: 708 | R83: 0 | S83: 747 | T83: 28 | U83: 108 | V83: 24.096774 | W83: 80.322581 | X83: 6.9166667 | Y83: 1.6944444 | Z83: 3.6
C84: PERINATOLOGI | E84: 31 | F84: 30 | G84: 23 | H84: 197 | I84: 23 | J84: 243 | K84: 107 | L84: 106 | M84: 2 | N84: 2 | O84: 0 | P84: 215 | Q84: 708 | R84: 0 | S84: 747 | T84: 28 | U84: 108 | V84: 24.096774 | W84: 80.322581 | X84: 6.9166667 | Y84: 1.6944444 | Z84: 3.6
D85: VIP | E85: 31 | G85: 0
A86: 2 | C86: DAHLIA BAYI | D86: I | E86: 31 | G86: 0 | H86: 0 | I86: 0 | J86: 0 | K86: 0 | L86: 0 | M86: 0 | N86: 0 | O86: 0 | P86: 0 | Q86: 0 | R86: 0 | S86: 0 | T86: 0 | U86: 0 | V86: 0 | W86: #DIV/0! | X86: #DIV/0! | Y86: #DIV/0! | Z86: #DIV/0!
D87: II | E87: 31 | G87: 0 | H87: 0 | I87: 0 | J87: 0 | K87: 0 | L87: 0 | M87: 0 | N87: 0 | O87: 0 | P87: 0 | Q87: 0 | R87: 0 | S87: 0 | T87: 0 | U87: 0 | V87: 0 | W87: #DIV/0! | X87: #DIV/0! | Y87: #DIV/0! | Z87: #DIV/0!
D88: III | E88: 31 | G88: 10 | H88: 0 | I88: 0 | J88: 10 | K88: 10 | L88: 0 | M88: 0 | N88: 0 | O88: 0 | P88: 10 | Q88: 0 | R88: 0 | S88: 0 | T88: 0 | U88: 0 | V88: 0 | W88: #DIV/0! | X88: #DIV/0! | Y88: #DIV/0! | Z88: #DIV/0!
C89: DAHLIA BAYI | E89: 31 | F89: 0 | G89: 10 | H89: 0 | I89: 0 | J89: 10 | K89: 10 | L89: 0 | M89: 0 | N89: 0 | O89: 0 | P89: 10 | Q89: 0 | R89: 0 | S89: 0 | T89: 0 | U89: 0 | V89: 0 | W89: #DIV/0! | X89: #DIV/0! | Y89: #DIV/0! | Z89: #DIV/0!
A90: TOTAL PERISTI | E90: 31 | F90: 30 | G90: 33 | H90: 197 | I90: 23 | J90: 253 | K90: 117 | L90: 106 | M90: 2 | N90: 2 | O90: 0 | P90: 225 | Q90: 708 | R90: 0 | S90: 747 | T90: 28 | U90: 108 | V90: 24.096774 | W90: 80.322581 | X90: 6.9166667 | Y90: 1.6944444 | Z90: 3.6
G91: 65
A92: NO | B92: PELAYANAN | C92: RAWAT INAP | D92: KLAS PERAWATAN | E92: PERIODE | F92: TT (T) | G92: PX AWAL | H92: PX MASUK | I92: PX PINDAHAN | J92: JUMLAH (1+2+3) | K92: PX DI PINDAHKAN | L92: PX KELUAR HIDUP | M92: PX MATI | N92: KURANG 48 JAM | O92: LEBIH 48 JAM | P92: JUMLAH (5+6+7) | Q92: LAMA DI RAWAT | R92: PX KELUAR/MASUK HR SAMA | S92: HARI PERAWATAN | T92: Px AKHIR | U92: KUNJUNGN | V92: O | W92: BOR (O/T) | X92: LOS | Y92: TOI | Z92: BTO
V93: (TT terpakai) | W93: (75%-85%) | X93: (3-12 hari) | Y93: (1-3 hr) | Z93: (30 px)
G95: 1 | H95: 2 | I95: 3 | J95: 4 | K95: 5 | L95: 6 | M95: 7 | N95: 8 | O95: 9 | P95: 10 | Q95: 11 | R95: 12 | S95: 13 | T95: 14 | V95: 15 | W95: 16 | X95: 17 | Y95: 18 | Z95: 19
A96: 1 | B96: INTENSIVE | C96: ICU | D96: I | E96: 31 | F96: 14 | G96: 9 | H96: 15 | I96: 90 | J96: 114 | K96: 90 | L96: 0 | M96: 14 | N96: 1 | O96: 13 | P96: 104 | Q96: 138 | R96: 0 | S96: 329 | T96: 10 | U96: 14 | V96: 10.612903 | W96: 75.806452 | X96: 23.5 | Y96: 7.5 | Z96: 1
C97: ICU | D97: I | E97: 31 | F97: 14 | G97: 9 | H97: 15 | I97: 90 | J97: 114 | K97: 90 | L97: 0 | M97: 14 | N97: 1 | O97: 13 | P97: 104 | Q97: 138 | R97: 0 | S97: 329 | T97: 10 | U97: 14 | V97: 10.612903 | W97: 75.806452 | X97: 23.5 | Y97: 7.5 | Z97: 1
A98: 2 | C98: ICCU | D98: I | E98: 31 | F98: 5 | G98: 3 | H98: 81 | I98: 11 | J98: 95 | K98: 80 | L98: 2 | M98: 8 | N98: 6 | O98: 2 | P98: 90 | Q98: 14 | R98: 0 | S98: 98 | T98: 5 | U98: 10 | V98: 3.1612903 | W98: 63.225806 | X98: 9.8 | Y98: 5.7 | Z98: 2
C99: ICCU | D99: I | E99: 31 | F99: 5 | G99: 3 | H99: 81 | I99: 11 | J99: 95 | K99: 80 | L99: 2 | M99: 8 | N99: 6 | O99: 2 | P99: 90 | Q99: 14 | R99: 0 | S99: 98 | T99: 5 | U99: 10 | V99: 3.1612903 | W99: 63.225806 | X99: 9.8 | Y99: 5.7 | Z99: 2
A100: 3 | C100: PICU | D100: I | E100: 31 | F100: 3 | G100: 1 | H100: 13 | I100: 11 | J100: 25 | K100: 19 | L100: 0 | M100: 3 | N100: 3 | O100: 0 | P100: 22 | Q100: 6 | R100: 0 | S100: 71 | T100: 3 | U100: 3 | V100: 2.2903226 | W100: 76.344086 | X100: 23.666667 | Y100: 7.3333333 | Z100: 1
C101: PICU | D101: I | E101: 31 | F101: 3 | G101: 1 | H101: 13 | I101: 11 | J101: 25 | K101: 19 | L101: 0 | M101: 3 | N101: 3 | O101: 0 | P101: 22 | Q101: 6 | R101: 0 | S101: 71 | T101: 3 | U101: 3 | V101: 2.2903226 | W101: 76.344086 | X101: 23.666667 | Y101: 7.3333333 | Z101: 1
A102: 4 | C102: NICU | D102: I | E102: 31 | F102: 5 | G102: 4 | H102: 8 | I102: 15 | J102: 27 | K102: 19 | L102: 0 | M102: 3 | N102: 2 | O102: 1 | P102: 22 | Q102: 26 | R102: 1 | S102: 128 | T102: 5 | U102: 3 | V102: 4.1290323 | W102: 82.580645 | X102: 42.666667 | Y102: 9 | Z102: 0.6
C103: NICU | D103: I | E103: 31 | F103: 5 | G103: 4 | H103: 8 | I103: 15 | J103: 27 | K103: 19 | L103: 0 | M103: 3 | N103: 2 | O103: 1 | P103: 22 | Q103: 26 | R103: 1 | S103: 128 | T103: 5 | U103: 3 | V103: 4.1290323 | W103: 82.580645 | X103: 42.666667 | Y103: 9 | Z103: 0.6
A104: 5 | C104: ICU MEDICAL | D104: I | E104: 31 | F104: 4 | G104: 4 | H104: 17 | I104: 9 | J104: 30 | K104: 19 | L104: 0 | M104: 10 | N104: 7 | O104: 3 | P104: 29 | Q104: 30 | R104: 1 | S104: 79 | T104: 1 | U104: 10 | V104: 2.5483871 | W104: 63.709677 | X104: 7.9 | Y104: 4.5 | Z104: 2.5
C105: ICU MEDICAL | D105: I | E105: 31 | F105: 4 | G105: 4 | H105: 17 | I105: 9 | J105: 30 | K105: 19 | L105: 0 | M105: 10 | N105: 7 | O105: 3 | P105: 29 | Q105: 30 | R105: 1 | S105: 79 | T105: 1 | U105: 10 | V105: 2.5483871 | W105: 63.709677 | X105: 7.9 | Y105: 4.5 | Z105: 2.5
A106: 6 | C106: RICU ED | D106: I | E106: 31 | F106: 2 | G106: 2 | H106: 11 | I106: 4 | J106: 17 | K106: 9 | L106: 1 | M106: 6 | N106: 3 | O106: 3 | P106: 16 | Q106: 20 | R106: 0 | S106: 48 | T106: 1 | U106: 7 | V106: 1.5483871 | W106: 77.419355 | X106: 6.8571429 | Y106: 2 | Z106: 3.5
...

Sheet JAN - MAR 2026
A1: DATA PELAYANAN RI RSD Dr.SOEBANDI JEMBER
A2: BULAN : JANUARI - MARET 2026 | V2: s/e | W2: v/f*100 | X2: S/L+M | Y2: ((F-V)*E)/(LM) | Z2: L+M/F
A3: NO | B3: PELAYANAN | C3: RAWAT INAP | D3: KLAS PERAWATAN | E3: PERIODE | F3: TT (T) | G3: PX AWAL | H3: PX MASUK | I3: PX PINDAHAN | J3: JUMLAH (1+2+3) | K3: PX DI PINDAHKAN | L3: PX KELUAR HIDUP | M3: PX MATI | N3: KURANG 48 JAM | O3: LEBIH 48 JAM | P3: JUMLAH (5+6+7) | Q3: LAMA DI RAWAT | R3: PX KELUAR/MASUK HR SAMA | S3: HARI PERAWATAN | T3: Px AKHIR | U3: KUNJUNGN | V3: O | W3: BOR (O/T) | X3: LOS | Y3: TOI | Z3: BTO
V4: (TT terpakai) | W4: (75%-85%) | X4: (3-12 hari) | Y4: (1-3 hr) | Z4: (30 px)
G6: 1 | H6: 2 | I6: 3 | J6: 4 | K6: 5 | L6: 6 | M6: 7 | N6: 8 | O6: 9 | P6: 10 | Q6: 11 | R6: 12 | S6: 13 | T6: 14 | V6: 15 | W6: 16 | X6: 17 | Y6: 18 | Z6: 19
A7: 1 | B7: RAWAT INAP UMUM | C7: ADENIUM | D7: III | E7: =+JAN!E7+FEBRUARI!E7+MARET!E7 -> 90 | F7: 20 | G7: =JAN!G7 -> 22 | H7: =+JAN!H7+FEBRUARI!H7+MARET!H7 -> 356 | I7: =+JAN!I7+FEBRUARI!I7+MARET!I7 -> 59 | J7: =+G7+H7+I7 -> 437 | K7: =+JAN!K7+FEBRUARI!K7+MARET!K7 -> 25 | L7: =+JAN!L7+FEBRUARI!L7+MARET!L7 -> 327 | M7: =+N7+O7 -> 53 | N7: =+JAN!N7+FEBRUARI!N7+MARET!N7 -> 25 | O7: =+JAN!O7+FEBRUARI!O7+MARET!O7 -> 28 | P7: =+K7+L7+M7 -> 405 | Q7: =+JAN!Q7+FEBRUARI!Q7+MARET!Q7 -> 1392 | R7: =+JAN!R7+FEBRUARI!R7+MARET!R7 -> 7 | S7: =+JAN!S7+FEBRUARI!S7+MARET!S7 -> 1581 | T7: =J7-P7 -> 32 | U7: =L7+M7 -> 380 | V7: =$S7/$E7 -> 17.566667 | W7: =$V7/$F7*100 -> 87.833333 | X7: =$S7/($L7+$M7) -> 4.1605263 | Y7: =(($F7-$V7)*$E7)/($L7+$M7) -> 0.57631579 | Z7: =($L7+$M7)/$F7 -> 19
C8: ADENIUM | E8: =+JAN!E8+FEBRUARI!E8+MARET!E8 -> 90 | F8: 20 | G8: =JAN!G8 -> 22 | H8: =+JAN!H8+FEBRUARI!H8+MARET!H8 -> 356 | I8: =+JAN!I8+FEBRUARI!I8+MARET!I8 -> 59 | J8: =+G8+H8+I8 -> 437 | K8: =+JAN!K8+FEBRUARI!K8+MARET!K8 -> 25 | L8: =+JAN!L8+FEBRUARI!L8+MARET!L8 -> 327 | M8: =+N8+O8 -> 53 | N8: =+JAN!N8+FEBRUARI!N8+MARET!N8 -> 25 | O8: =+JAN!O8+FEBRUARI!O8+MARET!O8 -> 28 | P8: =+K8+L8+M8 -> 405 | Q8: =+JAN!Q8+FEBRUARI!Q8+MARET!Q8 -> 1392 | R8: =+JAN!R8+FEBRUARI!R8+MARET!R8 -> 7 | S8: =+JAN!S8+FEBRUARI!S8+MARET!S8 -> 1581 | T8: =J8-P8 -> 32 | U8: =L8+M8 -> 380 | V8: =$S8/$E8 -> 17.566667 | W8: =$V8/$F8*100 -> 87.833333 | X8: =$S8/($L8+$M8) -> 4.1605263 | Y8: =(($F8-$V8)*$E8)/($L8+$M8) -> 0.57631579 | Z8: =($L8+$M8)/$F8 -> 19
A9: 2 | C9: ANTURIUM | D9: III | E9: =+JAN!E9+FEBRUARI!E9+MARET!E9 -> 90 | F9: 16 | G9: =JAN!G9 -> 14 | H9: =+JAN!H9+FEBRUARI!H9+MARET!H9 -> 272 | I9: =+JAN!I9+FEBRUARI!I9+MARET!I9 -> 108 | J9: =+G9+H9+I9 -> 394 | K9: =+JAN!K9+FEBRUARI!K9+MARET!K9 -> 9 | L9: =+JAN!L9+FEBRUARI!L9+MARET!L9 -> 320 | M9: =+N9+O9 -> 49 | N9: =+JAN!N9+FEBRUARI!N9+MARET!N9 -> 20 | O9: =+JAN!O9+FEBRUARI!O9+MARET!O9 -> 29 | P9: =+K9+L9+M9 -> 378 | Q9: =+JAN!Q9+FEBRUARI!Q9+MARET!Q9 -> 1380 | R9: =+JAN!R9+FEBRUARI!R9+MARET!R9 -> 4 | S9: =+JAN!S9+FEBRUARI!S9+MARET!S9 -> 1282 | T9: =J9-P9 -> 16 | U9: =L9+M9 -> 369 | V9: =$S9/$E9 -> 14.244444 | W9: =$V9/$F9*100 -> 89.027778 | X9: =$S9/($L9+$M9) -> 3.4742547 | Y9: =(($F9-$V9)*$E9)/($L9+$M9) -> 0.42818428 | Z9: =($L9+$M9)/$F9 -> 23.0625
C10: ANTURIUM | E10: =+JAN!E10+FEBRUARI!E10+MARET!E10 -> 90 | F10: 16 | G10: =JAN!G10 -> 14 | H10: =+JAN!H10+FEBRUARI!H10+MARET!H10 -> 272 | I10: =+JAN!I10+FEBRUARI!I10+MARET!I10 -> 108 | J10: =+G10+H10+I10 -> 394 | K10: =+JAN!K10+FEBRUARI!K10+MARET!K10 -> 9 | L10: =+JAN!L10+FEBRUARI!L10+MARET!L10 -> 320 | M10: =+N10+O10 -> 49 | N10: =+JAN!N10+FEBRUARI!N10+MARET!N10 -> 20 | O10: =+JAN!O10+FEBRUARI!O10+MARET!O10 -> 29 | P10: =+K10+L10+M10 -> 378 | Q10: =+JAN!Q10+FEBRUARI!Q10+MARET!Q10 -> 1380 | R10: =+JAN!R10+FEBRUARI!R10+MARET!R10 -> 4 | S10: =+JAN!S10+FEBRUARI!S10+MARET!S10 -> 1282 | T10: =J10-P10 -> 16 | U10: =L10+M10 -> 369 | V10: =$S10/$E10 -> 14.244444 | W10: =$V10/$F10*100 -> 89.027778 | X10: =$S10/($L10+$M10) -> 3.4742547 | Y10: =(($F10-$V10)*$E10)/($L10+$M10) -> 0.42818428 | Z10: =($L10+$M10)/$F10 -> 23.0625
A11: 3 | D11: II | E11: =+JAN!E11+FEBRUARI!E11+MARET!E11 -> 62 | G11: =JAN!G11 -> 0 | H11: =+JAN!H11+FEBRUARI!H11+MARET!H11 -> 0 | I11: =+JAN!I11+FEBRUARI!I11+MARET!I11 -> 0 | J11: =+G11+H11+I11 -> 0 | K11: =+JAN!K11+FEBRUARI!K11+MARET!K11 -> 0 | L11: =+JAN!L11+FEBRUARI!L11+MARET!L11 -> 0 | M11: =+N11+O11 -> 0 | N11: =+JAN!N11+FEBRUARI!N11+MARET!N11 -> 0 | O11: =+JAN!O11+FEBRUARI!O11+MARET!O11 -> 0 | P11: =+K11+L11+M11 -> 0 | Q11: =+JAN!Q11+FEBRUARI!Q11+MARET!Q11 -> 0 | R11: =+JAN!R11+FEBRUARI!R11+MARET!R11 -> 0 | S11: =+JAN!S11+FEBRUARI!S11+MARET!S11 -> 0 | T11: =J11-P11 -> 0 | U11: =L11+M11 -> 0 | V11: =$S11/$E11 -> 0 | W11: =$V11/$F11*100 -> #DIV/0! | X11: =$S11/($L11+$M11) -> #DIV/0! | Y11: =(($F11-$V11)*$E11)/($L11+$M11) -> #DIV/0! | Z11: =($L11+$M11)/$F11 -> #DIV/0!
C12: TULIP | D12: III | E12: =+JAN!E12+FEBRUARI!E12+MARET!E12 -> 90 | F12: 12 | G12: =JAN!G12 -> 10 | H12: =+JAN!H12+FEBRUARI!H12+MARET!H12 -> 259 | I12: =+JAN!I12+FEBRUARI!I12+MARET!I12 -> 12 | J12: =+G12+H12+I12 -> 281 | K12: =+JAN!K12+FEBRUARI!K12+MARET!K12 -> 16 | L12: =+JAN!L12+FEBRUARI!L12+MARET!L12 -> 236 | M12: =+N12+O12 -> 17 | N12: =+JAN!N12+FEBRUARI!N12+MARET!N12 -> 8 | O12: =+JAN!O12+FEBRUARI!O12+MARET!O12 -> 9 | P12: =+K12+L12+M12 -> 269 | Q12: =+JAN!Q12+FEBRUARI!Q12+MARET!Q12 -> 847 | R12: =+JAN!R12+FEBRUARI!R12+MARET!R12 -> 3 | S12: =+JAN!S12+FEBRUARI!S12+MARET!S12 -> 808 | T12: =J12-P12 -> 12 | U12: =L12+M12 -> 253 | V12: =$S12/$E12 -> 8.9777778 | W12: =$V12/$F12*100 -> 74.814815 | X12: =$S12/($L12+$M12) -> 3.1936759 | Y12: =(($F12-$V12)*$E12)/($L12+$M12) -> 1.0750988 | Z12: =($L12+$M12)/$F12 -> 21.083333
C13: TULIP | E13: =+JAN!E13+FEBRUARI!E13+MARET!E13 -> 90 | F13: 12 | G13: =JAN!G13 -> 10 | H13: =+JAN!H13+FEBRUARI!H13+MARET!H13 -> 259 | I13: =+JAN!I13+FEBRUARI!I13+MARET!I13 -> 12 | J13: =+G13+H13+I13 -> 281 | K13: =+JAN!K13+FEBRUARI!K13+MARET!K13 -> 16 | L13: =+JAN!L13+FEBRUARI!L13+MARET!L13 -> 236 | M13: =+N13+O13 -> 17 | N13: =+JAN!N13+FEBRUARI!N13+MARET!N13 -> 8 | O13: =+JAN!O13+FEBRUARI!O13+MARET!O13 -> 9 | P13: =+K13+L13+M13 -> 269 | Q13: =+JAN!Q13+FEBRUARI!Q13+MARET!Q13 -> 847 | R13: =+JAN!R13+FEBRUARI!R13+MARET!R13 -> 3 | S13: =+JAN!S13+FEBRUARI!S13+MARET!S13 -> 808 | T13: =J13-P13 -> 12 | U13: =L13+M13 -> 253 | V13: =$S13/$E13 -> 8.9777778 | W13: =$V13/$F13*100 -> 74.814815 | X13: =$S13/($L13+$M13) -> 3.1936759 | Y13: =(($F13-$V13)*$E13)/($L13+$M13) -> 1.0750988 | Z13: =($L13+$M13)/$F13 -> 21.083333
A14: 4 | C14: ASTER | D14: II | E14: =+JAN!E14+FEBRUARI!E14+MARET!E14 -> 90 | F14: 2 | G14: =JAN!G14 -> 2 | H14: =+JAN!H14+FEBRUARI!H14+MARET!H14 -> 43 | I14: =+JAN!I14+FEBRUARI!I14+MARET!I14 -> 17 | J14: =+G14+H14+I14 -> 62 | K14: =+JAN!K14+FEBRUARI!K14+MARET!K14 -> 29 | L14: =+JAN!L14+FEBRUARI!L14+MARET!L14 -> 32 | M14: =+N14+O14 -> 0 | N14: =+JAN!N14+FEBRUARI!N14+MARET!N14 -> 0 | O14: =+JAN!O14+FEBRUARI!O14+MARET!O14 -> 0 | P14: =+K14+L14+M14 -> 61 | Q14: =+JAN!Q14+FEBRUARI!Q14+MARET!Q14 -> 106 | R14: =+JAN!R14+FEBRUARI!R14+MARET!R14 -> 0 | S14: =+JAN!S14+FEBRUARI!S14+MARET!S14 -> 111 | T14: =J14-P14 -> 1 | U14: =L14+M14 -> 32 | V14: =$S14/$E14 -> 1.2333333 | W14: =$V14/$F14*100 -> 61.666667 | X14: =$S14/($L14+$M14) -> 3.46875 | Y14: =(($F14-$V14)*$E14)/($L14+$M14) -> 2.15625 | Z14: =($L14+$M14)/$F14 -> 16
C15: ASTER | D15: III | E15: =+JAN!E15+FEBRUARI!E15+MARET!E15 -> 90 | F15: 17 | G15: =JAN!G15 -> 15 | H15: =+JAN!H15+FEBRUARI!H15+MARET!H15 -> 353 | I15: =+JAN!I15+FEBRUARI!I15+MARET!I15 -> 46 | J15: =+G15+H15+I15 -> 414 | K15: =+JAN!K15+FEBRUARI!K15+MARET!K15 -> 60 | L15: =+JAN!L15+FEBRUARI!L15+MARET!L15 -> 330 | M15: =+N15+O15 -> 11 | N15: =+JAN!N15+FEBRUARI!N15+MARET!N15 -> 6 | O15: =+JAN!O15+FEBRUARI!O15+MARET!O15 -> 5 | P15: =+K15+L15+M15 -> 401 | Q15: =+JAN!Q15+FEBRUARI!Q15+MARET!Q15 -> 1252 | R15: =+JAN!R15+FEBRUARI!R15+MARET!R15 -> 4 | S15: =+JAN!S15+FEBRUARI!S15+MARET!S15 -> 1257 | T15: =J15-P15 -> 13 | U15: =L15+M15 -> 341 | V15: =$S15/$E15 -> 13.966667 | W15: =$V15/$F15*100 -> 82.156863 | X15: =$S15/($L15+$M15) -> 3.686217 | Y15: =(($F15-$V15)*$E15)/($L15+$M15) -> 0.80058651 | Z15: =($L15+$M15)/$F15 -> 20.058824
C16: ASTER | D16: ISOLASI | E16: =+JAN!E16+FEBRUARI!E16+MARET!E16 -> 90 | F16: 5 | G16: =JAN!G16 -> 4 | H16: =+JAN!H16+FEBRUARI!H16+MARET!H16 -> 43 | I16: =+JAN!I16+FEBRUARI!I16+MARET!I16 -> 51 | J16: =+G16+H16+I16 -> 98 | K16: =+JAN!K16+FEBRUARI!K16+MARET!K16 -> 12 | L16: =+JAN!L16+FEBRUARI!L16+MARET!L16 -> 80 | M16: =+N16+O16 -> 1 | N16: =+JAN!N16+FEBRUARI!N16+MARET!N16 -> 0 | O16: =+JAN!O16+FEBRUARI!O16+MARET!O16 -> 1 | P16: =+K16+L16+M16 -> 93 | Q16: =+JAN!Q16+FEBRUARI!Q16+MARET!Q16 -> 302 | R16: =+JAN!R16+FEBRUARI!R16+MARET!R16 -> 2 | S16: =+JAN!S16+FEBRUARI!S16+MARET!S16 -> 295 | T16: =J16-P16 -> 5 | U16: =L16+M16 -> 81 | V16: =$S16/$E16 -> 3.2777778 | W16: =$V16/$F16*100 -> 65.555556 | X16: =$S16/($L16+$M16) -> 3.6419753 | Y16: =(($F16-$V16)*$E16)/($L16+$M16) -> 1.9135802 | Z16: =($L16+$M16)/$F16 -> 16.2
C17: ASTER | E17: =+JAN!E17+FEBRUARI!E17+MARET!E17 -> 90 | F17: 24 | G17: =JAN!G17 -> 21 | H17: =+JAN!H17+FEBRUARI!H17+MARET!H17 -> 439 | I17: =+JAN!I17+FEBRUARI!I17+MARET!I17 -> 114 | J17: =+G17+H17+I17 -> 574 | K17: =+JAN!K17+FEBRUARI!K17+MARET!K17 -> 101 | L17: =+JAN!L17+FEBRUARI!L17+MARET!L17 -> 442 | M17: =+N17+O17 -> 12 | N17: =+JAN!N17+FEBRUARI!N17+MARET!N17 -> 6 | O17: =+JAN!O17+FEBRUARI!O17+MARET!O17 -> 6 | P17: =+K17+L17+M17 -> 555 | Q17: =+JAN!Q17+FEBRUARI!Q17+MARET!Q17 -> 1660 | R17: =+JAN!R17+FEBRUARI!R17+MARET!R17 -> 6 | S17: =+JAN!S17+FEBRUARI!S17+MARET!S17 -> 1663 | T17: =J17-P17 -> 19 | U17: =L17+M17 -> 454 | V17: =$S17/$E17 -> 18.477778 | W17: =$V17/$F17*100 -> 76.990741 | X17: =$S17/($L17+$M17) -> 3.6629956 | Y17: =(($F17-$V17)*$E17)/($L17+$M17) -> 1.0947137 | Z17: =($L17+$M17)/$F17 -> 18.916667
A18: 5 | C18: MELATI | D18: ATAS ISOLASI | E18: =+JAN!E18+FEBRUARI!E18+MARET!E18 -> 90 | F18: 4 | G18: =JAN!G18 -> 0 | H18: =+JAN!H18+FEBRUARI!H18+MARET!H18 -> 0 | I18: =+JAN!I18+FEBRUARI!I18+MARET!I18 -> 0 | J18: =+G18+H18+I18 -> 0 | K18: =+JAN!K18+FEBRUARI!K18+MARET!K18 -> 0 | L18: =+JAN!L18+FEBRUARI!L18+MARET!L18 -> 0 | M18: =+N18+O18 -> 0 | N18: =+JAN!N18+FEBRUARI!N18+MARET!N18 -> 0 | O18: =+JAN!O18+FEBRUARI!O18+MARET!O18 -> 0 | P18: =+K18+L18+M18 -> 0 | Q18: =+JAN!Q18+FEBRUARI!Q18+MARET!Q18 -> 0 | R18: =+JAN!R18+FEBRUARI!R18+MARET!R18 -> 0 | S18: =+JAN!S18+FEBRUARI!S18+MARET!S18 -> 0 | T18: =J18-P18 -> 0 | U18: =L18+M18 -> 0 | V18: =$S18/$E18 -> 0 | W18: =$V18/$F18*100 -> 0 | X18: =$S18/($L18+$M18) -> #DIV/0! | Y18: =(($F18-$V18)*$E18)/($L18+$M18) -> #DIV/0! | Z18: =($L18+$M18)/$F18 -> 0
C19: MELATI | D19: ATAS III | E19: =+JAN!E19+FEBRUARI!E19+MARET!E19 -> 90 | F19: 15 | G19: =JAN!G19 -> 21 | H19: =+JAN!H19+FEBRUARI!H19+MARET!H19 -> 387 | I19: =+JAN!I19+FEBRUARI!I19+MARET!I19 -> 23 | J19: =+G19+H19+I19 -> 431 | K19: =+JAN!K19+FEBRUARI!K19+MARET!K19 -> 38 | L19: =+JAN!L19+FEBRUARI!L19+MARET!L19 -> 299 | M19: =+N19+O19 -> 77 | N19: =+JAN!N19+FEBRUARI!N19+MARET!N19 -> 43 | O19: =+JAN!O19+FEBRUARI!O19+MARET!O19 -> 34 | P19: =+K19+L19+M19 -> 414 | Q19: =+JAN!Q19+FEBRUARI!Q19+MARET!Q19 -> 1528 | R19: =+JAN!R19+FEBRUARI!R19+MARET!R19 -> 7 | S19: =+JAN!S19+FEBRUARI!S19+MARET!S19 -> 1573 | T19: =J19-P19 -> 17 | U19: =L19+M19 -> 376 | V19: =$S19/$E19 -> 17.477778 | W19: =$V19/$F19*100 -> 116.51852 | X19: =$S19/($L19+$M19) -> 4.1835106 | Y19: =(($F19-$V19)*$E19)/($L19+$M19) -> -0.59308511 | Z19: =($L19+$M19)/$F19 -> 25.066667
C20: MELATI | D20: BAWAH III | E20: =+JAN!E20+FEBRUARI!E20+MARET!E20 -> 90 | F20: 15 | G20: =JAN!G20 -> 12 | H20: =+JAN!H20+FEBRUARI!H20+MARET!H20 -> 227 | I20: =+JAN!I20+FEBRUARI!I20+MARET!I20 -> 86 | J20: =+G20+H20+I20 -> 325 | K20: =+JAN!K20+FEBRUARI!K20+MARET!K20 -> 58 | L20: =+JAN!L20+FEBRUARI!L20+MARET!L20 -> 208 | M20: =+N20+O20 -> 45 | N20: =+JAN!N20+FEBRUARI!N20+MARET!N20 -> 27 | O20: =+JAN!O20+FEBRUARI!O20+MARET!O20 -> 18 | P20: =+K20+L20+M20 -> 311 | Q20: =+JAN!Q20+FEBRUARI!Q20+MARET!Q20 -> 1058 | R20: =+JAN!R20+FEBRUARI!R20+MARET!R20 -> 6 | S20: =+JAN!S20+FEBRUARI!S20+MARET!S20 -> 1087 | T20: =J20-P20 -> 14 | U20: =L20+M20 -> 253 | V20: =$S20/$E20 -> 12.077778 | W20: =$V20/$F20*100 -> 80.518519 | X20: =$S20/($L20+$M20) -> 4.2964427 | Y20: =(($F20-$V20)*$E20)/($L20+$M20) -> 1.0395257 | Z20: =($L20+$M20)/$F20 -> 16.866667
C21: MELATI | E21: =+JAN!E21+FEBRUARI!E21+MARET!E21 -> 90 | F21: 34 | G21: =JAN!G21 -> 33 | H21: =+JAN!H21+FEBRUARI!H21+MARET!H21 -> 614 | I21: =+JAN!I21+FEBRUARI!I21+MARET!I21 -> 109 | J21: =+G21+H21+I21 -> 756 | K21: =+JAN!K21+FEBRUARI!K21+MARET!K21 -> 96 | L21: =+JAN!L21+FEBRUARI!L21+MARET!L21 -> 507 | M21: =+N21+O21 -> 122 | N21: =+JAN!N21+FEBRUARI!N21+MARET!N21 -> 70 | O21: =+JAN!O21+FEBRUARI!O21+MARET!O21 -> 52 | P21: =+K21+L21+M21 -> 725 | Q21: =+JAN!Q21+FEBRUARI!Q21+MARET!Q21 -> 2586 | R21: =+JAN!R21+FEBRUARI!R21+MARET!R21 -> 13 | S21: =+JAN!S21+FEBRUARI!S21+MARET!S21 -> 2660 | T21: =J21-P21 -> 31 | U21: =L21+M21 -> 629 | V21: =$S21/$E21 -> 29.555556 | W21: =$V21/$F21*100 -> 86.928105 | X21: =$S21/($L21+$M21) -> 4.2289348 | Y21: =(($F21-$V21)*$E21)/($L21+$M21) -> 0.63593005 | Z21: =($L21+$M21)/$F21 -> 18.5
A22: 6 | C22: SERUNI | D22: III | E22: =+JAN!E22+FEBRUARI!E22+MARET!E22 -> 90 | F22: 24 | G22: =JAN!G22 -> 18 | H22: =+JAN!H22+FEBRUARI!H22+MARET!H22 -> 456 | I22: =+JAN!I22+FEBRUARI!I22+MARET!I22 -> 32 | J22: =+G22+H22+I22 -> 506 | K22: =+JAN!K22+FEBRUARI!K22+MARET!K22 -> 31 | L22: =+JAN!L22+FEBRUARI!L22+MARET!L22 -> 436 | M22: =+N22+O22 -> 15 | N22: =+JAN!N22+FEBRUARI!N22+MARET!N22 -> 7 | O22: =+JAN!O22+FEBRUARI!O22+MARET!O22 -> 8 | P22: =+K22+L22+M22 -> 482 | Q22: =+JAN!Q22+FEBRUARI!Q22+MARET!Q22 -> 1430 | R22: =+JAN!R22+FEBRUARI!R22+MARET!R22 -> 4 | S22: =+JAN!S22+FEBRUARI!S22+MARET!S22 -> 1524 | T22: =J22-P22 -> 24 | U22: =L22+M22 -> 451 | V22: =$S22/$E22 -> 16.933333 | W22: =$V22/$F22*100 -> 70.555556 | X22: =$S22/($L22+$M22) -> 3.3791574 | Y22: =(($F22-$V22)*$E22)/($L22+$M22) -> 1.4101996 | Z22: =($L22+$M22)/$F22 -> 18.791667
C23: SERUNI | E23: =+JAN!E23+FEBRUARI!E23+MARET!E23 -> 90 | F23: 24 | G23: =JAN!G23 -> 18 | H23: =+JAN!H23+FEBRUARI!H23+MARET!H23 -> 456 | I23: =+JAN!I23+FEBRUARI!I23+MARET!I23 -> 32 | J23: =+G23+H23+I23 -> 506 | K23: =+JAN!K23+FEBRUARI!K23+MARET!K23 -> 31 | L23: =+JAN!L23+FEBRUARI!L23+MARET!L23 -> 436 | M23: =+N23+O23 -> 15 | N23: =+JAN!N23+FEBRUARI!N23+MARET!N23 -> 7 | O23: =+JAN!O23+FEBRUARI!O23+MARET!O23 -> 8 | P23: =+K23+L23+M23 -> 482 | Q23: =+JAN!Q23+FEBRUARI!Q23+MARET!Q23 -> 1430 | R23: =+JAN!R23+FEBRUARI!R23+MARET!R23 -> 4 | S23: =+JAN!S23+FEBRUARI!S23+MARET!S23 -> 1524 | T23: =J23-P23 -> 24 | U23: =L23+M23 -> 451 | V23: =$S23/$E23 -> 16.933333 | W23: =$V23/$F23*100 -> 70.555556 | X23: =$S23/($L23+$M23) -> 3.3791574 | Y23: =(($F23-$V23)*$E23)/($L23+$M23) -> 1.4101996 | Z23: =($L23+$M23)/$F23 -> 18.791667
A24: 7 | C24: MAWAR | D24: ISOLASI | E24: =+JAN!E24+FEBRUARI!E24+MARET!E24 -> 90 | F24: 4 | G24: =JAN!G24 -> 0 | H24: =+JAN!H24+FEBRUARI!H24+MARET!H24 -> 0 | I24: =+JAN!I24+FEBRUARI!I24+MARET!I24 -> 0 | J24: =+G24+H24+I24 -> 0 | K24: =+JAN!K24+FEBRUARI!K24+MARET!K24 -> 0 | L24: =+JAN!L24+FEBRUARI!L24+MARET!L24 -> 0 | M24: =+N24+O24 -> 0 | N24: =+JAN!N24+FEBRUARI!N24+MARET!N24 -> 0 | O24: =+JAN!O24+FEBRUARI!O24+MARET!O24 -> 0 | P24: =+K24+L24+M24 -> 0 | Q24: =+JAN!Q24+FEBRUARI!Q24+MARET!Q24 -> 0 | R24: =+JAN!R24+FEBRUARI!R24+MARET!R24 -> 0 | S24: =+JAN!S24+FEBRUARI!S24+MARET!S24 -> 0 | T24: =J24-P24 -> 0 | U24: =L24+M24 -> 0 | V24: =$S24/$E24 -> 0 | W24: =$V24/$F24*100 -> 0 | X24: =$S24/($L24+$M24) -> #DIV/0! | Y24: =(($F24-$V24)*$E24)/($L24+$M24) -> #DIV/0! | Z24: =($L24+$M24)/$F24 -> 0
C25: MAWAR | D25: III | E25: =+JAN!E25+FEBRUARI!E25+MARET!E25 -> 90 | F25: 16 | G25: =JAN!G25 -> 17 | H25: =+JAN!H25+FEBRUARI!H25+MARET!H25 -> 379 | I25: =+JAN!I25+FEBRUARI!I25+MARET!I25 -> 37 | J25: =+G25+H25+I25 -> 433 | K25: =+JAN!K25+FEBRUARI!K25+MARET!K25 -> 24 | L25: =+JAN!L25+FEBRUARI!L25+MARET!L25 -> 367 | M25: =+N25+O25 -> 24 | N25: =+JAN!N25+FEBRUARI!N25+MARET!N25 -> 10 | O25: =+JAN!O25+FEBRUARI!O25+MARET!O25 -> 14 | P25: =+K25+L25+M25 -> 415 | Q25: =+JAN!Q25+FEBRUARI!Q25+MARET!Q25 -> 1399 | R25: =+JAN!R25+FEBRUARI!R25+MARET!R25 -> 3 | S25: =+JAN!S25+FEBRUARI!S25+MARET!S25 -> 1405 | T25: =J25-P25 -> 18 | U25: =L25+M25 -> 391 | V25: =$S25/$E25 -> 15.611111 | W25: =$V25/$F25*100 -> 97.569444 | X25: =$S25/($L25+$M25) -> 3.5933504 | Y25: =(($F25-$V25)*$E25)/($L25+$M25) -> 0.089514066 | Z25: =($L25+$M25)/$F25 -> 24.4375
C26: MAWAR | E26: =+JAN!E26+FEBRUARI!E26+MARET!E26 -> 90 | F26: 20 | G26: =JAN!G26 -> 17 | H26: =+JAN!H26+FEBRUARI!H26+MARET!H26 -> 379 | I26: =+JAN!I26+FEBRUARI!I26+MARET!I26 -> 37 | J26: =+G26+H26+I26 -> 433 | K26: =+JAN!K26+FEBRUARI!K26+MARET!K26 -> 24 | L26: =+JAN!L26+FEBRUARI!L26+MARET!L26 -> 367 | M26: =+N26+O26 -> 24 | N26: =+JAN!N26+FEBRUARI!N26+MARET!N26 -> 10 | O26: =+JAN!O26+FEBRUARI!O26+MARET!O26 -> 14 | P26: =+K26+L26+M26 -> 415 | Q26: =+JAN!Q26+FEBRUARI!Q26+MARET!Q26 -> 1399 | R26: =+JAN!R26+FEBRUARI!R26+MARET!R26 -> 3 | S26: =+JAN!S26+FEBRUARI!S26+MARET!S26 -> 1405 | T26: =J26-P26 -> 18 | U26: =L26+M26 -> 391 | V26: =$S26/$E26 -> 15.611111 | W26: =$V26/$F26*100 -> 78.055556 | X26: =$S26/($L26+$M26) -> 3.5933504 | Y26: =(($F26-$V26)*$E26)/($L26+$M26) -> 1.0102302 | Z26: =($L26+$M26)/$F26 -> 19.55
A27: 8 | C27: GARDENA | D27: III | E27: =+JAN!E27+FEBRUARI!E27+MARET!E27 -> 90 | F27: 20 | G27: =JAN!G27 -> 17 | H27: =+JAN!H27+FEBRUARI!H27+MARET!H27 -> 454 | I27: =+JAN!I27+FEBRUARI!I27+MARET!I27 -> 18 | J27: =+G27+H27+I27 -> 489 | K27: =+JAN!K27+FEBRUARI!K27+MARET!K27 -> 31 | L27: =+JAN!L27+FEBRUARI!L27+MARET!L27 -> 417 | M27: =+N27+O27 -> 21 | N27: =+JAN!N27+FEBRUARI!N27+MARET!N27 -> 15 | O27: =+JAN!O27+FEBRUARI!O27+MARET!O27 -> 6 | P27: =+K27+L27+M27 -> 469 | Q27: =+JAN!Q27+FEBRUARI!Q27+MARET!Q27 -> 1390 | R27: =+JAN!R27+FEBRUARI!R27+MARET!R27 -> 5 | S27: =+JAN!S27+FEBRUARI!S27+MARET!S27 -> 1397 | T27: =J27-P27 -> 20 | U27: =L27+M27 -> 438 | V27: =$S27/$E27 -> 15.522222 | W27: =$V27/$F27*100 -> 77.611111 | X27: =$S27/($L27+$M27) -> 3.1894977 | Y27: =(($F27-$V27)*$E27)/($L27+$M27) -> 0.92009132 | Z27: =($L27+$M27)/$F27 -> 21.9
C28: GARDENA | E28: =+JAN!E28+FEBRUARI!E28+MARET!E28 -> 90 | F28: 20 | G28: =JAN!G28 -> 17 | H28: =+JAN!H28+FEBRUARI!H28+MARET!H28 -> 454 | I28: =+JAN!I28+FEBRUARI!I28+MARET!I28 -> 18 | J28: =+G28+H28+I28 -> 489 | K28: =+JAN!K28+FEBRUARI!K28+MARET!K28 -> 31 | L28: =+JAN!L28+FEBRUARI!L28+MARET!L28 -> 417 | M28: =+N28+O28 -> 21 | N28: =+JAN!N28+FEBRUARI!N28+MARET!N28 -> 15 | O28: =+JAN!O28+FEBRUARI!O28+MARET!O28 -> 6 | P28: =+K28+L28+M28 -> 469 | Q28: =+JAN!Q28+FEBRUARI!Q28+MARET!Q28 -> 1390 | R28: =+JAN!R28+FEBRUARI!R28+MARET!R28 -> 5 | S28: =+JAN!S28+FEBRUARI!S28+MARET!S28 -> 1397 | T28: =J28-P28 -> 20 | U28: =L28+M28 -> 438 | V28: =$S28/$E28 -> 15.522222 | W28: =$V28/$F28*100 -> 77.611111 | X28: =$S28/($L28+$M28) -> 3.1894977 | Y28: =(($F28-$V28)*$E28)/($L28+$M28) -> 0.92009132 | Z28: =($L28+$M28)/$F28 -> 21.9
C29: BOGENVILE | D29: ISOLASI | E29: =+JAN!E29+FEBRUARI!E29+MARET!E29 -> 90 | F29: 1 | G29: =JAN!G29 -> 0 | H29: =+JAN!H29+FEBRUARI!H29+MARET!H29 -> 0 | I29: =+JAN!I29+FEBRUARI!I29+MARET!I29 -> 0 | J29: =+G29+H29+I29 -> 0 | K29: =+JAN!K29+FEBRUARI!K29+MARET!K29 -> 0 | L29: =+JAN!L29+FEBRUARI!L29+MARET!L29 -> 0 | M29: =+N29+O29 -> 0 | N29: =+JAN!N29+FEBRUARI!N29+MARET!N29 -> 0 | O29: =+JAN!O29+FEBRUARI!O29+MARET!O29 -> 0 | P29: =+K29+L29+M29 -> 0 | Q29: =+JAN!Q29+FEBRUARI!Q29+MARET!Q29 -> 0 | R29: =+JAN!R29+FEBRUARI!R29+MARET!R29 -> 0 | S29: =+JAN!S29+FEBRUARI!S29+MARET!S29 -> 0 | T29: =J29-P29 -> 0 | U29: =L29+M29 -> 0 | V29: =$S29/$E29 -> 0 | W29: =$V29/$F29*100 -> 0 | X29: =$S29/($L29+$M29) -> #DIV/0! | Y29: =(($F29-$V29)*$E29)/($L29+$M29) -> #DIV/0! | Z29: =($L29+$M29)/$F29 -> 0
A30: 9 | C30: BOGENVILE | D30: I | E30: =+JAN!E30+FEBRUARI!E30+MARET!E30 -> 90 | F30: 3 | G30: =JAN!G30 -> 4 | H30: =+JAN!H30+FEBRUARI!H30+MARET!H30 -> 83 | I30: =+JAN!I30+FEBRUARI!I30+MARET!I30 -> 31 | J30: =+G30+H30+I30 -> 118 | K30: =+JAN!K30+FEBRUARI!K30+MARET!K30 -> 19 | L30: =+JAN!L30+FEBRUARI!L30+MARET!L30 -> 94 | M30: =+N30+O30 -> 3 | N30: =+JAN!N30+FEBRUARI!N30+MARET!N30 -> 2 | O30: =+JAN!O30+FEBRUARI!O30+MARET!O30 -> 1 | P30: =+K30+L30+M30 -> 116 | Q30: =+JAN!Q30+FEBRUARI!Q30+MARET!Q30 -> 319 | R30: =+JAN!R30+FEBRUARI!R30+MARET!R30 -> 2 | S30: =+JAN!S30+FEBRUARI!S30+MARET!S30 -> 320 | T30: =J30-P30 -> 2 | U30: =L30+M30 -> 97 | V30: =$S30/$E30 -> 3.5555556 | W30: =$V30/$F30*100 -> 118.51852 | X30: =$S30/($L30+$M30) -> 3.2989691 | Y30: =(($F30-$V30)*$E30)/($L30+$M30) -> -0.51546392 | Z30: =($L30+$M30)/$F30 -> 32.333333
C31: BOGENVILE | D31: PAV | E31: =+JAN!E31+FEBRUARI!E31+MARET!E31 -> 90 | F31: 8 | G31: =JAN!G31 -> 6 | H31: =+JAN!H31+FEBRUARI!H31+MARET!H31 -> 99 | I31: =+JAN!I31+FEBRUARI!I31+MARET!I31 -> 29 | J31: =+G31+H31+I31 -> 134 | K31: =+JAN!K31+FEBRUARI!K31+MARET!K31 -> 32 | L31: =+JAN!L31+FEBRUARI!L31+MARET!L31 -> 89 | M31: =+N31+O31 -> 9 | N31: =+JAN!N31+FEBRUARI!N31+MARET!N31 -> 4 | O31: =+JAN!O31+FEBRUARI!O31+MARET!O31 -> 5 | P31: =+K31+L31+M31 -> 130 | Q31: =+JAN!Q31+FEBRUARI!Q31+MARET!Q31 -> 347 | R31: =+JAN!R31+FEBRUARI!R31+MARET!R31 -> 1 | S31: =+JAN!S31+FEBRUARI!S31+MARET!S31 -> 337 | T31: =J31-P31 -> 4 | U31: =L31+M31 -> 98 | V31: =$S31/$E31 -> 3.7444444 | W31: =$V31/$F31*100 -> 46.805556 | X31: =$S31/($L31+$M31) -> 3.4387755 | Y31: =(($F31-$V31)*$E31)/($L31+$M31) -> 3.9081633 | Z31: =($L31+$M31)/$F31 -> 12.25
C32: BOGENVILE | E32: =+JAN!E32+FEBRUARI!E32+MARET!E32 -> 90 | F32: 12 | G32: =JAN!G32 -> 10 | H32: =+JAN!H32+FEBRUARI!H32+MARET!H32 -> 182 | I32: =+JAN!I32+FEBRUARI!I32+MARET!I32 -> 60 | J32: =+G32+H32+I32 -> 252 | K32: =+JAN!K32+FEBRUARI!K32+MARET!K32 -> 51 | L32: =+JAN!L32+FEBRUARI!L32+MARET!L32 -> 183 | M32: =+N32+O32 -> 12 | N32: =+JAN!N32+FEBRUARI!N32+MARET!N32 -> 6 | O32: =+JAN!O32+FEBRUARI!O32+MARET!O32 -> 6 | P32: =+K32+L32+M32 -> 246 | Q32: =+JAN!Q32+FEBRUARI!Q32+MARET!Q32 -> 666 | R32: =+JAN!R32+FEBRUARI!R32+MARET!R32 -> 3 | S32: =+JAN!S32+FEBRUARI!S32+MARET!S32 -> 657 | T32: =J32-P32 -> 6 | U32: =L32+M32 -> 195 | V32: =$S32/$E32 -> 7.3 | W32: =$V32/$F32*100 -> 60.833333 | X32: =$S32/($L32+$M32) -> 3.3692308 | Y32: =(($F32-$V32)*$E32)/($L32+$M32) -> 2.1692308 | Z32: =($L32+$M32)/$F32 -> 16.25
A33: 10 | C33: ALAMANDA | D33: ISOLASI | E33: =+JAN!E33+FEBRUARI!E33+MARET!E33 -> 90 | F33: 1 | G33: =JAN!G33 -> 0 | H33: =+JAN!H33+FEBRUARI!H33+MARET!H33 -> 9 | I33: =+JAN!I33+FEBRUARI!I33+MARET!I33 -> 1 | J33: =+G33+H33+I33 -> 10 | K33: =+JAN!K33+FEBRUARI!K33+MARET!K33 -> 2 | L33: =+JAN!L33+FEBRUARI!L33+MARET!L33 -> 7 | M33: =+N33+O33 -> 0 | N33: =+JAN!N33+FEBRUARI!N33+MARET!N33 -> 0 | O33: =+JAN!O33+FEBRUARI!O33+MARET!O33 -> 0 | P33: =+K33+L33+M33 -> 9 | Q33: =+JAN!Q33+FEBRUARI!Q33+MARET!Q33 -> 21 | R33: =+JAN!R33+FEBRUARI!R33+MARET!R33 -> 0 | S33: =+JAN!S33+FEBRUARI!S33+MARET!S33 -> 21 | T33: =J33-P33 -> 1 | U33: =L33+M33 -> 7 | V33: =$S33/$E33 -> 0.23333333 | W33: =$V33/$F33*100 -> 23.333333 | X33: =$S33/($L33+$M33) -> 3 | Y33: =(($F33-$V33)*$E33)/($L33+$M33) -> 9.8571429 | Z33: =($L33+$M33)/$F33 -> 7
C34: ALAMANDA | D34: I | E34: =+JAN!E34+FEBRUARI!E34+MARET!E34 -> 90 | F34: 2 | G34: =JAN!G34 -> 3 | H34: =+JAN!H34+FEBRUARI!H34+MARET!H34 -> 37 | I34: =+JAN!I34+FEBRUARI!I34+MARET!I34 -> 9 | J34: =+G34+H34+I34 -> 49 | K34: =+JAN!K34+FEBRUARI!K34+MARET!K34 -> 4 | L34: =+JAN!L34+FEBRUARI!L34+MARET!L34 -> 40 | M34: =+N34+O34 -> 3 | N34: =+JAN!N34+FEBRUARI!N34+MARET!N34 -> 1 | O34: =+JAN!O34+FEBRUARI!O34+MARET!O34 -> 2 | P34: =+K34+L34+M34 -> 47 | Q34: =+JAN!Q34+FEBRUARI!Q34+MARET!Q34 -> 165 | R34: =+JAN!R34+FEBRUARI!R34+MARET!R34 -> 0 | S34: =+JAN!S34+FEBRUARI!S34+MARET!S34 -> 185 | T34: =J34-P34 -> 2 | U34: =L34+M34 -> 43 | V34: =$S34/$E34 -> 2.0555556 | W34: =$V34/$F34*100 -> 102.77778 | X34: =$S34/($L34+$M34) -> 4.3023256 | Y34: =(($F34-$V34)*$E34)/($L34+$M34) -> -0.11627907 | Z34: =($L34+$M34)/$F34 -> 21.5
C35: ALAMANDA | D35: II | E35: =+JAN!E35+FEBRUARI!E35+MARET!E35 -> 90 | F35: 4 | G35: =JAN!G35 -> 4 | H35: =+JAN!H35+FEBRUARI!H35+MARET!H35 -> 63 | I35: =+JAN!I35+FEBRUARI!I35+MARET!I35 -> 9 | J35: =+G35+H35+I35 -> 76 | K35: =+JAN!K35+FEBRUARI!K35+MARET!K35 -> 3 | L35: =+JAN!L35+FEBRUARI!L35+MARET!L35 -> 65 | M35: =+N35+O35 -> 4 | N35: =+JAN!N35+FEBRUARI!N35+MARET!N35 -> 3 | O35: =+JAN!O35+FEBRUARI!O35+MARET!O35 -> 1 | P35: =+K35+L35+M35 -> 72 | Q35: =+JAN!Q35+FEBRUARI!Q35+MARET!Q35 -> 276 | R35: =+JAN!R35+FEBRUARI!R35+MARET!R35 -> 2 | S35: =+JAN!S35+FEBRUARI!S35+MARET!S35 -> 295 | T35: =J35-P35 -> 4 | U35: =L35+M35 -> 69 | V35: =$S35/$E35 -> 3.2777778 | W35: =$V35/$F35*100 -> 81.944444 | X35: =$S35/($L35+$M35) -> 4.2753623 | Y35: =(($F35-$V35)*$E35)/($L35+$M35) -> 0.94202899 | Z35: =($L35+$M35)/$F35 -> 17.25
C36: ALAMANDA | D36: III | E36: =+JAN!E36+FEBRUARI!E36+MARET!E36 -> 90 | F36: 12 | G36: =JAN!G36 -> 7 | H36: =+JAN!H36+FEBRUARI!H36+MARET!H36 -> 212 | I36: =+JAN!I36+FEBRUARI!I36+MARET!I36 -> 25 | J36: =+G36+H36+I36 -> 244 | K36: =+JAN!K36+FEBRUARI!K36+MARET!K36 -> 6 | L36: =+JAN!L36+FEBRUARI!L36+MARET!L36 -> 206 | M36: =+N36+O36 -> 17 | N36: =+JAN!N36+FEBRUARI!N36+MARET!N36 -> 7 | O36: =+JAN!O36+FEBRUARI!O36+MARET!O36 -> 10 | P36: =+K36+L36+M36 -> 229 | Q36: =+JAN!Q36+FEBRUARI!Q36+MARET!Q36 -> 842 | R36: =+JAN!R36+FEBRUARI!R36+MARET!R36 -> 2 | S36: =+JAN!S36+FEBRUARI!S36+MARET!S36 -> 859 | T36: =J36-P36 -> 15 | U36: =L36+M36 -> 223 | V36: =$S36/$E36 -> 9.5444444 | W36: =$V36/$F36*100 -> 79.537037 | X36: =$S36/($L36+$M36) -> 3.8520179 | Y36: =(($F36-$V36)*$E36)/($L36+$M36) -> 0.99103139 | Z36: =($L36+$M36)/$F36 -> 18.583333
C37: ALAMANDA | E37: =+JAN!E37+FEBRUARI!E37+MARET!E37 -> 90 | F37: 19 | G37: =JAN!G37 -> 14 | H37: =+JAN!H37+FEBRUARI!H37+MARET!H37 -> 321 | I37: =+JAN!I37+FEBRUARI!I37+MARET!I37 -> 44 | J37: =+G37+H37+I37 -> 379 | K37: =+JAN!K37+FEBRUARI!K37+MARET!K37 -> 15 | L37: =+JAN!L37+FEBRUARI!L37+MARET!L37 -> 318 | M37: =+N37+O37 -> 24 | N37: =+JAN!N37+FEBRUARI!N37+MARET!N37 -> 11 | O37: =+JAN!O37+FEBRUARI!O37+MARET!O37 -> 13 | P37: =+K37+L37+M37 -> 357 | Q37: =+JAN!Q37+FEBRUARI!Q37+MARET!Q37 -> 1304 | R37: =+JAN!R37+FEBRUARI!R37+MARET!R37 -> 4 | S37: =+JAN!S37+FEBRUARI!S37+MARET!S37 -> 1360 | T37: =J37-P37 -> 22 | U37: =L37+M37 -> 342 | V37: =$S37/$E37 -> 15.111111 | W37: =$V37/$F37*100 -> 79.532164 | X37: =$S37/($L37+$M37) -> 3.9766082 | Y37: =(($F37-$V37)*$E37)/($L37+$M37) -> 1.0233918 | Z37: =($L37+$M37)/$F37 -> 18
A38: 11 | C38: CATHALIA | D38: CA ISOLASI | E38: =+JAN!E38+FEBRUARI!E38+MARET!E38 -> 90 | F38: 6 | G38: =JAN!G38 -> 4 | H38: =+JAN!H38+FEBRUARI!H38+MARET!H38 -> 114 | I38: =+JAN!I38+FEBRUARI!I38+MARET!I38 -> 22 | J38: =+G38+H38+I38 -> 140 | K38: =+JAN!K38+FEBRUARI!K38+MARET!K38 -> 29 | L38: =+JAN!L38+FEBRUARI!L38+MARET!L38 -> 101 | M38: =+N38+O38 -> 10 | N38: =+JAN!N38+FEBRUARI!N38+MARET!N38 -> 3 | O38: =+JAN!O38+FEBRUARI!O38+MARET!O38 -> 7 | P38: =+K38+L38+M38 -> 140 | Q38: =+JAN!Q38+FEBRUARI!Q38+MARET!Q38 -> 316 | R38: =+JAN!R38+FEBRUARI!R38+MARET!R38 -> 0 | S38: =+JAN!S38+FEBRUARI!S38+MARET!S38 -> 458 | T38: =J38-P38 -> 0 | U38: =L38+M38 -> 111 | V38: =$S38/$E38 -> 5.0888889 | W38: =$V38/$F38*100 -> 84.814815 | X38: =$S38/($L38+$M38) -> 4.1261261 | Y38: =(($F38-$V38)*$E38)/($L38+$M38) -> 0.73873874 | Z38: =($L38+$M38)/$F38 -> 18.5
C39: CATHALIA | D39: CATALYA ATAS | E39: =+JAN!E39+FEBRUARI!E39+MARET!E39 -> 90 | F39: 8 | G39: =JAN!G39 -> 4 | H39: =+JAN!H39+FEBRUARI!H39+MARET!H39 -> 146 | I39: =+JAN!I39+FEBRUARI!I39+MARET!I39 -> 39 | J39: =+G39+H39+I39 -> 189 | K39: =+JAN!K39+FEBRUARI!K39+MARET!K39 -> 20 | L39: =+JAN!L39+FEBRUARI!L39+MARET!L39 -> 145 | M39: =+N39+O39 -> 11 | N39: =+JAN!N39+FEBRUARI!N39+MARET!N39 -> 3 | O39: =+JAN!O39+FEBRUARI!O39+MARET!O39 -> 8 | P39: =+K39+L39+M39 -> 176 | Q39: =+JAN!Q39+FEBRUARI!Q39+MARET!Q39 -> 479 | R39: =+JAN!R39+FEBRUARI!R39+MARET!R39 -> 3 | S39: =+JAN!S39+FEBRUARI!S39+MARET!S39 -> 420 | T39: =J39-P39 -> 13 | U39: =L39+M39 -> 156 | V39: =$S39/$E39 -> 4.6666667 | W39: =$V39/$F39*100 -> 58.333333 | X39: =$S39/($L39+$M39) -> 2.6923077 | Y39: =(($F39-$V39)*$E39)/($L39+$M39) -> 1.9230769 | Z39: =($L39+$M39)/$F39 -> 19.5
C40: CATHALIA | D40: CATALYA BAWAH | E40: =+JAN!E40+FEBRUARI!E40+MARET!E40 -> 90 | F40: 14 | G40: =JAN!G40 -> 8 | H40: =+JAN!H40+FEBRUARI!H40+MARET!H40 -> 206 | I40: =+JAN!I40+FEBRUARI!I40+MARET!I40 -> 28 | J40: =+G40+H40+I40 -> 242 | K40: =+JAN!K40+FEBRUARI!K40+MARET!K40 -> 30 | L40: =+JAN!L40+FEBRUARI!L40+MARET!L40 -> 183 | M40: =+N40+O40 -> 15 | N40: =+JAN!N40+FEBRUARI!N40+MARET!N40 -> 10 | O40: =+JAN!O40+FEBRUARI!O40+MARET!O40 -> 5 | P40: =+K40+L40+M40 -> 228 | Q40: =+JAN!Q40+FEBRUARI!Q40+MARET!Q40 -> 672 | R40: =+JAN!R40+FEBRUARI!R40+MARET!R40 -> 4 | S40: =+JAN!S40+FEBRUARI!S40+MARET!S40 -> 672 | T40: =J40-P40 -> 14 | U40: =L40+M40 -> 198 | V40: =$S40/$E40 -> 7.4666667 | W40: =$V40/$F40*100 -> 53.333333 | X40: =$S40/($L40+$M40) -> 3.3939394 | Y40: =(($F40-$V40)*$E40)/($L40+$M40) -> 2.969697 | Z40: =($L40+$M40)/$F40 -> 14.142857
G41: =JAN!G41 -> 0 | H41: =+JAN!H41+FEBRUARI!H41+MARET!H41 -> 0 | I41: =+JAN!I41+FEBRUARI!I41+MARET!I41 -> 0 | J41: =+G41+H41+I41 -> 0 | K41: =+JAN!K41+FEBRUARI!K41+MARET!K41 -> 0 | L41: =+JAN!L41+FEBRUARI!L41+MARET!L41 -> 0 | M41: =+N41+O41 -> 0 | N41: =+JAN!N41+FEBRUARI!N41+MARET!N41 -> 0 | O41: =+JAN!O41+FEBRUARI!O41+MARET!O41 -> 0 | P41: =+K41+L41+M41 -> 0 | Q41: =+JAN!Q41+FEBRUARI!Q41+MARET!Q41 -> 0 | R41: =+JAN!R41+FEBRUARI!R41+MARET!R41 -> 0 | S41: =+JAN!S41+FEBRUARI!S41+MARET!S41 -> 0 | T41: =J41-P41 -> 0 | U41: =L41+M41 -> 0 | V41: =$S41/$E41 -> #DIV/0! | W41: =$V41/$F41*100 -> #DIV/0! | X41: =$S41/($L41+$M41) -> #DIV/0! | Y41: =(($F41-$V41)*$E41)/($L41+$M41) -> #DIV/0! | Z41: =($L41+$M41)/$F41 -> #DIV/0!
C42: CATHALIA | E42: =+JAN!E42+FEBRUARI!E42+MARET!E42 -> 90 | F42: 28 | G42: =JAN!G42 -> 16 | H42: =+JAN!H42+FEBRUARI!H42+MARET!H42 -> 466 | I42: =+JAN!I42+FEBRUARI!I42+MARET!I42 -> 89 | J42: =+G42+H42+I42 -> 571 | K42: =+JAN!K42+FEBRUARI!K42+MARET!K42 -> 79 | L42: =+JAN!L42+FEBRUARI!L42+MARET!L42 -> 429 | M42: =+N42+O42 -> 36 | N42: =+JAN!N42+FEBRUARI!N42+MARET!N42 -> 16 | O42: =+JAN!O42+FEBRUARI!O42+MARET!O42 -> 20 | P42: =+K42+L42+M42 -> 544 | Q42: =+JAN!Q42+FEBRUARI!Q42+MARET!Q42 -> 1467 | R42: =+JAN!R42+FEBRUARI!R42+MARET!R42 -> 7 | S42: =+JAN!S42+FEBRUARI!S42+MARET!S42 -> 1550 | T42: =J42-P42 -> 27 | U42: =L42+M42 -> 465 | V42: =$S42/$E42 -> 17.222222 | W42: =$V42/$F42*100 -> 61.507937 | X42: =$S42/($L42+$M42) -> 3.3333333 | Y42: =(($F42-$V42)*$E42)/($L42+$M42) -> 2.0860215 | Z42: =($L42+$M42)/$F42 -> 16.607143
C43: NUSA INDAH | D43: ISOLASI | E43: =+JAN!E43+FEBRUARI!E43+MARET!E43 -> 90 | F43: 2 | G43: =JAN!G43 -> 0 | H43: =+JAN!H43+FEBRUARI!H43+MARET!H43 -> 0 | I43: =+JAN!I43+FEBRUARI!I43+MARET!I43 -> 0 | J43: =+G43+H43+I43 -> 0 | K43: =+JAN!K43+FEBRUARI!K43+MARET!K43 -> 0 | L43: =+JAN!L43+FEBRUARI!L43+MARET!L43 -> 0 | M43: =+N43+O43 -> 0 | N43: =+JAN!N43+FEBRUARI!N43+MARET!N43 -> 0 | O43: =+JAN!O43+FEBRUARI!O43+MARET!O43 -> 0 | P43: =+K43+L43+M43 -> 0 | Q43: =+JAN!Q43+FEBRUARI!Q43+MARET!Q43 -> 0 | R43: =+JAN!R43+FEBRUARI!R43+MARET!R43 -> 0 | S43: =+JAN!S43+FEBRUARI!S43+MARET!S43 -> 0 | T43: =J43-P43 -> 0 | U43: =L43+M43 -> 0 | V43: =$S43/$E43 -> 0 | W43: =$V43/$F43*100 -> 0 | X43: =$S43/($L43+$M43) -> #DIV/0! | Y43: =(($F43-$V43)*$E43)/($L43+$M43) -> #DIV/0! | Z43: =($L43+$M43)/$F43 -> 0
A44: 12 | C44: NUSA INDAH | D44: I | E44: =+JAN!E44+FEBRUARI!E44+MARET!E44 -> 90 | F44: 13 | G44: =JAN!G44 -> 14 | H44: =+JAN!H44+FEBRUARI!H44+MARET!H44 -> 303 | I44: =+JAN!I44+FEBRUARI!I44+MARET!I44 -> 44 | J44: =+G44+H44+I44 -> 361 | K44: =+JAN!K44+FEBRUARI!K44+MARET!K44 -> 24 | L44: =+JAN!L44+FEBRUARI!L44+MARET!L44 -> 301 | M44: =+N44+O44 -> 22 | N44: =+JAN!N44+FEBRUARI!N44+MARET!N44 -> 8 | O44: =+JAN!O44+FEBRUARI!O44+MARET!O44 -> 14 | P44: =+K44+L44+M44 -> 347 | Q44: =+JAN!Q44+FEBRUARI!Q44+MARET!Q44 -> 1072 | R44: =+JAN!R44+FEBRUARI!R44+MARET!R44 -> 0 | S44: =+JAN!S44+FEBRUARI!S44+MARET!S44 -> 1046 | T44: =J44-P44 -> 14 | U44: =L44+M44 -> 323 | V44: =$S44/$E44 -> 11.622222 | W44: =$V44/$F44*100 -> 89.401709 | X44: =$S44/($L44+$M44) -> 3.2383901 | Y44: =(($F44-$V44)*$E44)/($L44+$M44) -> 0.38390093 | Z44: =($L44+$M44)/$F44 -> 24.846154
C45: NUSA INDAH | D45: VIP | E45: =+JAN!E45+FEBRUARI!E45+MARET!E45 -> 90 | F45: 2 | G45: =JAN!G45 -> 0 | H45: =+JAN!H45+FEBRUARI!H45+MARET!H45 -> 4 | I45: =+JAN!I45+FEBRUARI!I45+MARET!I45 -> 0 | J45: =+G45+H45+I45 -> 4 | K45: =+JAN!K45+FEBRUARI!K45+MARET!K45 -> 2 | L45: =+JAN!L45+FEBRUARI!L45+MARET!L45 -> 2 | M45: =+N45+O45 -> 0 | N45: =+JAN!N45+FEBRUARI!N45+MARET!N45 -> 0 | O45: =+JAN!O45+FEBRUARI!O45+MARET!O45 -> 0 | P45: =+K45+L45+M45 -> 4 | Q45: =+JAN!Q45+FEBRUARI!Q45+MARET!Q45 -> 8 | R45: =+JAN!R45+FEBRUARI!R45+MARET!R45 -> 0 | S45: =+JAN!S45+FEBRUARI!S45+MARET!S45 -> 7 | T45: =J45-P45 -> 0 | U45: =L45+M45 -> 2 | V45: =$S45/$E45 -> 0.077777778 | W45: =$V45/$F45*100 -> 3.8888889 | X45: =$S45/($L45+$M45) -> 3.5 | Y45: =(($F45-$V45)*$E45)/($L45+$M45) -> 86.5 | Z45: =($L45+$M45)/$F45 -> 1
C46: NUSA INDAH | E46: =+JAN!E46+FEBRUARI!E46+MARET!E46 -> 90 | F46: 17 | G46: =JAN!G46 -> 14 | H46: =+JAN!H46+FEBRUARI!H46+MARET!H46 -> 307 | I46: =+JAN!I46+FEBRUARI!I46+MARET!I46 -> 44 | J46: =+G46+H46+I46 -> 365 | K46: =+JAN!K46+FEBRUARI!K46+MARET!K46 -> 26 | L46: =+JAN!L46+FEBRUARI!L46+MARET!L46 -> 303 | M46: =+N46+O46 -> 22 | N46: =+JAN!N46+FEBRUARI!N46+MARET!N46 -> 8 | O46: =+JAN!O46+FEBRUARI!O46+MARET!O46 -> 14 | P46: =+K46+L46+M46 -> 351 | Q46: =+JAN!Q46+FEBRUARI!Q46+MARET!Q46 -> 1080 | R46: =+JAN!R46+FEBRUARI!R46+MARET!R46 -> 0 | S46: =+JAN!S46+FEBRUARI!S46+MARET!S46 -> 1053 | T46: =J46-P46 -> 14 | U46: =L46+M46 -> 325 | V46: =$S46/$E46 -> 11.7 | W46: =$V46/$F46*100 -> 68.823529 | X46: =$S46/($L46+$M46) -> 3.24 | Y46: =(($F46-$V46)*$E46)/($L46+$M46) -> 1.4676923 | Z46: =($L46+$M46)/$F46 -> 19.117647
A47: 13 | C47: SAKURA | D47: TB MDR II | E47: =+JAN!E47+FEBRUARI!E47+MARET!E47 -> 90 | F47: 2 | G47: =JAN!G47 -> 0 | H47: =+JAN!H47+FEBRUARI!H47+MARET!H47 -> 8 | I47: =+JAN!I47+FEBRUARI!I47+MARET!I47 -> 2 | J47: =+G47+H47+I47 -> 10 | K47: =+JAN!K47+FEBRUARI!K47+MARET!K47 -> 2 | L47: =+JAN!L47+FEBRUARI!L47+MARET!L47 -> 3 | M47: =+N47+O47 -> 4 | N47: =+JAN!N47+FEBRUARI!N47+MARET!N47 -> 2 | O47: =+JAN!O47+FEBRUARI!O47+MARET!O47 -> 2 | P47: =+K47+L47+M47 -> 9 | Q47: =+JAN!Q47+FEBRUARI!Q47+MARET!Q47 -> 23 | R47: =+JAN!R47+FEBRUARI!R47+MARET!R47 -> 0 | S47: =+JAN!S47+FEBRUARI!S47+MARET!S47 -> 27 | T47: =J47-P47 -> 1 | U47: =L47+M47 -> 7 | V47: =$S47/$E47 -> 0.3 | W47: =$V47/$F47*100 -> 15 | X47: =$S47/($L47+$M47) -> 3.8571429 | Y47: =(($F47-$V47)*$E47)/($L47+$M47) -> 21.857143 | Z47: =($L47+$M47)/$F47 -> 3.5
C48: SAKURA | D48: TB MDR III | E48: =+JAN!E48+FEBRUARI!E48+MARET!E48 -> 90 | F48: 3 | G48: =JAN!G48 -> 1 | H48: =+JAN!H48+FEBRUARI!H48+MARET!H48 -> 17 | I48: =+JAN!I48+FEBRUARI!I48+MARET!I48 -> 1 | J48: =+G48+H48+I48 -> 19 | K48: =+JAN!K48+FEBRUARI!K48+MARET!K48 -> 2 | L48: =+JAN!L48+FEBRUARI!L48+MARET!L48 -> 10 | M48: =+N48+O48 -> 7 | N48: =+JAN!N48+FEBRUARI!N48+MARET!N48 -> 1 | O48: =+JAN!O48+FEBRUARI!O48+MARET!O48 -> 6 | P48: =+K48+L48+M48 -> 19 | Q48: =+JAN!Q48+FEBRUARI!Q48+MARET!Q48 -> 78 | R48: =+JAN!R48+FEBRUARI!R48+MARET!R48 -> 0 | S48: =+JAN!S48+FEBRUARI!S48+MARET!S48 -> 62 | T48: =J48-P48 -> 0 | U48: =L48+M48 -> 17 | V48: =$S48/$E48 -> 0.68888889 | W48: =$V48/$F48*100 -> 22.962963 | X48: =$S48/($L48+$M48) -> 3.6470588 | Y48: =(($F48-$V48)*$E48)/($L48+$M48) -> 12.235294 | Z48: =($L48+$M48)/$F48 -> 5.6666667
C49: SAKURA | D49: TB PARU II | E49: =+JAN!E49+FEBRUARI!E49+MARET!E49 -> 90 | F49: 2 | G49: =JAN!G49 -> 0 | H49: =+JAN!H49+FEBRUARI!H49+MARET!H49 -> 11 | I49: =+JAN!I49+FEBRUARI!I49+MARET!I49 -> 6 | J49: =+G49+H49+I49 -> 17 | K49: =+JAN!K49+FEBRUARI!K49+MARET!K49 -> 2 | L49: =+JAN!L49+FEBRUARI!L49+MARET!L49 -> 10 | M49: =+N49+O49 -> 5 | N49: =+JAN!N49+FEBRUARI!N49+MARET!N49 -> 3 | O49: =+JAN!O49+FEBRUARI!O49+MARET!O49 -> 2 | P49: =+K49+L49+M49 -> 17 | Q49: =+JAN!Q49+FEBRUARI!Q49+MARET!Q49 -> 90 | R49: =+JAN!R49+FEBRUARI!R49+MARET!R49 -> 0 | S49: =+JAN!S49+FEBRUARI!S49+MARET!S49 -> 65 | T49: =J49-P49 -> 0 | U49: =L49+M49 -> 15 | V49: =$S49/$E49 -> 0.72222222 | W49: =$V49/$F49*100 -> 36.111111 | X49: =$S49/($L49+$M49) -> 4.3333333 | Y49: =(($F49-$V49)*$E49)/($L49+$M49) -> 7.6666667 | Z49: =($L49+$M49)/$F49 -> 7.5
C50: SAKURA | D50: TB PARU III | E50: =+JAN!E50+FEBRUARI!E50+MARET!E50 -> 90 | F50: 10 | G50: =JAN!G50 -> 2 | H50: =+JAN!H50+FEBRUARI!H50+MARET!H50 -> 138 | I50: =+JAN!I50+FEBRUARI!I50+MARET!I50 -> 24 | J50: =+G50+H50+I50 -> 164 | K50: =+JAN!K50+FEBRUARI!K50+MARET!K50 -> 6 | L50: =+JAN!L50+FEBRUARI!L50+MARET!L50 -> 100 | M50: =+N50+O50 -> 53 | N50: =+JAN!N50+FEBRUARI!N50+MARET!N50 -> 25 | O50: =+JAN!O50+FEBRUARI!O50+MARET!O50 -> 28 | P50: =+K50+L50+M50 -> 159 | Q50: =+JAN!Q50+FEBRUARI!Q50+MARET!Q50 -> 663 | R50: =+JAN!R50+FEBRUARI!R50+MARET!R50 -> 1 | S50: =+JAN!S50+FEBRUARI!S50+MARET!S50 -> 599 | T50: =J50-P50 -> 5 | U50: =L50+M50 -> 153 | V50: =$S50/$E50 -> 6.6555556 | W50: =$V50/$F50*100 -> 66.555556 | X50: =$S50/($L50+$M50) -> 3.9150327 | Y50: =(($F50-$V50)*$E50)/($L50+$M50) -> 1.9673203 | Z50: =($L50+$M50)/$F50 -> 15.3
C51: SAKURA | E51: =+JAN!E51+FEBRUARI!E51+MARET!E51 -> 90 | F51: 17 | G51: =JAN!G51 -> 3 | H51: =+JAN!H51+FEBRUARI!H51+MARET!H51 -> 174 | I51: =+JAN!I51+FEBRUARI!I51+MARET!I51 -> 33 | J51: =+G51+H51+I51 -> 210 | K51: =+JAN!K51+FEBRUARI!K51+MARET!K51 -> 12 | L51: =+JAN!L51+FEBRUARI!L51+MARET!L51 -> 123 | M51: =+N51+O51 -> 69 | N51: =+JAN!N51+FEBRUARI!N51+MARET!N51 -> 31 | O51: =+JAN!O51+FEBRUARI!O51+MARET!O51 -> 38 | P51: =+K51+L51+M51 -> 204 | Q51: =+JAN!Q51+FEBRUARI!Q51+MARET!Q51 -> 854 | R51: =+JAN!R51+FEBRUARI!R51+MARET!R51 -> 1 | S51: =+JAN!S51+FEBRUARI!S51+MARET!S51 -> 753 | T51: =J51-P51 -> 6 | U51: =L51+M51 -> 192 | V51: =$S51/$E51 -> 8.3666667 | W51: =$V51/$F51*100 -> 49.215686 | X51: =$S51/($L51+$M51) -> 3.921875 | Y51: =(($F51-$V51)*$E51)/($L51+$M51) -> 4.046875 | Z51: =($L51+$M51)/$F51 -> 11.294118
E52: =+JAN!E52+FEBRUARI!E52+MARET!E52 -> 0 | G52: =JAN!G52 -> 0 | H52: =+JAN!H52+FEBRUARI!H52+MARET!H52 -> 0 | I52: =+JAN!I52+FEBRUARI!I52+MARET!I52 -> 0 | J52: =+G52+H52+I52 -> 0 | K52: =+JAN!K52+FEBRUARI!K52+MARET!K52 -> 0 | L52: =+JAN!L52+FEBRUARI!L52+MARET!L52 -> 0 | M52: =+N52+O52 -> 0 | N52: =+JAN!N52+FEBRUARI!N52+MARET!N52 -> 0 | O52: =+JAN!O52+FEBRUARI!O52+MARET!O52 -> 0 | P52: =+K52+L52+M52 -> 0 | Q52: =+JAN!Q52+FEBRUARI!Q52+MARET!Q52 -> 0 | R52: =+JAN!R52+FEBRUARI!R52+MARET!R52 -> 0 | S52: =+JAN!S52+FEBRUARI!S52+MARET!S52 -> 0 | T52: =J52-P52 -> 0 | U52: =L52+M52 -> 0 | V52: =$S52/$E52 -> #DIV/0! | W52: =$V52/$F52*100 -> #DIV/0! | X52: =$S52/($L52+$M52) -> #DIV/0! | Y52: =(($F52-$V52)*$E52)/($L52+$M52) -> #DIV/0! | Z52: =($L52+$M52)/$F52 -> #DIV/0!
A53: 14 | C53: ANGGREK | D53: VIP | E53: =+JAN!E53+FEBRUARI!E53+MARET!E53 -> 90 | F53: 8 | G53: =JAN!G53 -> 4 | H53: =+JAN!H53+FEBRUARI!H53+MARET!H53 -> 89 | I53: =+JAN!I53+FEBRUARI!I53+MARET!I53 -> 9 | J53: =+G53+H53+I53 -> 102 | K53: =+JAN!K53+FEBRUARI!K53+MARET!K53 -> 8 | L53: =+JAN!L53+FEBRUARI!L53+MARET!L53 -> 81 | M53: =+N53+O53 -> 7 | N53: =+JAN!N53+FEBRUARI!N53+MARET!N53 -> 1 | O53: =+JAN!O53+FEBRUARI!O53+MARET!O53 -> 6 | P53: =+K53+L53+M53 -> 96 | Q53: =+JAN!Q53+FEBRUARI!Q53+MARET!Q53 -> 303 | R53: =+JAN!R53+FEBRUARI!R53+MARET!R53 -> 1 | S53: =+JAN!S53+FEBRUARI!S53+MARET!S53 -> 329 | T53: =J53-P53 -> 6 | U53: =L53+M53 -> 88 | V53: =$S53/$E53 -> 3.6555556 | W53: =$V53/$F53*100 -> 45.694444 | X53: =$S53/($L53+$M53) -> 3.7386364 | Y53: =(($F53-$V53)*$E53)/($L53+$M53) -> 4.4431818 | Z53: =($L53+$M53)/$F53 -> 11
C54: ANGGREK | D54: VIP | E54: =+JAN!E54+FEBRUARI!E54+MARET!E54 -> 90 | F54: 8 | G54: =JAN!G54 -> 4 | H54: =+JAN!H54+FEBRUARI!H54+MARET!H54 -> 89 | I54: =+JAN!I54+FEBRUARI!I54+MARET!I54 -> 9 | J54: =+G54+H54+I54 -> 102 | K54: =+JAN!K54+FEBRUARI!K54+MARET!K54 -> 8 | L54: =+JAN!L54+FEBRUARI!L54+MARET!L54 -> 81 | M54: =+N54+O54 -> 7 | N54: =+JAN!N54+FEBRUARI!N54+MARET!N54 -> 1 | O54: =+JAN!O54+FEBRUARI!O54+MARET!O54 -> 6 | P54: =+K54+L54+M54 -> 96 | Q54: =+JAN!Q54+FEBRUARI!Q54+MARET!Q54 -> 303 | R54: =+JAN!R54+FEBRUARI!R54+MARET!R54 -> 1 | S54: =+JAN!S54+FEBRUARI!S54+MARET!S54 -> 329 | T54: =J54-P54 -> 6 | U54: =L54+M54 -> 88 | V54: =$S54/$E54 -> 3.6555556 | W54: =$V54/$F54*100 -> 45.694444 | X54: =$S54/($L54+$M54) -> 3.7386364 | Y54: =(($F54-$V54)*$E54)/($L54+$M54) -> 4.4431818 | Z54: =($L54+$M54)/$F54 -> 11
C55: LAVENDER | D55: ISOLASI | E55: =+JAN!E55+FEBRUARI!E55+MARET!E55 -> 90 | F55: 4 | G55: =JAN!G55 -> 0 | H55: =+JAN!H55+FEBRUARI!H55+MARET!H55 -> 0 | I55: =+JAN!I55+FEBRUARI!I55+MARET!I55 -> 0 | J55: =+G55+H55+I55 -> 0 | K55: =+JAN!K55+FEBRUARI!K55+MARET!K55 -> 0 | L55: =+JAN!L55+FEBRUARI!L55+MARET!L55 -> 0 | M55: =+N55+O55 -> 0 | N55: =+JAN!N55+FEBRUARI!N55+MARET!N55 -> 0 | O55: =+JAN!O55+FEBRUARI!O55+MARET!O55 -> 0 | P55: =+K55+L55+M55 -> 0 | Q55: =+JAN!Q55+FEBRUARI!Q55+MARET!Q55 -> 0 | R55: =+JAN!R55+FEBRUARI!R55+MARET!R55 -> 0 | S55: =+JAN!S55+FEBRUARI!S55+MARET!S55 -> 0 | T55: =J55-P55 -> 0 | U55: =L55+M55 -> 0 | V55: =$S55/$E55 -> 0 | W55: =$V55/$F55*100 -> 0 | X55: =$S55/($L55+$M55) -> #DIV/0! | Y55: =(($F55-$V55)*$E55)/($L55+$M55) -> #DIV/0! | Z55: =($L55+$M55)/$F55 -> 0
A56: 15 | C56: LAVENDER | D56: III | E56: =+JAN!E56+FEBRUARI!E56+MARET!E56 -> 90 | F56: 14 | G56: =JAN!G56 -> 17 | H56: =+JAN!H56+FEBRUARI!H56+MARET!H56 -> 370 | I56: =+JAN!I56+FEBRUARI!I56+MARET!I56 -> 39 | J56: =+G56+H56+I56 -> 426 | K56: =+JAN!K56+FEBRUARI!K56+MARET!K56 -> 37 | L56: =+JAN!L56+FEBRUARI!L56+MARET!L56 -> 335 | M56: =+N56+O56 -> 38 | N56: =+JAN!N56+FEBRUARI!N56+MARET!N56 -> 19 | O56: =+JAN!O56+FEBRUARI!O56+MARET!O56 -> 19 | P56: =+K56+L56+M56 -> 410 | Q56: =+JAN!Q56+FEBRUARI!Q56+MARET!Q56 -> 1336 | R56: =+JAN!R56+FEBRUARI!R56+MARET!R56 -> 3 | S56: =+JAN!S56+FEBRUARI!S56+MARET!S56 -> 1336 | T56: =J56-P56 -> 16 | U56: =L56+M56 -> 373 | V56: =$S56/$E56 -> 14.844444 | W56: =$V56/$F56*100 -> 106.03175 | X56: =$S56/($L56+$M56) -> 3.5817694 | Y56: =(($F56-$V56)*$E56)/($L56+$M56) -> -0.20375335 | Z56: =($L56+$M56)/$F56 -> 26.642857
C57: LAVENDER | E57: =+JAN!E57+FEBRUARI!E57+MARET!E57 -> 90 | F57: 18 | G57: =JAN!G57 -> 17 | H57: =+JAN!H57+FEBRUARI!H57+MARET!H57 -> 370 | I57: =+JAN!I57+FEBRUARI!I57+MARET!I57 -> 39 | J57: =+G57+H57+I57 -> 426 | K57: =+JAN!K57+FEBRUARI!K57+MARET!K57 -> 37 | L57: =+JAN!L57+FEBRUARI!L57+MARET!L57 -> 335 | M57: =+N57+O57 -> 38 | N57: =+JAN!N57+FEBRUARI!N57+MARET!N57 -> 19 | O57: =+JAN!O57+FEBRUARI!O57+MARET!O57 -> 19 | P57: =+K57+L57+M57 -> 410 | Q57: =+JAN!Q57+FEBRUARI!Q57+MARET!Q57 -> 1336 | R57: =+JAN!R57+FEBRUARI!R57+MARET!R57 -> 3 | S57: =+JAN!S57+FEBRUARI!S57+MARET!S57 -> 1336 | T57: =J57-P57 -> 16 | U57: =L57+M57 -> 373 | V57: =$S57/$E57 -> 14.844444 | W57: =$V57/$F57*100 -> 82.469136 | X57: =$S57/($L57+$M57) -> 3.5817694 | Y57: =(($F57-$V57)*$E57)/($L57+$M57) -> 0.7613941 | Z57: =($L57+$M57)/$F57 -> 20.722222
C58: DAHLIA IBU | D58: PAV | E58: =+JAN!E58+FEBRUARI!E58+MARET!E58 -> 90 | G58: =JAN!G58 -> 0 | H58: =+JAN!H58+FEBRUARI!H58+MARET!H58 -> 0 | I58: =+JAN!I58+FEBRUARI!I58+MARET!I58 -> 0 | J58: =+G58+H58+I58 -> 0 | K58: =+JAN!K58+FEBRUARI!K58+MARET!K58 -> 0 | L58: =+JAN!L58+FEBRUARI!L58+MARET!L58 -> 0 | M58: =+N58+O58 -> 0 | N58: =+JAN!N58+FEBRUARI!N58+MARET!N58 -> 0 | O58: =+JAN!O58+FEBRUARI!O58+MARET!O58 -> 0 | P58: =+K58+L58+M58 -> 0 | Q58: =+JAN!Q58+FEBRUARI!Q58+MARET!Q58 -> 0 | R58: =+JAN!R58+FEBRUARI!R58+MARET!R58 -> 0 | S58: =+JAN!S58+FEBRUARI!S58+MARET!S58 -> 0 | T58: =J58-P58 -> 0 | U58: =L58+M58 -> 0 | V58: =$S58/$E58 -> 0 | W58: =$V58/$F58*100 -> #DIV/0! | X58: =$S58/($L58+$M58) -> #DIV/0! | Y58: =(($F58-$V58)*$E58)/($L58+$M58) -> #DIV/0! | Z58: =($L58+$M58)/$F58 -> #DIV/0!
A59: 16 | D59: I | E59: =+JAN!E59+FEBRUARI!E59+MARET!E59 -> 90 | F59: 3 | G59: =JAN!G59 -> 0 | H59: =+JAN!H59+FEBRUARI!H59+MARET!H59 -> 35 | I59: =+JAN!I59+FEBRUARI!I59+MARET!I59 -> 40 | J59: =+G59+H59+I59 -> 75 | K59: =+JAN!K59+FEBRUARI!K59+MARET!K59 -> 42 | L59: =+JAN!L59+FEBRUARI!L59+MARET!L59 -> 29 | M59: =+N59+O59 -> 0 | N59: =+JAN!N59+FEBRUARI!N59+MARET!N59 -> 0 | O59: =+JAN!O59+FEBRUARI!O59+MARET!O59 -> 0 | P59: =+K59+L59+M59 -> 71 | Q59: =+JAN!Q59+FEBRUARI!Q59+MARET!Q59 -> 75 | R59: =+JAN!R59+FEBRUARI!R59+MARET!R59 -> 0 | S59: =+JAN!S59+FEBRUARI!S59+MARET!S59 -> 79 | T59: =J59-P59 -> 4 | U59: =L59+M59 -> 29 | V59: =$S59/$E59 -> 0.87777778 | W59: =$V59/$F59*100 -> 29.259259 | X59: =$S59/($L59+$M59) -> 2.7241379 | Y59: =(($F59-$V59)*$E59)/($L59+$M59) -> 6.5862069 | Z59: =($L59+$M59)/$F59 -> 9.6666667
D60: II | E60: =+JAN!E60+FEBRUARI!E60+MARET!E60 -> 90 | F60: 8 | G60: =JAN!G60 -> 7 | H60: =+JAN!H60+FEBRUARI!H60+MARET!H60 -> 118 | I60: =+JAN!I60+FEBRUARI!I60+MARET!I60 -> 351 | J60: =+G60+H60+I60 -> 476 | K60: =+JAN!K60+FEBRUARI!K60+MARET!K60 -> 395 | L60: =+JAN!L60+FEBRUARI!L60+MARET!L60 -> 69 | M60: =+N60+O60 -> 3 | N60: =+JAN!N60+FEBRUARI!N60+MARET!N60 -> 1 | O60: =+JAN!O60+FEBRUARI!O60+MARET!O60 -> 2 | P60: =+K60+L60+M60 -> 467 | Q60: =+JAN!Q60+FEBRUARI!Q60+MARET!Q60 -> 181 | R60: =+JAN!R60+FEBRUARI!R60+MARET!R60 -> 3 | S60: =+JAN!S60+FEBRUARI!S60+MARET!S60 -> 499 | T60: =J60-P60 -> 9 | U60: =L60+M60 -> 72 | V60: =$S60/$E60 -> 5.5444444 | W60: =$V60/$F60*100 -> 69.305556 | X60: =$S60/($L60+$M60) -> 6.9305556 | Y60: =(($F60-$V60)*$E60)/($L60+$M60) -> 3.0694444 | Z60: =($L60+$M60)/$F60 -> 9
D61: III | E61: =+JAN!E61+FEBRUARI!E61+MARET!E61 -> 90 | F61: 25 | G61: =JAN!G61 -> 9 | H61: =+JAN!H61+FEBRUARI!H61+MARET!H61 -> 546 | I61: =+JAN!I61+FEBRUARI!I61+MARET!I61 -> 724 | J61: =+G61+H61+I61 -> 1279 | K61: =+JAN!K61+FEBRUARI!K61+MARET!K61 -> 268 | L61: =+JAN!L61+FEBRUARI!L61+MARET!L61 -> 984 | M61: =+N61+O61 -> 0 | N61: =+JAN!N61+FEBRUARI!N61+MARET!N61 -> 0 | O61: =+JAN!O61+FEBRUARI!O61+MARET!O61 -> 0 | P61: =+K61+L61+M61 -> 1252 | Q61: =+JAN!Q61+FEBRUARI!Q61+MARET!Q61 -> 2128 | R61: =+JAN!R61+FEBRUARI!R61+MARET!R61 -> 5 | S61: =+JAN!S61+FEBRUARI!S61+MARET!S61 -> 1395 | T61: =J61-P61 -> 27 | U61: =L61+M61 -> 984 | V61: =$S61/$E61 -> 15.5 | W61: =$V61/$F61*100 -> 62 | X61: =$S61/($L61+$M61) -> 1.4176829 | Y61: =(($F61-$V61)*$E61)/($L61+$M61) -> 0.86890244 | Z61: =($L61+$M61)/$F61 -> 39.36
C62: DAHLIA IBU | E62: =+JAN!E62+FEBRUARI!E62+MARET!E62 -> 90 | F62: 36 | G62: =JAN!G62 -> 16 | H62: =+JAN!H62+FEBRUARI!H62+MARET!H62 -> 699 | I62: =+JAN!I62+FEBRUARI!I62+MARET!I62 -> 1115 | J62: =+G62+H62+I62 -> 1830 | K62: =+JAN!K62+FEBRUARI!K62+MARET!K62 -> 705 | L62: =+JAN!L62+FEBRUARI!L62+MARET!L62 -> 1082 | M62: =+N62+O62 -> 3 | N62: =+JAN!N62+FEBRUARI!N62+MARET!N62 -> 1 | O62: =+JAN!O62+FEBRUARI!O62+MARET!O62 -> 2 | P62: =+K62+L62+M62 -> 1790 | Q62: =+JAN!Q62+FEBRUARI!Q62+MARET!Q62 -> 2384 | R62: =+JAN!R62+FEBRUARI!R62+MARET!R62 -> 8 | S62: =+JAN!S62+FEBRUARI!S62+MARET!S62 -> 1973 | T62: =J62-P62 -> 40 | U62: =L62+M62 -> 1085 | V62: =$S62/$E62 -> 21.922222 | W62: =$V62/$F62*100 -> 60.895062 | X62: =$S62/($L62+$M62) -> 1.8184332 | Y62: =(($F62-$V62)*$E62)/($L62+$M62) -> 1.1677419 | Z62: =($L62+$M62)/$F62 -> 30.138889
A63: 17 | G63: =JAN!G63 -> 0 | H63: =+JAN!H63+FEBRUARI!H63+MARET!H63 -> 0 | I63: =+JAN!I63+FEBRUARI!I63+MARET!I63 -> 0 | J63: =+G63+H63+I63 -> 0 | K63: =+JAN!K63+FEBRUARI!K63+MARET!K63 -> 0 | L63: =+JAN!L63+FEBRUARI!L63+MARET!L63 -> 0 | M63: =+N63+O63 -> 0 | N63: =+JAN!N63+FEBRUARI!N63+MARET!N63 -> 0 | O63: =+JAN!O63+FEBRUARI!O63+MARET!O63 -> 0 | P63: =+K63+L63+M63 -> 0 | Q63: =+JAN!Q63+FEBRUARI!Q63+MARET!Q63 -> 0 | R63: =+JAN!R63+FEBRUARI!R63+MARET!R63 -> 0 | S63: =+JAN!S63+FEBRUARI!S63+MARET!S63 -> 0 | T63: =J63-P63 -> 0 | U63: =L63+M63 -> 0 | V63: =$S63/$E63 -> #DIV/0! | W63: =$V63/$F63*100 -> #DIV/0! | X63: =$S63/($L63+$M63) -> #DIV/0! | Y63: =(($F63-$V63)*$E63)/($L63+$M63) -> #DIV/0! | Z63: =($L63+$M63)/$F63 -> #DIV/0!
F64: 0 | G64: =JAN!G64 -> 0 | H64: =+JAN!H64+FEBRUARI!H64+MARET!H64 -> 0 | I64: =+JAN!I64+FEBRUARI!I64+MARET!I64 -> 0 | J64: =+G64+H64+I64 -> 0 | K64: =+JAN!K64+FEBRUARI!K64+MARET!K64 -> 0 | L64: =+JAN!L64+FEBRUARI!L64+MARET!L64 -> 0 | M64: =+N64+O64 -> 0 | N64: =+JAN!N64+FEBRUARI!N64+MARET!N64 -> 0 | O64: =+JAN!O64+FEBRUARI!O64+MARET!O64 -> 0 | P64: =+K64+L64+M64 -> 0 | Q64: =+JAN!Q64+FEBRUARI!Q64+MARET!Q64 -> 0 | R64: =+JAN!R64+FEBRUARI!R64+MARET!R64 -> 0 | S64: =+JAN!S64+FEBRUARI!S64+MARET!S64 -> 0 | T64: =J64-P64 -> 0 | U64: =L64+M64 -> 0 | V64: =$S64/$E64 -> #DIV/0! | W64: =$V64/$F64*100 -> #DIV/0! | X64: =$S64/($L64+$M64) -> #DIV/0! | Y64: =(($F64-$V64)*$E64)/($L64+$M64) -> #DIV/0! | Z64: =($L64+$M64)/$F64 -> #DIV/0!
A65: TOTAL RAWAT INAP UMUM | E65: =+JAN!E65+FEBRUARI!E65+MARET!E65 -> 90 | F65: 325 | G65: =JAN!G65 -> 246 | H65: =+JAN!H65+FEBRUARI!H65+MARET!H65 -> 5896 | I65: =+JAN!I65+FEBRUARI!I65+MARET!I65 -> 1933 | J65: =+G65+H65+I65 -> 8075 | K65: =+JAN!K65+FEBRUARI!K65+MARET!K65 -> 1271 | L65: =+JAN!L65+FEBRUARI!L65+MARET!L65 -> 5976 | M65: =+N65+O65 -> 531 | N65: =+JAN!N65+FEBRUARI!N65+MARET!N65 -> 255 | O65: =+JAN!O65+FEBRUARI!O65+MARET!O65 -> 276 | P65: =+K65+L65+M65 -> 7778 | Q65: =+JAN!Q65+FEBRUARI!Q65+MARET!Q65 -> 21729 | R65: =+JAN!R65+FEBRUARI!R65+MARET!R65 -> 73 | S65: =+JAN!S65+FEBRUARI!S65+MARET!S65 -> 21280 | T65: =J65-P65 -> 297 | U65: =L65+M65 -> 6507 | V65: =$S65/$E65 -> 236.44444 | W65: =$V65/$F65*100 -> 72.752137 | X65: =$S65/($L65+$M65) -> 3.2703243 | Y65: =(($F65-$V65)*$E65)/($L65+$M65) -> 1.2248348 | Z65: =($L65+$M65)/$F65 -> 20.021538
A66: SK KHUSUS COVID
A67: NO | B67: PELAYANAN | C67: RAWAT INAP | D67: KLAS PERAWATAN | E67: PERIODE | F67: TT (T) | G67: PX AWAL | H67: PX MASUK | I67: PX PINDAHAN | J67: JUMLAH (1+2+3) | K67: PX DI PINDAHKAN | L67: PX KELUAR HIDUP | M67: PX MATI | N67: KURANG 48 JAM | O67: LEBIH 48 JAM | P67: JUMLAH (5+6+7) | Q67: LAMA DI RAWAT | R67: PX KELUAR/MASUK HR SAMA | S67: HARI PERAWATAN | T67: Px AKHIR | U67: KUNJUNGN | V67: O | W67: BOR (O/T) | X67: LOS | Y67: TOI | Z67: BTO
V68: (TT terpakai) | W68: (75%-85%) | X68: (3-12 hari) | Y68: (1-3 hr) | Z68: (30 px)
G70: 1 | H70: 2 | I70: 3 | J70: 4 | K70: 5 | L70: 6 | M70: 7 | N70: 8 | O70: 9 | P70: 10 | Q70: 11 | R70: 12 | S70: 13 | T70: 14 | V70: 15 | W70: 16 | X70: 17 | Y70: 18 | Z70: 19
A71: 1 | B71: ISOLASI | C71: PERINATOLOGI | D71: II | E71: =+JAN!E71+FEBRUARI!E71+MARET!E71 -> 90 | G71: =JAN!G71 -> 0 | H71: =+JAN!H71+FEBRUARI!H71+MARET!H71 -> 0 | I71: =+JAN!I71+FEBRUARI!I71+MARET!I71 -> 0 | J71: =+G71+H71+I71 -> 0 | K71: =+JAN!K71+FEBRUARI!K71+MARET!K71 -> 0 | L71: =+JAN!L71+FEBRUARI!L71+MARET!L71 -> 0 | M71: =+N71+O71 -> 0 | N71: =+JAN!N71+FEBRUARI!N71+MARET!N71 -> 0 | O71: =+JAN!O71+FEBRUARI!O71+MARET!O71 -> 0 | P71: =+K71+L71+M71 -> 0 | Q71: =+JAN!Q71+FEBRUARI!Q71+MARET!Q71 -> 0 | R71: =+JAN!R71+FEBRUARI!R71+MARET!R71 -> 0 | S71: =+JAN!S71+FEBRUARI!S71+MARET!S71 -> 0 | T71: =J71-P71 -> 0 | U71: =L71+M71 -> 0 | V71: =$S71/$E71 -> 0 | W71: =$V71/$F71*100 -> #DIV/0! | X71: =$S71/($L71+$M71) -> #DIV/0! | Y71: =(($F71-$V71)*$E71)/($L71+$M71) -> #DIV/0! | Z71: =($L71+$M71)/$F71 -> #DIV/0!
C72: PERINATOLOGI | E72: =+JAN!E72+FEBRUARI!E72+MARET!E72 -> 90 | F72: 0 | G72: =JAN!G72 -> 0 | H72: =+JAN!H72+FEBRUARI!H72+MARET!H72 -> 0 | I72: =+JAN!I72+FEBRUARI!I72+MARET!I72 -> 0 | J72: =+G72+H72+I72 -> 0 | K72: =+JAN!K72+FEBRUARI!K72+MARET!K72 -> 0 | L72: =+JAN!L72+FEBRUARI!L72+MARET!L72 -> 0 | M72: =+N72+O72 -> 0 | N72: =+JAN!N72+FEBRUARI!N72+MARET!N72 -> 0 | O72: =+JAN!O72+FEBRUARI!O72+MARET!O72 -> 0 | P72: =+K72+L72+M72 -> 0 | Q72: =+JAN!Q72+FEBRUARI!Q72+MARET!Q72 -> 0 | R72: =+JAN!R72+FEBRUARI!R72+MARET!R72 -> 0 | S72: =+JAN!S72+FEBRUARI!S72+MARET!S72 -> 0 | T72: =J72-P72 -> 0 | U72: =L72+M72 -> 0 | V72: =$S72/$E72 -> 0 | W72: =$V72/$F72*100 -> #DIV/0! | X72: =$S72/($L72+$M72) -> #DIV/0! | Y72: =(($F72-$V72)*$E72)/($L72+$M72) -> #DIV/0! | Z72: =($L72+$M72)/$F72 -> #DIV/0!
A73: 2 | C73: RICU ED | D73: I | E73: =+JAN!E73+FEBRUARI!E73+MARET!E73 -> 90 | G73: =JAN!G73 -> 0 | H73: =+JAN!H73+FEBRUARI!H73+MARET!H73 -> 0 | I73: =+JAN!I73+FEBRUARI!I73+MARET!I73 -> 0 | J73: =+G73+H73+I73 -> 0 | K73: =+JAN!K73+FEBRUARI!K73+MARET!K73 -> 0 | L73: =+JAN!L73+FEBRUARI!L73+MARET!L73 -> 0 | M73: =+N73+O73 -> 0 | N73: =+JAN!N73+FEBRUARI!N73+MARET!N73 -> 0 | O73: =+JAN!O73+FEBRUARI!O73+MARET!O73 -> 0 | P73: =+K73+L73+M73 -> 0 | Q73: =+JAN!Q73+FEBRUARI!Q73+MARET!Q73 -> 0 | R73: =+JAN!R73+FEBRUARI!R73+MARET!R73 -> 0 | S73: =+JAN!S73+FEBRUARI!S73+MARET!S73 -> 0 | T73: =J73-P73 -> 0 | U73: =L73+M73 -> 0 | V73: =$S73/$E73 -> 0 | W73: =$V73/$F73*100 -> #DIV/0! | X73: =$S73/($L73+$M73) -> #DIV/0! | Y73: =(($F73-$V73)*$E73)/($L73+$M73) -> #DIV/0! | Z73: =($L73+$M73)/$F73 -> #DIV/0!
C74: RICU ED | E74: =+JAN!E74+FEBRUARI!E74+MARET!E74 -> 90 | F74: 0 | G74: =JAN!G74 -> 0 | H74: =+JAN!H74+FEBRUARI!H74+MARET!H74 -> 0 | I74: =+JAN!I74+FEBRUARI!I74+MARET!I74 -> 0 | J74: =+G74+H74+I74 -> 0 | K74: =+JAN!K74+FEBRUARI!K74+MARET!K74 -> 0 | L74: =+JAN!L74+FEBRUARI!L74+MARET!L74 -> 0 | M74: =+N74+O74 -> 0 | N74: =+JAN!N74+FEBRUARI!N74+MARET!N74 -> 0 | O74: =+JAN!O74+FEBRUARI!O74+MARET!O74 -> 0 | P74: =+K74+L74+M74 -> 0 | Q74: =+JAN!Q74+FEBRUARI!Q74+MARET!Q74 -> 0 | R74: =+JAN!R74+FEBRUARI!R74+MARET!R74 -> 0 | S74: =+JAN!S74+FEBRUARI!S74+MARET!S74 -> 0 | T74: =J74-P74 -> 0 | U74: =L74+M74 -> 0 | V74: =$S74/$E74 -> 0 | W74: =$V74/$F74*100 -> #DIV/0! | X74: =$S74/($L74+$M74) -> #DIV/0! | Y74: =(($F74-$V74)*$E74)/($L74+$M74) -> #DIV/0! | Z74: =($L74+$M74)/$F74 -> #DIV/0!
A75: 3 | C75: LAVENDER | E75: =+JAN!E75+FEBRUARI!E75+MARET!E75 -> 90 | G75: =JAN!G75 -> 0 | H75: =+JAN!H75+FEBRUARI!H75+MARET!H75 -> 0 | I75: =+JAN!I75+FEBRUARI!I75+MARET!I75 -> 0 | J75: =+G75+H75+I75 -> 0 | K75: =+JAN!K75+FEBRUARI!K75+MARET!K75 -> 0 | L75: =+JAN!L75+FEBRUARI!L75+MARET!L75 -> 0 | M75: =+N75+O75 -> 0 | N75: =+JAN!N75+FEBRUARI!N75+MARET!N75 -> 0 | O75: =+JAN!O75+FEBRUARI!O75+MARET!O75 -> 0 | P75: =+K75+L75+M75 -> 0 | Q75: =+JAN!Q75+FEBRUARI!Q75+MARET!Q75 -> 0 | R75: =+JAN!R75+FEBRUARI!R75+MARET!R75 -> 0 | S75: =+JAN!S75+FEBRUARI!S75+MARET!S75 -> 0 | T75: =J75-P75 -> 0 | U75: =L75+M75 -> 0 | V75: =$S75/$E75 -> 0 | W75: =$V75/$F75*100 -> #DIV/0! | X75: =$S75/($L75+$M75) -> #DIV/0! | Y75: =(($F75-$V75)*$E75)/($L75+$M75) -> #DIV/0! | Z75: =($L75+$M75)/$F75 -> #DIV/0!
C76: LAVENDER | E76: =+JAN!E76+FEBRUARI!E76+MARET!E76 -> 90 | F76: 0 | G76: =JAN!G76 -> 0 | H76: =+JAN!H76+FEBRUARI!H76+MARET!H76 -> 0 | I76: =+JAN!I76+FEBRUARI!I76+MARET!I76 -> 0 | J76: =+G76+H76+I76 -> 0 | K76: =+JAN!K76+FEBRUARI!K76+MARET!K76 -> 0 | L76: =+JAN!L76+FEBRUARI!L76+MARET!L76 -> 0 | M76: =+N76+O76 -> 0 | N76: =+JAN!N76+FEBRUARI!N76+MARET!N76 -> 0 | O76: =+JAN!O76+FEBRUARI!O76+MARET!O76 -> 0 | P76: =+K76+L76+M76 -> 0 | Q76: =+JAN!Q76+FEBRUARI!Q76+MARET!Q76 -> 0 | R76: =+JAN!R76+FEBRUARI!R76+MARET!R76 -> 0 | S76: =+JAN!S76+FEBRUARI!S76+MARET!S76 -> 0 | T76: =J76-P76 -> 0 | U76: =L76+M76 -> 0 | V76: =$S76/$E76 -> 0 | W76: =$V76/$F76*100 -> #DIV/0! | X76: =$S76/($L76+$M76) -> #DIV/0! | Y76: =(($F76-$V76)*$E76)/($L76+$M76) -> #DIV/0! | Z76: =($L76+$M76)/$F76 -> #DIV/0!
A77: TOTAL ISOLASI | E77: =+JAN!E77+FEBRUARI!E77+MARET!E77 -> 90 | F77: 0 | G77: =JAN!G77 -> 0 | H77: =+JAN!H77+FEBRUARI!H77+MARET!H77 -> 0 | I77: =+JAN!I77+FEBRUARI!I77+MARET!I77 -> 0 | J77: =+G77+H77+I77 -> 0 | K77: =+JAN!K77+FEBRUARI!K77+MARET!K77 -> 0 | L77: =+JAN!L77+FEBRUARI!L77+MARET!L77 -> 0 | M77: =+N77+O77 -> 0 | N77: =+JAN!N77+FEBRUARI!N77+MARET!N77 -> 0 | O77: =+JAN!O77+FEBRUARI!O77+MARET!O77 -> 0 | P77: =+K77+L77+M77 -> 0 | Q77: =+JAN!Q77+FEBRUARI!Q77+MARET!Q77 -> 0 | R77: =+JAN!R77+FEBRUARI!R77+MARET!R77 -> 0 | S77: =+JAN!S77+FEBRUARI!S77+MARET!S77 -> 0 | T77: =J77-P77 -> 0 | U77: =L77+M77 -> 0 | V77: =$S77/$E77 -> 0 | W77: =$V77/$F77*100 -> #DIV/0! | X77: =$S77/($L77+$M77) -> #DIV/0! | Y77: =(($F77-$V77)*$E77)/($L77+$M77) -> #DIV/0! | Z77: =($L77+$M77)/$F77 -> #DIV/0!
A79: NO | B79: PELAYANAN | C79: RAWAT INAP | D79: KLAS PERAWATAN | E79: PERIODE | F79: TT (T) | G79: PX AWAL | H79: PX MASUK | I79: PX PINDAHAN | J79: JUMLAH (1+2+3) | K79: PX DI PINDAHKAN | L79: PX KELUAR HIDUP | M79: PX MATI | N79: KURANG 48 JAM | O79: LEBIH 48 JAM | P79: JUMLAH (5+6+7) | Q79: LAMA DI RAWAT | R79: PX KELUAR/MASUK HR SAMA | S79: HARI PERAWATAN | T79: Px AKHIR | U79: KUNJUNGN | V79: O | W79: BOR (O/T) | X79: LOS | Y79: TOI | Z79: BTO
V80: (TT terpakai) | W80: (75%-85%) | X80: (3-12 hari) | Y80: (1-3 hr) | Z80: (30 px)
G82: 1 | H82: 2 | I82: 3 | J82: 4 | K82: 5 | L82: 6 | M82: 7 | N82: 8 | O82: 9 | P82: 10 | Q82: 11 | R82: 12 | S82: 13 | T82: 14 | V82: 15 | W82: 16 | X82: 17 | Y82: 18 | Z82: 19
A83: 1 | B83: PERISTI | C83: PERINATOLOGI | D83: II | E83: =+JAN!E83+FEBRUARI!E83+MARET!E83 -> 90 | F83: 30 | G83: =JAN!G83 -> 13 | H83: =+JAN!H83+FEBRUARI!H83+MARET!H83 -> 493 | I83: =+JAN!I83+FEBRUARI!I83+MARET!I83 -> 58 | J83: =+G83+H83+I83 -> 564 | K83: =+JAN!K83+FEBRUARI!K83+MARET!K83 -> 258 | L83: =+JAN!L83+FEBRUARI!L83+MARET!L83 -> 269 | M83: =+N83+O83 -> 9 | N83: =+JAN!N83+FEBRUARI!N83+MARET!N83 -> 8 | O83: =+JAN!O83+FEBRUARI!O83+MARET!O83 -> 1 | P83: =+K83+L83+M83 -> 536 | Q83: =+JAN!Q83+FEBRUARI!Q83+MARET!Q83 -> 1684 | R83: =+JAN!R83+FEBRUARI!R83+MARET!R83 -> 4 | S83: =+JAN!S83+FEBRUARI!S83+MARET!S83 -> 1763 | T83: =J83-P83 -> 28 | U83: =L83+M83 -> 278 | V83: =$S83/$E83 -> 19.588889 | W83: =$V83/$F83*100 -> 65.296296 | X83: =$S83/($L83+$M83) -> 6.3417266 | Y83: =(($F83-$V83)*$E83)/($L83+$M83) -> 3.3705036 | Z83: =($L83+$M83)/$F83 -> 9.2666667
C84: PERINATOLOGI | E84: =+JAN!E84+FEBRUARI!E84+MARET!E84 -> 90 | F84: 30 | G84: =JAN!G84 -> 13 | H84: =+JAN!H84+FEBRUARI!H84+MARET!H84 -> 493 | I84: =+JAN!I84+FEBRUARI!I84+MARET!I84 -> 58 | J84: =+G84+H84+I84 -> 564 | K84: =+JAN!K84+FEBRUARI!K84+MARET!K84 -> 258 | L84: =+JAN!L84+FEBRUARI!L84+MARET!L84 -> 269 | M84: =+N84+O84 -> 9 | N84: =+JAN!N84+FEBRUARI!N84+MARET!N84 -> 8 | O84: =+JAN!O84+FEBRUARI!O84+MARET!O84 -> 1 | P84: =+K84+L84+M84 -> 536 | Q84: =+JAN!Q84+FEBRUARI!Q84+MARET!Q84 -> 1684 | R84: =+JAN!R84+FEBRUARI!R84+MARET!R84 -> 4 | S84: =+JAN!S84+FEBRUARI!S84+MARET!S84 -> 1763 | T84: =J84-P84 -> 28 | U84: =L84+M84 -> 278 | V84: =$S84/$E84 -> 19.588889 | W84: =$V84/$F84*100 -> 65.296296 | X84: =$S84/($L84+$M84) -> 6.3417266 | Y84: =(($F84-$V84)*$E84)/($L84+$M84) -> 3.3705036 | Z84: =($L84+$M84)/$F84 -> 9.2666667
D85: VIP | E85: =+JAN!E85+FEBRUARI!E85+MARET!E85 -> 90 | G85: =JAN!G85 -> 0 | H85: =+JAN!H85+FEBRUARI!H85+MARET!H85 -> 0 | I85: =+JAN!I85+FEBRUARI!I85+MARET!I85 -> 0 | J85: =+G85+H85+I85 -> 0 | K85: =+JAN!K85+FEBRUARI!K85+MARET!K85 -> 0 | L85: =+JAN!L85+FEBRUARI!L85+MARET!L85 -> 0 | M85: =+N85+O85 -> 0 | N85: =+JAN!N85+FEBRUARI!N85+MARET!N85 -> 0 | O85: =+JAN!O85+FEBRUARI!O85+MARET!O85 -> 0 | P85: =+K85+L85+M85 -> 0 | Q85: =+JAN!Q85+FEBRUARI!Q85+MARET!Q85 -> 0 | R85: =+JAN!R85+FEBRUARI!R85+MARET!R85 -> 0 | S85: =+JAN!S85+FEBRUARI!S85+MARET!S85 -> 0 | T85: =J85-P85 -> 0 | U85: =L85+M85 -> 0 | V85: =$S85/$E85 -> 0 | W85: =$V85/$F85*100 -> #DIV/0! | X85: =$S85/($L85+$M85) -> #DIV/0! | Y85: =(($F85-$V85)*$E85)/($L85+$M85) -> #DIV/0! | Z85: =($L85+$M85)/$F85 -> #DIV/0!
A86: 2 | C86: DAHLIA BAYI | D86: I | E86: =+JAN!E86+FEBRUARI!E86+MARET!E86 -> 90 | G86: =JAN!G86 -> 0 | H86: =+JAN!H86+FEBRUARI!H86+MARET!H86 -> 0 | I86: =+JAN!I86+FEBRUARI!I86+MARET!I86 -> 5 | J86: =+G86+H86+I86 -> 5 | K86: =+JAN!K86+FEBRUARI!K86+MARET!K86 -> 0 | L86: =+JAN!L86+FEBRUARI!L86+MARET!L86 -> 5 | M86: =+N86+O86 -> 0 | N86: =+JAN!N86+FEBRUARI!N86+MARET!N86 -> 0 | O86: =+JAN!O86+FEBRUARI!O86+MARET!O86 -> 0 | P86: =+K86+L86+M86 -> 5 | Q86: =+JAN!Q86+FEBRUARI!Q86+MARET!Q86 -> 8 | R86: =+JAN!R86+FEBRUARI!R86+MARET!R86 -> 0 | S86: =+JAN!S86+FEBRUARI!S86+MARET!S86 -> 5 | T86: =J86-P86 -> 0 | U86: =L86+M86 -> 5 | V86: =$S86/$E86 -> 0.055555556 | W86: =$V86/$F86*100 -> #DIV/0! | X86: =$S86/($L86+$M86) -> 1 | Y86: =(($F86-$V86)*$E86)/($L86+$M86) -> -1 | Z86: =($L86+$M86)/$F86 -> #DIV/0!
D87: II | E87: =+JAN!E87+FEBRUARI!E87+MARET!E87 -> 90 | G87: =JAN!G87 -> 2 | H87: =+JAN!H87+FEBRUARI!H87+MARET!H87 -> 1 | I87: =+JAN!I87+FEBRUARI!I87+MARET!I87 -> 115 | J87: =+G87+H87+I87 -> 118 | K87: =+JAN!K87+FEBRUARI!K87+MARET!K87 -> 108 | L87: =+JAN!L87+FEBRUARI!L87+MARET!L87 -> 10 | M87: =+N87+O87 -> 0 | N87: =+JAN!N87+FEBRUARI!N87+MARET!N87 -> 0 | O87: =+JAN!O87+FEBRUARI!O87+MARET!O87 -> 0 | P87: =+K87+L87+M87 -> 118 | Q87: =+JAN!Q87+FEBRUARI!Q87+MARET!Q87 -> 16 | R87: =+JAN!R87+FEBRUARI!R87+MARET!R87 -> 0 | S87: =+JAN!S87+FEBRUARI!S87+MARET!S87 -> 118 | T87: =J87-P87 -> 0 | U87: =L87+M87 -> 10 | V87: =$S87/$E87 -> 1.3111111 | W87: =$V87/$F87*100 -> #DIV/0! | X87: =$S87/($L87+$M87) -> 11.8 | Y87: =(($F87-$V87)*$E87)/($L87+$M87) -> -11.8 | Z87: =($L87+$M87)/$F87 -> #DIV/0!
D88: III | E88: =+JAN!E88+FEBRUARI!E88+MARET!E88 -> 90 | G88: =JAN!G88 -> 2 | H88: =+JAN!H88+FEBRUARI!H88+MARET!H88 -> 13 | I88: =+JAN!I88+FEBRUARI!I88+MARET!I88 -> 223 | J88: =+G88+H88+I88 -> 238 | K88: =+JAN!K88+FEBRUARI!K88+MARET!K88 -> 14 | L88: =+JAN!L88+FEBRUARI!L88+MARET!L88 -> 224 | M88: =+N88+O88 -> 0 | N88: =+JAN!N88+FEBRUARI!N88+MARET!N88 -> 0 | O88: =+JAN!O88+FEBRUARI!O88+MARET!O88 -> 0 | P88: =+K88+L88+M88 -> 238 | Q88: =+JAN!Q88+FEBRUARI!Q88+MARET!Q88 -> 346 | R88: =+JAN!R88+FEBRUARI!R88+MARET!R88 -> 2 | S88: =+JAN!S88+FEBRUARI!S88+MARET!S88 -> 240 | T88: =J88-P88 -> 0 | U88: =L88+M88 -> 224 | V88: =$S88/$E88 -> 2.6666667 | W88: =$V88/$F88*100 -> #DIV/0! | X88: =$S88/($L88+$M88) -> 1.0714286 | Y88: =(($F88-$V88)*$E88)/($L88+$M88) -> -1.0714286 | Z88: =($L88+$M88)/$F88 -> #DIV/0!
C89: DAHLIA BAYI | E89: =+JAN!E89+FEBRUARI!E89+MARET!E89 -> 90 | F89: 0 | G89: =JAN!G89 -> 4 | H89: =+JAN!H89+FEBRUARI!H89+MARET!H89 -> 14 | I89: =+JAN!I89+FEBRUARI!I89+MARET!I89 -> 343 | J89: =+G89+H89+I89 -> 361 | K89: =+JAN!K89+FEBRUARI!K89+MARET!K89 -> 122 | L89: =+JAN!L89+FEBRUARI!L89+MARET!L89 -> 239 | M89: =+N89+O89 -> 0 | N89: =+JAN!N89+FEBRUARI!N89+MARET!N89 -> 0 | O89: =+JAN!O89+FEBRUARI!O89+MARET!O89 -> 0 | P89: =+K89+L89+M89 -> 361 | Q89: =+JAN!Q89+FEBRUARI!Q89+MARET!Q89 -> 370 | R89: =+JAN!R89+FEBRUARI!R89+MARET!R89 -> 2 | S89: =+JAN!S89+FEBRUARI!S89+MARET!S89 -> 363 | T89: =J89-P89 -> 0 | U89: =L89+M89 -> 239 | V89: =$S89/$E89 -> 4.0333333 | W89: =$V89/$F89*100 -> #DIV/0! | X89: =$S89/($L89+$M89) -> 1.5188285 | Y89: =(($F89-$V89)*$E89)/($L89+$M89) -> -1.5188285 | Z89: =($L89+$M89)/$F89 -> #DIV/0!
A90: TOTAL PERISTI | E90: =+JAN!E90+FEBRUARI!E90+MARET!E90 -> 90 | F90: 30 | G90: =JAN!G90 -> 17 | H90: =+JAN!H90+FEBRUARI!H90+MARET!H90 -> 507 | I90: =+JAN!I90+FEBRUARI!I90+MARET!I90 -> 401 | J90: =+G90+H90+I90 -> 925 | K90: =+JAN!K90+FEBRUARI!K90+MARET!K90 -> 380 | L90: =+JAN!L90+FEBRUARI!L90+MARET!L90 -> 508 | M90: =+N90+O90 -> 9 | N90: =+JAN!N90+FEBRUARI!N90+MARET!N90 -> 8 | O90: =+JAN!O90+FEBRUARI!O90+MARET!O90 -> 1 | P90: =+K90+L90+M90 -> 897 | Q90: =+JAN!Q90+FEBRUARI!Q90+MARET!Q90 -> 2054 | R90: =+JAN!R90+FEBRUARI!R90+MARET!R90 -> 6 | S90: =+JAN!S90+FEBRUARI!S90+MARET!S90 -> 2126 | T90: =J90-P90 -> 28 | U90: =L90+M90 -> 517 | V90: =$S90/$E90 -> 23.622222 | W90: =$V90/$F90*100 -> 78.740741 | X90: =$S90/($L90+$M90) -> 4.1121857 | Y90: =(($F90-$V90)*$E90)/($L90+$M90) -> 1.1102515 | Z90: =($L90+$M90)/$F90 -> 17.233333
G91: 65
A92: NO | B92: PELAYANAN | C92: RAWAT INAP | D92: KLAS PERAWATAN | E92: PERIODE | F92: TT (T) | G92: PX AWAL | H92: PX MASUK | I92: PX PINDAHAN | J92: JUMLAH (1+2+3) | K92: PX DI PINDAHKAN | L92: PX KELUAR HIDUP | M92: PX MATI | N92: KURANG 48 JAM | O92: LEBIH 48 JAM | P92: JUMLAH (5+6+7) | Q92: LAMA DI RAWAT | R92: PX KELUAR/MASUK HR SAMA | S92: HARI PERAWATAN | T92: Px AKHIR | U92: KUNJUNGN | V92: O | W92: BOR (O/T) | X92: LOS | Y92: TOI | Z92: BTO
V93: (TT terpakai) | W93: (75%-85%) | X93: (3-12 hari) | Y93: (1-3 hr) | Z93: (30 px)
G95: 1 | H95: 2 | I95: 3 | J95: 4 | K95: 5 | L95: 6 | M95: 7 | N95: 8 | O95: 9 | P95: 10 | Q95: 11 | R95: 12 | S95: 13 | T95: 14 | V95: 15 | W95: 16 | X95: 17 | Y95: 18 | Z95: 19
A96: 1 | B96: INTENSIVE | C96: ICU | D96: I | E96: =+JAN!E96+FEBRUARI!E96+MARET!E96 -> 90 | F96: 14 | G96: =JAN!G96 -> 17 | H96: =+JAN!H96+FEBRUARI!H96+MARET!H96 -> 41 | I96: =+JAN!I96+FEBRUARI!I96+MARET!I96 -> 274 | J96: =+G96+H96+I96 -> 332 | K96: =+JAN!K96+FEBRUARI!K96+MARET!K96 -> 277 | L96: =+JAN!L96+FEBRUARI!L96+MARET!L96 -> 0 | M96: =+N96+O96 -> 45 | N96: =+JAN!N96+FEBRUARI!N96+MARET!N96 -> 5 | O96: =+JAN!O96+FEBRUARI!O96+MARET!O96 -> 40 | P96: =+K96+L96+M96 -> 322 | Q96: =+JAN!Q96+FEBRUARI!Q96+MARET!Q96 -> 404 | R96: =+JAN!R96+FEBRUARI!R96+MARET!R96 -> 1 | S96: =+JAN!S96+FEBRUARI!S96+MARET!S96 -> 932 | T96: =J96-P96 -> 10 | U96: =L96+M96 -> 45 | V96: =$S96/$E96 -> 10.355556 | W96: =$V96/$F96*100 -> 73.968254 | X96: =$S96/($L96+$M96) -> 20.711111 | Y96: =(($F96-$V96)*$E96)/($L96+$M96) -> 7.2888889 | Z96: =($L96+$M96)/$F96 -> 3.2142857
C97: ICU | D97: I | E97: =+JAN!E97+FEBRUARI!E97+MARET!E97 -> 90 | F97: 14 | G97: =JAN!G97 -> 17 | H97: =+JAN!H97+FEBRUARI!H97+MARET!H97 -> 41 | I97: =+JAN!I97+FEBRUARI!I97+MARET!I97 -> 274 | J97: =+G97+H97+I97 -> 332 | K97: =+JAN!K97+FEBRUARI!K97+MARET!K97 -> 277 | L97: =+JAN!L97+FEBRUARI!L97+MARET!L97 -> 0 | M97: =+N97+O97 -> 45 | N97: =+JAN!N97+FEBRUARI!N97+MARET!N97 -> 5 | O97: =+JAN!O97+FEBRUARI!O97+MARET!O97 -> 40 | P97: =+K97+L97+M97 -> 322 | Q97: =+JAN!Q97+FEBRUARI!Q97+MARET!Q97 -> 404 | R97: =+JAN!R97+FEBRUARI!R97+MARET!R97 -> 1 | S97: =+JAN!S97+FEBRUARI!S97+MARET!S97 -> 932 | T97: =J97-P97 -> 10 | U97: =L97+M97 -> 45 | V97: =$S97/$E97 -> 10.355556 | W97: =$V97/$F97*100 -> 73.968254 | X97: =$S97/($L97+$M97) -> 20.711111 | Y97: =(($F97-$V97)*$E97)/($L97+$M97) -> 7.2888889 | Z97: =($L97+$M97)/$F97 -> 3.2142857
A98: 2 | C98: ICCU | D98: I | E98: =+JAN!E98+FEBRUARI!E98+MARET!E98 -> 90 | F98: 5 | G98: =JAN!G98 -> 2 | H98: =+JAN!H98+FEBRUARI!H98+MARET!H98 -> 221 | I98: =+JAN!I98+FEBRUARI!I98+MARET!I98 -> 29 | J98: =+G98+H98+I98 -> 252 | K98: =+JAN!K98+FEBRUARI!K98+MARET!K98 -> 228 | L98: =+JAN!L98+FEBRUARI!L98+MARET!L98 -> 3 | M98: =+N98+O98 -> 16 | N98: =+JAN!N98+FEBRUARI!N98+MARET!N98 -> 14 | O98: =+JAN!O98+FEBRUARI!O98+MARET!O98 -> 2 | P98: =+K98+L98+M98 -> 247 | Q98: =+JAN!Q98+FEBRUARI!Q98+MARET!Q98 -> 23 | R98: =+JAN!R98+FEBRUARI!R98+MARET!R98 -> 5 | S98: =+JAN!S98+FEBRUARI!S98+MARET!S98 -> 314 | T98: =J98-P98 -> 5 | U98: =L98+M98 -> 19 | V98: =$S98/$E98 -> 3.4888889 | W98: =$V98/$F98*100 -> 69.777778 | X98: =$S98/($L98+$M98) -> 16.526316 | Y98: =(($F98-$V98)*$E98)/($L98+$M98) -> 7.1578947 | Z98: =($L98+$M98)/$F98 -> 3.8
C99: ICCU | D99: I | E99: =+JAN!E99+FEBRUARI!E99+MARET!E99 -> 90 | F99: 5 | G99: =JAN!G99 -> 2 | H99: =+JAN!H99+FEBRUARI!H99+MARET!H99 -> 221 | I99: =+JAN!I99+FEBRUARI!I99+MARET!I99 -> 29 | J99: =+G99+H99+I99 -> 252 | K99: =+JAN!K99+FEBRUARI!K99+MARET!K99 -> 228 | L99: =+JAN!L99+FEBRUARI!L99+MARET!L99 -> 3 | M99: =+N99+O99 -> 16 | N99: =+JAN!N99+FEBRUARI!N99+MARET!N99 -> 14 | O99: =+JAN!O99+FEBRUARI!O99+MARET!O99 -> 2 | P99: =+K99+L99+M99 -> 247 | Q99: =+JAN!Q99+FEBRUARI!Q99+MARET!Q99 -> 23 | R99: =+JAN!R99+FEBRUARI!R99+MARET!R99 -> 5 | S99: =+JAN!S99+FEBRUARI!S99+MARET!S99 -> 314 | T99: =J99-P99 -> 5 | U99: =L99+M99 -> 19 | V99: =$S99/$E99 -> 3.4888889 | W99: =$V99/$F99*100 -> 69.777778 | X99: =$S99/($L99+$M99) -> 16.526316 | Y99: =(($F99-$V99)*$E99)/($L99+$M99) -> 7.1578947 | Z99: =($L99+$M99)/$F99 -> 3.8
A100: 3 | C100: PICU | D100: I | E100: =+JAN!E100+FEBRUARI!E100+MARET!E100 -> 90 | F100: 3 | G100: =JAN!G100 -> 2 | H100: =+JAN!H100+FEBRUARI!H100+MARET!H100 -> 40 | I100: =+JAN!I100+FEBRUARI!I100+MARET!I100 -> 27 | J100: =+G100+H100+I100 -> 69 | K100: =+JAN!K100+FEBRUARI!K100+MARET!K100 -> 55 | L100: =+JAN!L100+FEBRUARI!L100+MARET!L100 -> 1 | M100: =+N100+O100 -> 10 | N100: =+JAN!N100+FEBRUARI!N100+MARET!N100 -> 5 | O100: =+JAN!O100+FEBRUARI!O100+MARET!O100 -> 5 | P100: =+K100+L100+M100 -> 66 | Q100: =+JAN!Q100+FEBRUARI!Q100+MARET!Q100 -> 64 | R100: =+JAN!R100+FEBRUARI!R100+MARET!R100 -> 0 | S100: =+JAN!S100+FEBRUARI!S100+MARET!S100 -> 186 | T100: =J100-P100 -> 3 | U100: =L100+M100 -> 11 | V100: =$S100/$E100 -> 2.0666667 | W100: =$V100/$F100*100 -> 68.888889 | X100: =$S100/($L100+$M100) -> 16.909091 | Y100: =(($F100-$V100)*$E100)/($L100+$M100) -> 7.6363636 | Z100: =($L100+$M100)/$F100 -> 3.6666667
C101: PICU | D101: I | E101: =+JAN!E101+FEBRUARI!E101+MARET!E101 -> 90 | F101: 3 | G101: =JAN!G101 -> 2 | H101: =+JAN!H101+FEBRUARI!H101+MARET!H101 -> 40 | I101: =+JAN!I101+FEBRUARI!I101+MARET!I101 -> 27 | J101: =+G101+H101+I101 -> 69 | K101: =+JAN!K101+FEBRUARI!K101+MARET!K101 -> 55 | L101: =+JAN!L101+FEBRUARI!L101+MARET!L101 -> 1 | M101: =+N101+O101 -> 10 | N101: =+JAN!N101+FEBRUARI!N101+MARET!N101 -> 5 | O101: =+JAN!O101+FEBRUARI!O101+MARET!O101 -> 5 | P101: =+K101+L101+M101 -> 66 | Q101: =+JAN!Q101+FEBRUARI!Q101+MARET!Q101 -> 64 | R101: =+JAN!R101+FEBRUARI!R101+MARET!R101 -> 0 | S101: =+JAN!S101+FEBRUARI!S101+MARET!S101 -> 186 | T101: =J101-P101 -> 3 | U101: =L101+M101 -> 11 | V101: =$S101/$E101 -> 2.0666667 | W101: =$V101/$F101*100 -> 68.888889 | X101: =$S101/($L101+$M101) -> 16.909091 | Y101: =(($F101-$V101)*$E101)/($L101+$M101) -> 7.6363636 | Z101: =($L101+$M101)/$F101 -> 3.6666667
A102: 4 | C102: NICU | D102: I | E102: =+JAN!E102+FEBRUARI!E102+MARET!E102 -> 90 | F102: 5 | G102: =JAN!G102 -> 5 | H102: =+JAN!H102+FEBRUARI!H102+MARET!H102 -> 30 | I102: =+JAN!I102+FEBRUARI!I102+MARET!I102 -> 49 | J102: =+G102+H102+I102 -> 84 | K102: =+JAN!K102+FEBRUARI!K102+MARET!K102 -> 59 | L102: =+JAN!L102+FEBRUARI!L102+MARET!L102 -> 1 | M102: =+N102+O102 -> 20 | N102: =+JAN!N102+FEBRUARI!N102+MARET!N102 -> 9 | O102: =+JAN!O102+FEBRUARI!O102+MARET!O102 -> 11 | P102: =+K102+L102+M102 -> 80 | Q102: =+JAN!Q102+FEBRUARI!Q102+MARET!Q102 -> 127 | R102: =+JAN!R102+FEBRUARI!R102+MARET!R102 -> 2 | S102: =+JAN!S102+FEBRUARI!S102+MARET!S102 -> 363 | T102: =J102-P102 -> 4 | U102: =L102+M102 -> 21 | V102: =$S102/$E102 -> 4.0333333 | W102: =$V102/$F102*100 -> 80.666667 | X102: =$S102/($L102+$M102) -> 17.285714 | Y102: =(($F102-$V102)*$E102)/($L102+$M102) -> 4.1428571 | Z102: =($L102+$M102)/$F102 -> 4.2
C103: NICU | D103: I | E103: =+JAN!E103+FEBRUARI!E103+MARET!E103 -> 90 | F103: 5 | G103: =JAN!G103 -> 5 | H103: =+JAN!H103+FEBRUARI!H103+MARET!H103 -> 30 | I103: =+JAN!I103+FEBRUARI!I103+MARET!I103 -> 49 | J103: =+G103+H103+I103 -> 84 | K103: =+JAN!K103+FEBRUARI!K103+MARET!K103 -> 59 | L103: =+JAN!L103+FEBRUARI!L103+MARET!L103 -> 1 | M103: =+N103+O103 -> 20 | N103: =+JAN!N103+FEBRUARI!N103+MARET!N103 -> 9 | O103: =+JAN!O103+FEBRUARI!O103+MARET!O103 -> 11 | P103: =+K103+L103+M103 -> 80 | Q103: =+JAN!Q103+FEBRUARI!Q103+MARET!Q103 -> 127 | R103: =+JAN!R103+FEBRUARI!R103+MARET!R103 -> 2 | S103: =+JAN!S103+FEBRUARI!S103+MARET!S103 -> 363 | T103: =J103-P103 -> 4 | U103: =L103+M103 -> 21 | V103: =$S103/$E103 -> 4.0333333 | W103: =$V103/$F103*100 -> 80.666667 | X103: =$S103/($L103+$M103) -> 17.285714 | Y103: =(($F103-$V103)*$E103)/($L103+$M103) -> 4.1428571 | Z103: =($L103+$M103)/$F103 -> 4.2
A104: 5 | C104: ICU MEDICAL | D104: I | E104: =+JAN!E104+FEBRUARI!E104+MARET!E104 -> 90 | F104: 4 | G104: =JAN!G104 -> 3 | H104: =+JAN!H104+FEBRUARI!H104+MARET!H104 -> 79 | I104: =+JAN!I104+FEBRUARI!I104+MARET!I104 -> 32 | J104: =+G104+H104+I104 -> 114 | K104: =+JAN!K104+FEBRUARI!K104+MARET!K104 -> 75 | L104: =+JAN!L104+FEBRUARI!L104+MARET!L104 -> 1 | M104: =+N104+O104 -> 37 | N104: =+JAN!N104+FEBRUARI!N104+MARET!N104 -> 26 | O104: =+JAN!O104+FEBRUARI!O104+MARET!O104 -> 11 | P104: =+K104+L104+M104 -> 113 | Q104: =+JAN!Q104+FEBRUARI!Q104+MARET!Q104 -> 86 | R104: =+JAN!R104+FEBRUARI!R104+MARET!R104 -> 7 | S104: =+JAN!S104+FEBRUARI!S104+MARET!S104 -> 231 | T104: =J104-P104 -> 1 | U104: =L104+M104 -> 38 | V104: =$S104/$E104 -> 2.5666667 | W104: =$V104/$F104*100 -> 64.166667 | X104: =$S104/($L104+$M104) -> 6.0789474 | Y104: =(($F104-$V104)*$E104)/($L104+$M104) -> 3.3947368 | Z104: =($L104+$M104)/$F104 -> 9.5
C105: ICU MEDICAL | D105: I | E105: =+JAN!E105+FEBRUARI!E105+MARET!E105 -> 90 | F105: 4 | G105: =JAN!G105 -> 3 | H105: =+JAN!H105+FEBRUARI!H105+MARET!H105 -> 79 | I105: =+JAN!I105+FEBRUARI!I105+MARET!I105 -> 32 | J105: =+G105+H105+I105 -> 114 | K105: =+JAN!K105+FEBRUARI!K105+MARET!K105 -> 75 | L105: =+JAN!L105+FEBRUARI!L105+MARET!L105 -> 1 | M105: =+N105+O105 -> 37 | N105: =+JAN!N105+FEBRUARI!N105+MARET!N105 -> 26 | O105: =+JAN!O105+FEBRUARI!O105+MARET!O105 -> 11 | P105: =+K105+L105+M105 -> 113 | Q105: =+JAN!Q105+FEBRUARI!Q105+MARET!Q105 -> 86 | R105: =+JAN!R105+FEBRUARI!R105+MARET!R105 -> 7 | S105: =+JAN!S105+FEBRUARI!S105+MARET!S105 -> 231 | T105: =J105-P105 -> 1 | U105: =L105+M105 -> 38 | V105: =$S105/$E105 -> 2.5666667 | W105: =$V105/$F105*100 -> 64.166667 | X105: =$S105/($L105+$M105) -> 6.0789474 | Y105: =(($F105-$V105)*$E105)/($L105+$M105) -> 3.3947368 | Z105: =($L105+$M105)/$F105 -> 9.5
...

Sheet APRIL
A1: DATA PELAYANAN RI RSD Dr.SOEBANDI JEMBER
A2: BULAN : APRIL 2026 | V2: s/e | W2: v/f*100 | X2: S/L+M | Y2: ((F-V)*E)/(LM) | Z2: L+M/F
A3: NO | B3: PELAYANAN | C3: RAWAT INAP | D3: KLAS PERAWATAN | E3: PERIODE | F3: TT (T) | G3: PX AWAL | H3: PX MASUK | I3: PX PINDAHAN | J3: JUMLAH (1+2+3) | K3: PX DI PINDAHKAN | L3: PX KELUAR HIDUP | M3: PX MATI | N3: KURANG 48 JAM | O3: LEBIH 48 JAM | P3: JUMLAH (5+6+7) | Q3: LAMA DI RAWAT | R3: PX KELUAR/MASUK HR SAMA | S3: HARI PERAWATAN | T3: Px AKHIR | U3: KUNJUNGN | V3: O | W3: BOR (O/T) | X3: LOS | Y3: TOI | Z3: BTO
V4: (TT terpakai) | W4: (75%-85%) | X4: (3-12 hari) | Y4: (1-3 hr) | Z4: (30 px)
G6: 1 | H6: 2 | I6: 3 | J6: 4 | K6: 5 | L6: 6 | M6: 7 | N6: 8 | O6: 9 | P6: 10 | Q6: 11 | R6: 12 | S6: 13 | T6: 14 | V6: 15 | W6: 16 | X6: 17 | Y6: 18 | Z6: 19 | AA6: VIP | AB6: I | AC6: II | AD6: III
A7: 1 | B7: RAWAT INAP UMUM | C7: ADENIUM | D7: III | E7: 30 | F7: 20 | G7: 23 | H7: 191 | I7: 18 | J7: 232 | K7: 7 | L7: 181 | M7: 22 | N7: 12 | O7: 10 | P7: 210 | Q7: 675 | R7: 5 | S7: 623 | T7: 22 | U7: 203 | V7: 20.766667 | W7: 103.83333 | X7: 3.0689655 | Y7: -0.11330049 | Z7: 10.15 | AA7: =+S31+S45+S53 -> 280 | AB7: =+S30+S34+S40+S44 -> 924 | AC7: =S35+S39+S47+S49 -> 460 | AD7: =+S8+S10+S12+S21+S23+S26+S28+S36+S48+S50+S56 -> 5206
C8: ADENIUM | E8: 30 | F8: 20 | G8: 23 | H8: 191 | I8: 18 | J8: 232 | K8: 7 | L8: 181 | M8: 22 | N8: 12 | O8: 10 | P8: 210 | Q8: 675 | R8: 5 | S8: 623 | T8: 22 | U8: 203 | V8: 20.766667 | W8: 103.83333 | X8: 3.0689655 | Y8: -0.11330049 | Z8: 10.15
A9: 2 | C9: ANTURIUM | D9: III | E9: 30 | F9: 16 | G9: 16 | H9: 103 | I9: 40 | J9: 159 | K9: 9 | L9: 121 | M9: 13 | N9: 3 | O9: 10 | P9: 143 | Q9: 535 | R9: 0 | S9: 462 | T9: 16 | U9: 134 | V9: 15.4 | W9: 96.25 | X9: 3.4477612 | Y9: 0.13432836 | Z9: 8.375
C10: ANTURIUM | E10: 30 | F10: 16 | G10: 16 | H10: 103 | I10: 40 | J10: 159 | K10: 9 | L10: 121 | M10: 13 | N10: 3 | O10: 10 | P10: 143 | Q10: 535 | R10: 0 | S10: 462 | T10: 16 | U10: 134 | V10: 15.4 | W10: 96.25 | X10: 3.4477612 | Y10: 0.13432836 | Z10: 8.375
A11: 3 | D11: II | E11: 30 | G11: 0 | H11: 0 | I11: 0 | J11: 0 | K11: 0 | L11: 0 | M11: 0 | N11: 0 | O11: 0 | P11: 0 | Q11: 0 | R11: 0 | S11: 0 | T11: 0 | U11: 0 | V11: 0 | W11: #DIV/0! | X11: #DIV/0! | Y11: #DIV/0! | Z11: #DIV/0!
C12: TULIP | D12: III | E12: 30 | F12: 12 | G12: 12 | H12: 93 | I12: 0 | J12: 105 | K12: 2 | L12: 88 | M12: 3 | N12: 0 | O12: 3 | P12: 93 | Q12: 348 | R12: 0 | S12: 334 | T12: 12 | U12: 91 | V12: 11.133333 | W12: 92.777778 | X12: 3.6703297 | Y12: 0.28571429 | Z12: 7.5833333
C13: TULIP | E13: 30 | F13: 12 | G13: 12 | H13: 93 | I13: 0 | J13: 105 | K13: 2 | L13: 88 | M13: 3 | N13: 0 | O13: 3 | P13: 93 | Q13: 348 | R13: 0 | S13: 334 | T13: 12 | U13: 91 | V13: 11.133333 | W13: 92.777778 | X13: 3.6703297 | Y13: 0.28571429 | Z13: 7.5833333
A14: 4 | C14: ASTER | D14: II | E14: 30 | F14: 2 | G14: 1 | H14: 11 | I14: 6 | J14: 18 | K14: 2 | L14: 14 | M14: 0 | N14: 0 | O14: 0 | P14: 16 | Q14: 60 | R14: 0 | S14: 52 | T14: 2 | U14: 14 | V14: 1.7333333 | W14: 86.666667 | X14: 3.7142857 | Y14: 0.57142857 | Z14: 7
C15: ASTER | D15: III | E15: 30 | F15: 17 | G15: 13 | H15: 120 | I15: 17 | J15: 150 | K15: 11 | L15: 124 | M15: 2 | N15: 1 | O15: 1 | P15: 137 | Q15: 459 | R15: 1 | S15: 465 | T15: 13 | U15: 126 | V15: 15.5 | W15: 91.176471 | X15: 3.6904762 | Y15: 0.35714286 | Z15: 7.4117647
C16: ASTER | D16: ISOLASI | E16: 30 | F16: 5 | G16: 5 | H16: 24 | I16: 6 | J16: 35 | K16: 2 | L16: 29 | M16: 0 | N16: 0 | O16: 0 | P16: 31 | Q16: 139 | R16: 0 | S16: 116 | T16: 4 | U16: 29 | V16: 3.8666667 | W16: 77.333333 | X16: 4 | Y16: 1.1724138 | Z16: 5.8
C17: ASTER | E17: 30 | F17: 24 | G17: 19 | H17: 155 | I17: 29 | J17: 203 | K17: 15 | L17: 167 | M17: 2 | N17: 1 | O17: 1 | P17: 184 | Q17: 658 | R17: 1 | S17: 633 | T17: 19 | U17: 169 | V17: 21.1 | W17: 87.916667 | X17: 3.7455621 | Y17: 0.5147929 | Z17: 7.0416667
A18: 5 | C18: MELATI | D18: ATAS ISOLASI | E18: 30 | F18: 4 | G18: 0 | H18: 0 | I18: 0 | J18: 0 | K18: 0 | L18: 0 | N18: 0 | O18: 0 | P18: 0 | Q18: 0 | R18: 0 | S18: 0 | T18: 0 | U18: 0 | V18: 0 | W18: 0 | X18: #DIV/0! | Y18: #DIV/0! | Z18: 0
C19: MELATI | D19: ATAS III | E19: 30 | F19: 15 | G19: 17 | H19: 138 | I19: 17 | J19: 172 | K19: 16 | L19: 108 | M19: 29 | N19: 15 | O19: 14 | P19: 153 | Q19: 596 | R19: 1 | S19: 560 | T19: 19 | U19: 137 | V19: 18.666667 | W19: 124.44444 | X19: 4.0875912 | Y19: -0.80291971 | Z19: 9.1333333
C20: MELATI | D20: BAWAH III | E20: 30 | F20: 15 | G20: 14 | H20: 97 | I20: 26 | J20: 137 | K20: 21 | L20: 86 | M20: 16 | N20: 10 | O20: 6 | P20: 123 | Q20: 624 | R20: 1 | S20: 419 | T20: 14 | U20: 102 | V20: 13.966667 | W20: 93.111111 | X20: 4.1078431 | Y20: 0.30392157 | Z20: 6.8
C21: MELATI | E21: 30 | F21: 34 | G21: 31 | H21: 235 | I21: 43 | J21: 309 | K21: 37 | L21: 194 | M21: 45 | N21: 25 | O21: 20 | P21: 276 | Q21: 1220 | R21: 2 | S21: 979 | T21: 33 | U21: 239 | V21: 32.633333 | W21: 108.77778 | X21: 4.0962343 | Y21: -0.33054393 | Z21: 15.933333
A22: 6 | C22: SERUNI | D22: III | E22: 30 | F22: 24 | G22: 24 | H22: 201 | I22: 9 | J22: 234 | K22: 19 | L22: 192 | M22: 5 | N22: 3 | O22: 2 | P22: 216 | Q22: 684 | R22: 0 | S22: 653 | T22: 18 | U22: 197 | V22: 21.766667 | W22: 90.694444 | X22: 3.3147208 | Y22: 0.34010152 | Z22: 8.2083333
C23: SERUNI | E23: 30 | F23: 24 | G23: 24 | H23: 201 | I23: 9 | J23: 234 | K23: 19 | L23: 192 | M23: 5 | N23: 3 | O23: 2 | P23: 216 | Q23: 684 | R23: 0 | S23: 653 | T23: 18 | U23: 197 | V23: 21.766667 | W23: 90.694444 | X23: 3.3147208 | Y23: 0.34010152 | Z23: 8.2083333
A24: 7 | C24: MAWAR | D24: ISOLASI | E24: 30 | F24: 4 | G24: 0 | H24: 0 | I24: 0 | J24: 0 | K24: 0 | L24: 0 | N24: 0 | O24: 0 | P24: 0 | Q24: 0 | R24: 0 | S24: 0 | T24: 0 | U24: 0 | V24: 0 | W24: 0 | X24: #DIV/0! | Y24: #DIV/0! | Z24: 0
C25: MAWAR | D25: III | E25: 30 | F25: 16 | G25: 18 | H25: 155 | I25: 8 | J25: 181 | K25: 9 | L25: 143 | M25: 13 | N25: 4 | O25: 9 | P25: 165 | Q25: 603 | R25: 1 | S25: 523 | T25: 16 | U25: 156 | V25: 17.433333 | W25: 108.95833 | X25: 3.3525641 | Y25: -0.27564103 | Z25: 9.75
C26: MAWAR | E26: 30 | F26: 20 | G26: 18 | H26: 155 | I26: 8 | J26: 181 | K26: 9 | L26: 143 | M26: 13 | N26: 4 | O26: 9 | P26: 165 | Q26: 603 | R26: 1 | S26: 523 | T26: 16 | U26: 156 | V26: 17.433333 | W26: 87.166667 | X26: 3.3525641 | Y26: 0.49358974 | Z26: 7.8
A27: 8 | C27: GARDENA | D27: III | E27: 30 | F27: 20 | G27: 20 | H27: 177 | I27: 4 | J27: 201 | K27: 17 | L27: 161 | M27: 8 | N27: 5 | O27: 3 | P27: 186 | Q27: 560 | R27: 0 | S27: 546 | T27: 15 | U27: 169 | V27: 18.2 | W27: 91 | X27: 3.2307692 | Y27: 0.31952663 | Z27: 8.45
C28: GARDENA | E28: 30 | F28: 20 | G28: 20 | H28: 177 | I28: 4 | J28: 201 | K28: 17 | L28: 161 | M28: 8 | N28: 5 | O28: 3 | P28: 186 | Q28: 560 | R28: 0 | S28: 546 | T28: 15 | U28: 169 | V28: 18.2 | W28: 91 | X28: 3.2307692 | Y28: 0.31952663 | Z28: 8.45
C29: BOGENVILE | D29: ISOLASI | E29: 30 | F29: 1 | G29: 0 | H29: 0 | I29: 0 | J29: 0 | K29: 0 | L29: 0 | N29: 0 | O29: 0 | P29: 0 | Q29: 0 | R29: 0 | S29: 0 | T29: 0 | U29: 0 | V29: 0 | W29: 0 | X29: #DIV/0! | Y29: #DIV/0! | Z29: 0
A30: 9 | C30: BOGENVILE | D30: I | E30: 30 | F30: 3 | G30: 2 | H30: 28 | I30: 9 | J30: 39 | K30: 7 | L30: 26 | M30: 2 | N30: 1 | O30: 1 | P30: 35 | Q30: 116 | R30: 0 | S30: 112 | T30: 4 | U30: 28 | V30: 3.7333333 | W30: 124.44444 | X30: 4 | Y30: -0.78571429 | Z30: 9.3333333
C31: BOGENVILE | D31: PAV | E31: 30 | F31: 8 | G31: 4 | H31: 37 | I31: 8 | J31: 49 | K31: 9 | L31: 34 | M31: 0 | N31: 0 | O31: 0 | P31: 43 | Q31: 117 | R31: 0 | S31: 129 | T31: 6 | U31: 34 | V31: 4.3 | W31: 53.75 | X31: 3.7941176 | Y31: 3.2647059 | Z31: 4.25
C32: BOGENVILE | E32: 30 | F32: 12 | G32: 6 | H32: 65 | I32: 17 | J32: 88 | K32: 16 | L32: 60 | M32: 2 | N32: 1 | O32: 1 | P32: 78 | Q32: 233 | R32: 0 | S32: 241 | T32: 10 | U32: 62 | V32: 8.0333333 | W32: 66.944444 | X32: 3.8870968 | Y32: 1.9193548 | Z32: 5.1666667
A33: 10 | C33: ALAMANDA | D33: ISOLASI | E33: 30 | F33: 1 | G33: 1 | H33: 0 | I33: 0 | J33: 1 | K33: 1 | L33: 0 | N33: 0 | O33: 0 | P33: 1 | Q33: 0 | R33: 0 | S33: 0 | T33: 0 | U33: 0 | V33: 0 | W33: 0 | X33: #DIV/0! | Y33: #DIV/0! | Z33: 0
C34: ALAMANDA | D34: I | E34: 30 | F34: 2 | G34: 2 | H34: 16 | I34: 12 | J34: 30 | K34: 4 | L34: 22 | M34: 2 | N34: 1 | O34: 1 | P34: 28 | Q34: 97 | R34: 0 | S34: 74 | T34: 2 | U34: 24 | V34: 2.4666667 | W34: 123.33333 | X34: 3.0833333 | Y34: -0.58333333 | Z34: 12
C35: ALAMANDA | D35: II | E35: 30 | F35: 4 | G35: 4 | H35: 26 | I35: 1 | J35: 31 | K35: 3 | L35: 22 | M35: 2 | N35: 2 | O35: 0 | P35: 27 | Q35: 96 | R35: 0 | S35: 101 | T35: 4 | U35: 24 | V35: 3.3666667 | W35: 84.166667 | X35: 4.2083333 | Y35: 0.79166667 | Z35: 6
C36: ALAMANDA | D36: III | E36: 30 | F36: 12 | G36: 12 | H36: 75 | I36: 9 | J36: 96 | K36: 5 | L36: 78 | M36: 2 | N36: 2 | O36: 0 | P36: 85 | Q36: 299 | R36: 0 | S36: 307 | T36: 11 | U36: 80 | V36: 10.233333 | W36: 85.277778 | X36: 3.8375 | Y36: 0.6625 | Z36: 6.6666667
C37: ALAMANDA | E37: 30 | F37: 19 | G37: 19 | H37: 117 | I37: 22 | J37: 158 | K37: 13 | L37: 122 | M37: 6 | N37: 5 | O37: 1 | P37: 141 | Q37: 492 | R37: 0 | S37: 482 | T37: 17 | U37: 128 | V37: 16.066667 | W37: 84.561404 | X37: 3.765625 | Y37: 0.6875 | Z37: 6.7368421
A38: 11 | C38: CATHALIA | D38: CA ISOLASI | E38: 30 | F38: 6 | G38: 0 | H38: 0 | I38: 0 | J38: 0 | K38: 0 | L38: 0 | M38: 0 | N38: 0 | O38: 0 | P38: 0 | Q38: 0 | R38: 0 | S38: 0 | T38: 0 | U38: 0 | V38: 0 | W38: 0 | X38: #DIV/0! | Y38: #DIV/0! | Z38: 0
C39: CATHALIA | D39: CATALYA ATAS | E39: 30 | F39: 8 | G39: 13 | H39: 80 | I39: 18 | J39: 111 | K39: 5 | L39: 89 | M39: 6 | N39: 0 | O39: 6 | P39: 100 | Q39: 405 | R39: 0 | S39: 339 | T39: 11 | U39: 95 | V39: 11.3 | W39: 141.25 | X39: 3.5684211 | Y39: -1.0421053 | Z39: 11.875
C40: CATHALIA | D40: CATALYA BAWAH | E40: 30 | F40: 14 | G40: 14 | H40: 110 | I40: 6 | J40: 130 | K40: 13 | L40: 102 | M40: 6 | N40: 2 | O40: 4 | P40: 121 | Q40: 364 | R40: 0 | S40: 345 | T40: 9 | U40: 108 | V40: 11.5 | W40: 82.142857 | X40: 3.1944444 | Y40: 0.69444444 | Z40: 7.7142857
J41: 0 | M41: 0 | P41: 0 | T41: 0 | U41: 0 | V41: #DIV/0! | W41: #DIV/0! | X41: #DIV/0! | Y41: #DIV/0! | Z41: #DIV/0!
C42: CATHALIA | E42: 30 | F42: 28 | G42: 27 | H42: 190 | I42: 24 | J42: 241 | K42: 18 | L42: 191 | M42: 12 | N42: 2 | O42: 10 | P42: 221 | Q42: 769 | R42: 0 | S42: 684 | T42: 20 | U42: 203 | V42: 22.8 | W42: 81.428571 | X42: 3.3694581 | Y42: 0.76847291 | Z42: 7.25
C43: NUSA INDAH | D43: ISOLASI | E43: 30 | F43: 2 | G43: 0 | H43: 0 | I43: 0 | J43: 0 | K43: 0 | L43: 0 | N43: 0 | O43: 0 | P43: 0 | Q43: 0 | R43: 0 | S43: 0 | T43: 0 | U43: 0 | V43: 0 | W43: 0 | X43: #DIV/0! | Y43: #DIV/0! | Z43: 0
A44: 12 | C44: NUSA INDAH | D44: I | E44: 30 | F44: 13 | G44: 14 | H44: 112 | I44: 10 | J44: 136 | K44: 5 | L44: 115 | M44: 6 | N44: 3 | O44: 3 | P44: 126 | Q44: 452 | R44: 1 | S44: 393 | T44: 10 | U44: 121 | V44: 13.1 | W44: 100.76923 | X44: 3.2479339 | Y44: -0.024793388 | Z44: 9.3076923
C45: NUSA INDAH | D45: VIP | E45: 30 | F45: 2 | G45: 0 | H45: 3 | I45: 1 | J45: 4 | K45: 1 | L45: 3 | M45: 0 | N45: 0 | O45: 0 | P45: 4 | Q45: 14 | R45: 0 | S45: 12 | T45: 0 | U45: 3 | V45: 0.4 | W45: 20 | X45: 4 | Y45: 16 | Z45: 1.5
C46: NUSA INDAH | E46: 30 | F46: 17 | G46: 14 | H46: 115 | I46: 11 | J46: 140 | K46: 6 | L46: 118 | M46: 6 | N46: 3 | O46: 3 | P46: 130 | Q46: 466 | R46: 1 | S46: 405 | T46: 10 | U46: 124 | V46: 13.5 | W46: 79.411765 | X46: 3.266129 | Y46: 0.84677419 | Z46: 7.2941176
A47: 13 | C47: SAKURA | D47: TB MDR II | E47: 30 | F47: 2 | G47: 1 | H47: 0 | I47: 1 | J47: 2 | K47: 0 | L47: 2 | M47: 0 | N47: 0 | O47: 0 | P47: 2 | Q47: 9 | R47: 0 | S47: 1 | T47: 0 | U47: 2 | V47: 0.033333333 | W47: 1.6666667 | X47: 0.5 | Y47: 29.5 | Z47: 1
C48: SAKURA | D48: TB MDR III | E48: 30 | F48: 3 | G48: 0 | H48: 13 | I48: 1 | J48: 14 | K48: 2 | L48: 6 | M48: 5 | N48: 3 | O48: 2 | P48: 13 | Q48: 34 | R48: 0 | S48: 35 | T48: 1 | U48: 11 | V48: 1.1666667 | W48: 38.888889 | X48: 3.1818182 | Y48: 5 | Z48: 3.6666667
C49: SAKURA | D49: TB PARU II | E49: 30 | F49: 2 | G49: 0 | H49: 5 | I49: 1 | J49: 6 | K49: 1 | L49: 1 | M49: 3 | N49: 1 | O49: 2 | P49: 5 | Q49: 18 | R49: 0 | S49: 19 | T49: 1 | U49: 4 | V49: 0.63333333 | W49: 31.666667 | X49: 4.75 | Y49: 10.25 | Z49: 2
C50: SAKURA | D50: TB PARU III | E50: 30 | F50: 10 | G50: 5 | H50: 56 | I50: 7 | J50: 68 | K50: 6 | L50: 45 | M50: 8 | N50: 3 | O50: 5 | P50: 59 | Q50: 249 | R50: 2 | S50: 250 | T50: 9 | U50: 53 | V50: 8.3333333 | W50: 83.333333 | X50: 4.7169811 | Y50: 0.94339623 | Z50: 5.3
C51: SAKURA | E51: 30 | F51: 17 | G51: 6 | H51: 74 | I51: 10 | J51: 90 | K51: 9 | L51: 54 | M51: 16 | N51: 7 | O51: 9 | P51: 79 | Q51: 310 | R51: 2 | S51: 305 | T51: 11 | U51: 70 | V51: 10.166667 | W51: 59.803922 | X51: 4.3571429 | Y51: 2.9285714 | Z51: 4.1176471
A53: 14 | C53: ANGGREK | D53: VIP | E53: 30 | F53: 8 | G53: 6 | H53: 38 | I53: 2 | J53: 46 | K53: 2 | L53: 40 | M53: 0 | N53: 0 | O53: 0 | P53: 42 | Q53: 155 | R53: 0 | S53: 139 | T53: 4 | U53: 40 | V53: 4.6333333 | W53: 57.916667 | X53: 3.475 | Y53: 2.525 | Z53: 5
C54: ANGGREK | D54: VIP | E54: 30 | F54: 8 | G54: 6 | H54: 38 | I54: 2 | J54: 46 | K54: 2 | L54: 40 | M54: 0 | N54: 0 | O54: 0 | P54: 42 | Q54: 155 | R54: 0 | S54: 139 | T54: 4 | U54: 40 | V54: 4.6333333 | W54: 57.916667 | X54: 3.475 | Y54: 2.525 | Z54: 5
C55: LAVENDER | D55: ISOLASI | E55: 30 | F55: 4 | G55: 0 | H55: 0 | I55: 0 | K55: 0 | L55: 0 | N55: 0 | O55: 0 | Q55: 0 | R55: 0 | S55: 0 | T55: 0 | U55: 0 | V55: 0 | W55: 0 | X55: #DIV/0! | Y55: #DIV/0! | Z55: 0
A56: 15 | C56: LAVENDER | D56: III | E56: 30 | F56: 14 | G56: 16 | H56: 145 | I56: 12 | J56: 173 | K56: 9 | L56: 129 | M56: 17 | N56: 11 | O56: 6 | P56: 155 | Q56: 538 | R56: 2 | S56: 494 | T56: 18 | U56: 146 | V56: 16.466667 | W56: 117.61905 | X56: 3.3835616 | Y56: -0.50684932 | Z56: 10.428571
C57: LAVENDER | E57: 30 | F57: 18 | G57: 16 | H57: 145 | I57: 12 | J57: 173 | K57: 9 | L57: 129 | M57: 17 | N57: 11 | O57: 6 | P57: 155 | Q57: 538 | R57: 2 | S57: 494 | T57: 18 | U57: 146 | V57: 16.466667 | W57: 91.481481 | X57: 3.3835616 | Y57: 0.31506849 | Z57: 8.1111111
C58: DAHLIA IBU | D58: PAV | E58: 30 | T58: 0 | U58: 0 | V58: 0 | W58: #DIV/0! | X58: #DIV/0! | Y58: #DIV/0! | Z58: #DIV/0!
A59: 16 | D59: I | E59: 30 | F59: 3 | G59: 4 | H59: 30 | I59: 27 | J59: 61 | K59: 48 | L59: 12 | M59: 1 | N59: 0 | O59: 1 | P59: 61 | Q59: 41 | R59: 0 | S59: 41 | T59: 0 | U59: 13 | V59: 1.3666667 | W59: 45.555556 | X59: 3.1538462 | Y59: 3.7692308 | Z59: 4.3333333
D60: II | E60: 30 | F60: 8 | G60: 9 | H60: 80 | I60: 98 | J60: 187 | K60: 159 | L60: 21 | M60: 1 | N60: 1 | O60: 0 | P60: 181 | Q60: 47 | R60: 0 | S60: 185 | T60: 6 | U60: 22 | V60: 6.1666667 | W60: 77.083333 | X60: 8.4090909 | Y60: 2.5 | Z60: 2.75
D61: III | E61: 30 | F61: 25 | G61: 27 | H61: 347 | I61: 275 | J61: 649 | K61: 85 | L61: 540 | M61: 1 | N61: 1 | O61: 0 | P61: 626 | Q61: 1220 | R61: 55 | S61: 747 | T61: 23 | U61: 541 | V61: 24.9 | W61: 99.6 | X61: 1.3807763 | Y61: 0.0055452865 | Z61: 21.64
C62: DAHLIA IBU | E62: 30 | F62: 36 | G62: 40 | H62: 457 | I62: 400 | J62: 897 | K62: 292 | L62: 573 | M62: 3 | N62: 2 | O62: 1 | P62: 868 | Q62: 1308 | R62: 55 | S62: 973 | T62: 29 | U62: 576 | V62: 32.433333 | W62: 90.092593 | X62: 1.6892361 | Y62: 0.18576389 | Z62: 16
A63: 17
F64: 0 | G64: 0 | H64: 0 | I64: 0 | J64: 0 | K64: 0 | L64: 0 | M64: 0 | N64: 0 | O64: 0 | P64: 0 | Q64: 0 | R64: 0 | S64: 0 | T64: 0 | U64: 0 | V64: #DIV/0! | W64: #DIV/0! | X64: #DIV/0! | Y64: #DIV/0! | Z64: #DIV/0!
A65: TOTAL RAWAT INAP UMUM | E65: 30 | F65: 325 | G65: 297 | H65: 2511 | I65: 649 | J65: 3457 | K65: 480 | L65: 2534 | M65: 173 | N65: 84 | O65: 89 | P65: 3187 | Q65: 9554 | R65: 69 | S65: 8476 | T65: 270 | U65: 2707 | V65: 282.53333 | W65: 86.933333 | X65: 3.1311415 | Y65: 0.4706317 | Z65: 8.3292308
A66: SK KHUSUS COVID
A67: NO | B67: PELAYANAN | C67: RAWAT INAP | D67: KLAS PERAWATAN | E67: PERIODE | F67: TT (T) | G67: PX AWAL | H67: PX MASUK | I67: PX PINDAHAN | J67: JUMLAH (1+2+3) | K67: PX DI PINDAHKAN | L67: PX KELUAR HIDUP | M67: PX MATI | N67: KURANG 48 JAM | O67: LEBIH 48 JAM | P67: JUMLAH (5+6+7) | Q67: LAMA DI RAWAT | R67: PX KELUAR/MASUK HR SAMA | S67: HARI PERAWATAN | T67: Px AKHIR | U67: KUNJUNGN | V67: O | W67: BOR (O/T) | X67: LOS | Y67: TOI | Z67: BTO
V68: (TT terpakai) | W68: (75%-85%) | X68: (3-12 hari) | Y68: (1-3 hr) | Z68: (30 px)
G70: 1 | H70: 2 | I70: 3 | J70: 4 | K70: 5 | L70: 6 | M70: 7 | N70: 8 | O70: 9 | P70: 10 | Q70: 11 | R70: 12 | S70: 13 | T70: 14 | V70: 15 | W70: 16 | X70: 17 | Y70: 18 | Z70: 19
A71: 1 | B71: ISOLASI | C71: PERINATOLOGI | D71: II | E71: 30 | G71: 0 | H71: 0 | I71: 0 | J71: 0 | K71: 0 | L71: 0 | M71: 0 | N71: 0 | O71: 0 | P71: 0 | Q71: 0 | R71: 0 | S71: 0 | T71: 0 | U71: 0 | V71: 0 | W71: #DIV/0! | X71: #DIV/0! | Y71: #DIV/0! | Z71: #DIV/0!
C72: PERINATOLOGI | E72: 30 | F72: 0 | G72: 0 | H72: 0 | I72: 0 | J72: 0 | K72: 0 | L72: 0 | M72: 0 | N72: 0 | O72: 0 | P72: 0 | Q72: 0 | R72: 0 | S72: 0 | T72: 0 | U72: 0 | V72: 0 | W72: 0 | X72: #DIV/0! | Y72: #DIV/0! | Z72: #DIV/0!
A73: 2 | C73: RICU ED | D73: I | E73: 30 | G73: 0 | H73: 0 | I73: 0 | J73: 0 | K73: 0 | L73: 0 | M73: 0 | N73: 0 | O73: 0 | P73: 0 | Q73: 0 | R73: 0 | S73: 0 | T73: 0 | U73: 0 | V73: 0 | W73: #DIV/0! | X73: #DIV/0! | Y73: #DIV/0! | Z73: #DIV/0!
C74: RICU ED | E74: 30 | F74: 0 | G74: 0 | H74: 0 | I74: 0 | J74: 0 | K74: 0 | L74: 0 | M74: 0 | N74: 0 | O74: 0 | P74: 0 | Q74: 0 | R74: 0 | S74: 0 | T74: 0 | U74: 0 | V74: 0 | W74: #DIV/0! | X74: #DIV/0! | Y74: #DIV/0! | Z74: #DIV/0!
A75: 3 | C75: LAVENDER | E75: 30 | G75: 0 | H75: 0 | I75: 0 | J75: 0 | K75: 0 | L75: 0 | M75: 0 | N75: 0 | O75: 0 | P75: 0 | Q75: 0 | R75: 0 | S75: 0 | T75: 0 | U75: 0 | V75: 0 | W75: #DIV/0! | X75: #DIV/0! | Y75: #DIV/0! | Z75: #DIV/0!
C76: LAVENDER | E76: 30 | F76: 0 | G76: 0 | H76: 0 | I76: 0 | J76: 0 | K76: 0 | L76: 0 | M76: 0 | N76: 0 | O76: 0 | P76: 0 | Q76: 0 | R76: 0 | S76: 0 | T76: 0 | U76: 0 | V76: 0 | W76: #DIV/0! | X76: #DIV/0! | Y76: #DIV/0! | Z76: #DIV/0!
A77: TOTAL ISOLASI | E77: 30 | F77: 0 | G77: 0 | H77: 0 | I77: 0 | J77: 0 | K77: 0 | L77: 0 | M77: 0 | N77: 0 | O77: 0 | P77: 0 | Q77: 0 | R77: 0 | S77: 0 | T77: 0 | U77: 0 | V77: 0 | W77: #DIV/0! | X77: #DIV/0! | Y77: #DIV/0! | Z77: #DIV/0!
A79: NO | B79: PELAYANAN | C79: RAWAT INAP | D79: KLAS PERAWATAN | E79: PERIODE | F79: TT (T) | G79: PX AWAL | H79: PX MASUK | I79: PX PINDAHAN | J79: JUMLAH (1+2+3) | K79: PX DI PINDAHKAN | L79: PX KELUAR HIDUP | M79: PX MATI | N79: KURANG 48 JAM | O79: LEBIH 48 JAM | P79: JUMLAH (5+6+7) | Q79: LAMA DI RAWAT | R79: PX KELUAR/MASUK HR SAMA | S79: HARI PERAWATAN | T79: Px AKHIR | U79: KUNJUNGN | V79: O | W79: BOR (O/T) | X79: LOS | Y79: TOI | Z79: BTO
V80: (TT terpakai) | W80: (75%-85%) | X80: (3-12 hari) | Y80: (1-3 hr) | Z80: (30 px)
G82: 1 | H82: 2 | I82: 3 | J82: 4 | K82: 5 | L82: 6 | M82: 7 | N82: 8 | O82: 9 | P82: 10 | Q82: 11 | R82: 12 | S82: 13 | T82: 14 | V82: 15 | W82: 16 | X82: 17 | Y82: 18 | Z82: 19
A83: 1 | B83: PERISTI | C83: PERINATOLOGI | D83: II | E83: 30 | F83: 30 | G83: 28 | H83: 194 | I83: 20 | J83: 242 | K83: 95 | L83: 118 | M83: 7 | N83: 5 | O83: 2 | P83: 220 | Q83: 701 | R83: 0 | S83: 719 | T83: 22 | U83: 125 | V83: 23.966667 | W83: 79.888889 | X83: 5.752 | Y83: 1.448 | Z83: 4.1666667
C84: PERINATOLOGI | E84: 30 | F84: 30 | G84: 28 | H84: 194 | I84: 20 | J84: 242 | K84: 95 | L84: 118 | M84: 7 | N84: 5 | O84: 2 | P84: 220 | Q84: 701 | R84: 0 | S84: 719 | T84: 22 | U84: 125 | V84: 23.966667 | W84: 79.888889 | X84: 5.752 | Y84: 1.448 | Z84: 4.1666667
D85: VIP | E85: 30 | G85: 0
A86: 2 | C86: DAHLIA BAYI | D86: I | E86: 30 | G86: 0 | H86: 0 | I86: 0 | J86: 0 | K86: 0 | L86: 0 | M86: 0 | N86: 0 | O86: 0 | P86: 0 | Q86: 0 | R86: 0 | S86: 0 | T86: 0 | U86: 0 | V86: 0 | W86: #DIV/0! | X86: #DIV/0! | Y86: #DIV/0! | Z86: #DIV/0!
D87: II | E87: 30 | G87: 0 | H87: 0 | I87: 0 | J87: 0 | K87: 0 | L87: 0 | M87: 0 | N87: 0 | O87: 0 | P87: 0 | Q87: 0 | R87: 0 | S87: 0 | T87: 0 | U87: 0 | V87: 0 | W87: #DIV/0! | X87: #DIV/0! | Y87: #DIV/0! | Z87: #DIV/0!
D88: III | E88: 30 | G88: 0 | H88: 0 | I88: 0 | J88: 0 | K88: 0 | L88: 0 | M88: 0 | N88: 0 | O88: 0 | P88: 0 | Q88: 0 | R88: 0 | S88: 0 | T88: 0 | U88: 0 | V88: 0 | W88: #DIV/0! | X88: #DIV/0! | Y88: #DIV/0! | Z88: #DIV/0!
C89: DAHLIA BAYI | E89: 30 | F89: 0 | G89: 0 | H89: 0 | I89: 0 | J89: 0 | K89: 0 | L89: 0 | M89: 0 | N89: 0 | O89: 0 | P89: 0 | Q89: 0 | R89: 0 | S89: 0 | T89: 0 | U89: 0 | V89: 0 | W89: #DIV/0! | X89: #DIV/0! | Y89: #DIV/0! | Z89: #DIV/0!
A90: TOTAL PERISTI | E90: 30 | F90: 30 | G90: 28 | H90: 194 | I90: 20 | J90: 242 | K90: 95 | L90: 118 | M90: 7 | N90: 5 | O90: 2 | P90: 220 | Q90: 701 | R90: 0 | S90: 719 | T90: 22 | U90: 125 | V90: 23.966667 | W90: 79.888889 | X90: 5.752 | Y90: 1.448 | Z90: 4.1666667
A92: NO | B92: PELAYANAN | C92: RAWAT INAP | D92: KLAS PERAWATAN | E92: PERIODE | F92: TT (T) | G92: PX AWAL | H92: PX MASUK | I92: PX PINDAHAN | J92: JUMLAH (1+2+3) | K92: PX DI PINDAHKAN | L92: PX KELUAR HIDUP | M92: PX MATI | N92: KURANG 48 JAM | O92: LEBIH 48 JAM | P92: JUMLAH (5+6+7) | Q92: LAMA DI RAWAT | R92: PX KELUAR/MASUK HR SAMA | S92: HARI PERAWATAN | T92: Px AKHIR | U92: KUNJUNGN | V92: O | W92: BOR (O/T) | X92: LOS | Y92: TOI | Z92: BTO
V93: (TT terpakai) | W93: (75%-85%) | X93: (3-12 hari) | Y93: (1-3 hr) | Z93: (30 px)
G95: 1 | H95: 2 | I95: 3 | J95: 4 | K95: 5 | L95: 6 | M95: 7 | N95: 8 | O95: 9 | P95: 10 | Q95: 11 | R95: 12 | S95: 13 | T95: 14 | V95: 15 | W95: 16 | X95: 17 | Y95: 18 | Z95: 19
A96: 1 | B96: INTENSIVE | C96: ICU | D96: I | E96: 30 | F96: 14 | G96: 10 | H96: 11 | I96: 111 | J96: 132 | K96: 103 | L96: 0 | M96: 18 | N96: 5 | O96: 13 | P96: 121 | Q96: 114 | R96: 0 | S96: 305 | T96: 11 | U96: 18 | V96: 10.166667 | W96: 72.619048 | X96: 16.944444 | Y96: 6.3888889 | Z96: 1.2857143 | AB96: =+S97+S99+S105 -> 481
C97: ICU | D97: I | E97: 30 | F97: 14 | G97: 10 | H97: 11 | I97: 111 | J97: 132 | K97: 103 | L97: 0 | M97: 18 | N97: 5 | O97: 13 | P97: 121 | Q97: 114 | R97: 0 | S97: 305 | T97: 11 | U97: 18 | V97: 10.166667 | W97: 72.619048 | X97: 16.944444 | Y97: 6.3888889 | Z97: 1.2857143
A98: 2 | C98: ICCU | D98: I | E98: 30 | F98: 5 | G98: 5 | H98: 64 | I98: 8 | J98: 77 | K98: 65 | L98: 0 | M98: 9 | N98: 8 | O98: 1 | P98: 74 | Q98: 13 | R98: 3 | S98: 105 | T98: 3 | U98: 9 | V98: 3.5 | W98: 70 | X98: 11.666667 | Y98: 5 | Z98: 1.8
C99: ICCU | D99: I | E99: 30 | F99: 5 | G99: 5 | H99: 64 | I99: 8 | J99: 77 | K99: 65 | L99: 0 | M99: 9 | N99: 8 | O99: 1 | P99: 74 | Q99: 13 | R99: 3 | S99: 105 | T99: 3 | U99: 9 | V99: 3.5 | W99: 70 | X99: 11.666667 | Y99: 5 | Z99: 1.8
A100: 3 | C100: PICU | D100: I | E100: 30 | F100: 3 | G100: 3 | H100: 4 | I100: 18 | J100: 25 | K100: 20 | L100: 0 | M100: 4 | N100: 1 | O100: 3 | P100: 24 | Q100: 23 | R100: 0 | S100: 67 | T100: 1 | U100: 4 | V100: 2.2333333 | W100: 74.444444 | X100: 16.75 | Y100: 5.75 | Z100: 1.3333333
C101: PICU | D101: I | E101: 30 | F101: 3 | G101: 3 | H101: 4 | I101: 18 | J101: 25 | K101: 20 | L101: 0 | M101: 4 | N101: 1 | O101: 3 | P101: 24 | Q101: 23 | R101: 0 | S101: 67 | T101: 1 | U101: 4 | V101: 2.2333333 | W101: 74.444444 | X101: 16.75 | Y101: 5.75 | Z101: 1.3333333
A102: 4 | C102: NICU | D102: I | E102: 30 | F102: 5 | G102: 5 | H102: 17 | I102: 18 | J102: 40 | K102: 21 | L102: 0 | M102: 15 | N102: 7 | O102: 8 | P102: 36 | Q102: 93 | R102: 4 | S102: 126 | T102: 4 | U102: 15 | V102: 4.2 | W102: 84 | X102: 8.4 | Y102: 1.6 | Z102: 3
C103: NICU | D103: I | E103: 30 | F103: 5 | G103: 5 | H103: 17 | I103: 18 | J103: 40 | K103: 21 | L103: 0 | M103: 15 | N103: 7 | O103: 8 | P103: 36 | Q103: 93 | R103: 4 | S103: 126 | T103: 4 | U103: 15 | V103: 4.2 | W103: 84 | X103: 8.4 | Y103: 1.6 | Z103: 3
A104: 5 | C104: ICU MEDICAL | D104: I | E104: 30 | F104: 4 | G104: 1 | H104: 21 | I104: 9 | J104: 31 | K104: 20 | L104: 0 | M104: 8 | N104: 5 | O104: 3 | P104: 28 | Q104: 39 | R104: 3 | S104: 71 | T104: 3 | U104: 8 | V104: 2.3666667 | W104: 59.166667 | X104: 8.875 | Y104: 6.125 | Z104: 2
C105: ICU MEDICAL | D105: I | E105: 30 | F105: 4 | G105: 1 | H105: 21 | I105: 9 | J105: 31 | K105: 20 | L105: 0 | M105: 8 | N105: 5 | O105: 3 | P105: 28 | Q105: 39 | R105: 3 | S105: 71 | T105: 3 | U105: 8 | V105: 2.3666667 | W105: 59.166667 | X105: 8.875 | Y105: 6.125 | Z105: 2
A106: 6 | C106: RICU ED | D106: I | E106: 30 | F106: 2 | G106: 1 | H106: 10 | I106: 4 | J106: 15 | K106: 8 | L106: 0 | M106: 6 | N106: 2 | O106: 4 | P106: 14 | Q106: 20 | R106: 0 | S106: 36 | T106: 1 | U106: 6 | V106: 1.2 | W106: 60 | X106: 6 | Y106: 4 | Z106: 3
C107: RICU ED | E107: 30 | F107: 2 | G107: 1 | H107: 10 | I107: 4 | J107: 15 | K107: 8 | L107: 0 | M107: 6 | N107: 2 | O107: 4 | P107: 14 | Q107: 20 | R107: 0 | S107: 36 | T107: 1 | U107: 6 | V107: 1.2 | W107: 60 | X107: 6 | Y107: 4 | Z107: 3
...

Sheet FEB
A1: DATA PELAYANAN RI RSD Dr.SOEBANDI JEMBER
A2: BULAN : FEBRUARI 2025 | V2: s/e | W2: v/f*100 | X2: S/L+M | Y2: ((F-V)*E)/(LM) | Z2: L+M/F
A3: NO | B3: PELAYANAN | C3: RAWAT INAP | D3: KLAS PERAWATAN | E3: PERIODE | F3: TT (T) | G3: PX AWAL | H3: PX MASUK | I3: PX PINDAHAN | J3: JUMLAH (1+2+3) | K3: PX DI PINDAHKAN | L3: PX KELUAR HIDUP | M3: PX MATI | N3: KURANG 48 JAM | O3: LEBIH 48 JAM | P3: JUMLAH (5+6+7) | Q3: LAMA DI RAWAT | R3: PX KELUAR/MASUK HR SAMA | S3: HARI PERAWATAN | T3: Px AKHIR | U3: KUNJUNGN | V3: O | W3: BOR (O/T) | X3: LOS | Y3: TOI | Z3: BTO
V4: (TT terpakai) | W4: (75%-85%) | X4: (3-12 hari) | Y4: (1-3 hr) | Z4: (30 px)
G6: 1 | H6: 2 | I6: 3 | J6: 4 | K6: 5 | L6: 6 | M6: 7 | N6: 8 | O6: 9 | P6: 10 | Q6: 11 | R6: 12 | S6: 13 | T6: 14 | V6: 15 | W6: 16 | X6: 17 | Y6: 18 | Z6: 19
A7: 1 | B7: RAWAT INAP UMUM | C7: ADENIUM/ASTER II | D7: III | E7: 28 | F7: 20 | G7: 13 | H7: 76 | I7: 7 | J7: 96 | K7: 5 | L7: 75 | M7: 2 | N7: 1 | O7: 1 | P7: 82 | Q7: 297 | R7: 1 | S7: 306 | T7: 14 | U7: 77 | V7: 10.928571 | W7: 54.642857 | X7: 3.974026 | Y7: 3.2987013 | Z7: 3.85
C8: ADENIUM | E8: 28 | F8: 20 | G8: 13 | H8: 76 | I8: 7 | J8: 96 | K8: 5 | L8: 75 | M8: 2 | N8: 1 | O8: 1 | P8: 82 | Q8: 297 | R8: 1 | S8: 306 | T8: 14 | U8: 77 | V8: 10.928571 | W8: 54.642857 | X8: 3.974026 | Y8: 3.2987013 | Z8: 3.85
A9: 2 | C9: ANTURIUM | D9: III | E9: 28 | F9: 16 | G9: 16 | H9: 81 | I9: 28 | J9: 125 | K9: 4 | L9: 95 | M9: 11 | N9: 6 | O9: 5 | P9: 110 | Q9: 427 | R9: 0 | S9: 416 | T9: 15 | U9: 106 | V9: 14.857143 | W9: 92.857143 | X9: 3.9245283 | Y9: 0.30188679 | Z9: 6.625
C10: ANTURIUM | E10: 28 | F10: 16 | G10: 16 | H10: 81 | I10: 28 | J10: 125 | K10: 4 | L10: 95 | M10: 11 | N10: 6 | O10: 5 | P10: 110 | Q10: 427 | R10: 0 | S10: 416 | T10: 15 | U10: 106 | V10: 14.857143 | W10: 92.857143 | X10: 3.9245283 | Y10: 0.30188679 | Z10: 6.625
A11: 3 | C11: TULIP | D11: II | E11: 28 | G11: 0 | H11: 0 | I11: 0 | J11: 0 | K11: 0 | L11: 0 | M11: 0 | N11: 0 | O11: 0 | P11: 0 | Q11: 0 | R11: 0 | S11: 0 | T11: 0 | U11: 0 | V11: 0 | W11: #DIV/0! | X11: #DIV/0! | Y11: #DIV/0! | Z11: #DIV/0!
D12: III | E12: 28 | F12: 12 | G12: 11 | H12: 56 | I12: 7 | J12: 74 | K12: 9 | L12: 50 | M12: 5 | N12: 3 | O12: 2 | P12: 64 | Q12: 225 | R12: 0 | S12: 254 | T12: 10 | U12: 55 | V12: 9.0714286 | W12: 75.595238 | X12: 4.6181818 | Y12: 1.4909091 | Z12: 4.5833333
C13: TULIP | E13: 28 | F13: 12 | G13: 11 | H13: 56 | I13: 7 | J13: 74 | K13: 9 | L13: 50 | M13: 5 | N13: 3 | O13: 2 | P13: 64 | Q13: 225 | R13: 0 | S13: 254 | T13: 10 | U13: 55 | V13: 9.0714286 | W13: 75.595238 | X13: 4.6181818 | Y13: 1.4909091 | Z13: 4.5833333
A14: 4 | C14: ASTER | D14: II | E14: 28 | F14: 2 | G14: 2 | H14: 3 | I14: 8 | J14: 13 | K14: 1 | L14: 10 | M14: 0 | N14: 0 | O14: 0 | P14: 11 | Q14: 41 | R14: 1 | S14: 40 | T14: 2 | U14: 10 | V14: 1.4285714 | W14: 71.428571 | X14: 4 | Y14: 1.6 | Z14: 5
D15: III | E15: 28 | F15: 17 | G15: 7 | H15: 84 | I15: 4 | J15: 95 | K15: 9 | L15: 68 | M15: 3 | N15: 2 | O15: 1 | P15: 80 | Q15: 299 | R15: 3 | S15: 327 | T15: 15 | U15: 71 | V15: 11.678571 | W15: 68.697479 | X15: 4.6056338 | Y15: 2.0985915 | Z15: 4.1764706
D16: ISOLASI | E16: 28 | F16: 5 | G16: 0 | H16: 5 | I16: 0 | J16: 5 | K16: 0 | L16: 3 | M16: 1 | N16: 1 | O16: 0 | P16: 4 | Q16: 8 | R16: 0 | S16: 12 | T16: 1 | U16: 4 | V16: 0.42857143 | W16: 8.5714286 | X16: 3 | Y16: 32 | Z16: 0.8 | AA16: AWAL | AB16: MASUK | AC16: PINDAHAN | AE16: DIPINDAHKAN | AF16: KLUAR HIDUP
C17: ASTER | E17: 28 | F17: 24 | G17: 9 | H17: 92 | I17: 12 | J17: 113 | K17: 10 | L17: 81 | M17: 4 | N17: 3 | O17: 1 | P17: 95 | Q17: 348 | R17: 4 | S17: 379 | T17: 18 | U17: 85 | V17: 13.535714 | W17: 56.39881 | X17: 4.4588235 | Y17: 3.4470588 | Z17: 3.5416667 | AA17: =+G8+G17 -> 22 | AB17: =+H8+H17 -> 168 | AC17: =+I8+I17 -> 19 | AD17: =+J8+J17 -> 209 | AE17: =+K8+K17 -> 15 | AF17: =+L8+L17 -> 156
A19: 5 | C19: MELATI | D19: ATAS III | E19: 28 | F19: 19 | G19: 14 | H19: 128 | I19: 11 | J19: 153 | K19: 19 | L19: 102 | M19: 18 | N19: 8 | O19: 10 | P19: 139 | Q19: 387 | R19: 8 | S19: 425 | T19: 14 | U19: 120 | V19: 15.178571 | W19: 79.887218 | X19: 3.5416667 | Y19: 0.89166667 | Z19: 6.3157895
D20: BAWAH III | E20: 28 | F20: 12 | G20: 4 | H20: 55 | I20: 22 | J20: 81 | K20: 23 | L20: 31 | M20: 20 | N20: 13 | O20: 7 | P20: 74 | Q20: 207 | R20: 5 | S20: 230 | T20: 7 | U20: 51 | V20: 8.2142857 | W20: 68.452381 | X20: 4.5098039 | Y20: 2.0784314 | Z20: 4.25
C21: MELATI | E21: 28 | F21: 31 | G21: 18 | H21: 183 | I21: 33 | J21: 234 | K21: 42 | L21: 133 | M21: 38 | N21: 21 | O21: 17 | P21: 213 | Q21: 594 | R21: 13 | S21: 655 | T21: 21 | U21: 171 | V21: 23.392857 | W21: 75.460829 | X21: 3.8304094 | Y21: 1.245614 | Z21: 10.565789
A22: 6 | C22: SERUNI | D22: III | E22: 28 | F22: 18 | G22: 13 | H22: 106 | I22: 14 | J22: 133 | K22: 12 | L22: 104 | M22: 7 | N22: 4 | O22: 3 | P22: 123 | Q22: 388 | R22: 1 | S22: 405 | T22: 10 | U22: 111 | V22: 14.464286 | W22: 80.357143 | X22: 3.6486486 | Y22: 0.89189189 | Z22: 6.1666667
C23: SERUNI | E23: 28 | F23: 18 | G23: 13 | H23: 106 | I23: 14 | J23: 133 | K23: 12 | L23: 104 | M23: 7 | N23: 4 | O23: 3 | P23: 123 | Q23: 388 | R23: 1 | S23: 405 | T23: 10 | U23: 111 | V23: 14.464286 | W23: 80.357143 | X23: 3.6486486 | Y23: 0.89189189 | Z23: 6.1666667
A25: 7 | C25: MAWAR | D25: III | E25: 28 | F25: 20 | G25: 14 | H25: 107 | I25: 22 | J25: 143 | K25: 9 | L25: 115 | M25: 7 | N25: 2 | O25: 5 | P25: 131 | Q25: 474 | R25: 6 | S25: 452 | T25: 12 | U25: 122 | V25: 16.142857 | W25: 80.714286 | X25: 3.704918 | Y25: 0.8852459 | Z25: 6.1
C26: MAWAR | E26: 28 | F26: 20 | G26: 14 | H26: 107 | I26: 22 | J26: 143 | K26: 9 | L26: 115 | M26: 7 | N26: 2 | O26: 5 | P26: 131 | Q26: 474 | R26: 6 | S26: 452 | T26: 12 | U26: 122 | V26: 16.142857 | W26: 80.714286 | X26: 3.704918 | Y26: 0.8852459 | Z26: 6.1
A27: 8 | C27: GARDENA | D27: III | E27: 28 | F27: 20 | G27: 14 | H27: 115 | I27: 9 | J27: 138 | K27: 11 | L27: 110 | M27: 4 | N27: 1 | O27: 3 | P27: 125 | Q27: 412 | R27: 2 | S27: 445 | T27: 13 | U27: 114 | V27: 15.892857 | W27: 79.464286 | X27: 3.9035088 | Y27: 1.0087719 | Z27: 5.7
C28: GARDENA | E28: 28 | F28: 20 | G28: 14 | H28: 115 | I28: 9 | J28: 138 | K28: 11 | L28: 110 | M28: 4 | N28: 1 | O28: 3 | P28: 125 | Q28: 412 | R28: 2 | S28: 445 | T28: 13 | U28: 114 | V28: 15.892857 | W28: 79.464286 | X28: 3.9035088 | Y28: 1.0087719 | Z28: 5.7
A30: 9 | C30: BOGENVILE | D30: I | E30: 28 | F30: 12 | G30: 10 | H30: 53 | I30: 10 | J30: 73 | K30: 6 | L30: 60 | M30: 1 | N30: 1 | O30: 0 | P30: 67 | Q30: 244 | R30: 0 | S30: 252 | T30: 6 | U30: 61 | V30: 9 | W30: 75 | X30: 4.1311475 | Y30: 1.3770492 | Z30: 5.0833333
C32: BOGENVILE | E32: 28 | F32: 12 | G32: 10 | H32: 53 | I32: 10 | J32: 73 | K32: 6 | L32: 60 | M32: 1 | N32: 1 | O32: 0 | P32: 67 | Q32: 244 | R32: 0 | S32: 252 | T32: 6 | U32: 61 | V32: 9 | W32: 75 | X32: 4.1311475 | Y32: 1.3770492 | Z32: 5.0833333
A34: 10 | C34: ALAMANDA | D34: I | E34: 28 | F34: 19 | G34: 6 | H34: 54 | I34: 7 | J34: 67 | K34: 9 | L34: 53 | M34: 0 | N34: 0 | O34: 0 | P34: 62 | Q34: 192 | R34: 1 | S34: 201 | T34: 5 | U34: 53 | V34: 7.1785714 | W34: 37.781955 | X34: 3.7924528 | Y34: 6.245283 | Z34: 2.7894737
E35: 0
E36: 0
C37: ALAMANDA | E37: 28 | F37: 19 | G37: 6 | H37: 54 | I37: 7 | J37: 67 | K37: 9 | L37: 53 | M37: 0 | N37: 0 | O37: 0 | P37: 62 | Q37: 192 | R37: 1 | S37: 201 | T37: 5 | U37: 53 | V37: 7.1785714 | W37: 37.781955 | X37: 3.7924528 | Y37: 6.245283 | Z37: 2.7894737
A38: 11 | C38: CATHALIA | D38: CA ISOLASI | E38: 28 | F38: 6 | G38: 3 | H38: 36 | I38: 2 | J38: 41 | K38: 5 | L38: 31 | M38: 1 | N38: 0 | O38: 1 | P38: 37 | Q38: 101 | R38: 0 | S38: 113 | T38: 4 | U38: 32 | V38: 4.0357143 | W38: 67.261905 | X38: 3.53125 | Y38: 1.71875 | Z38: 5.3333333
D39: CATALYA ATAS | E39: 28 | F39: 6 | G39: 2 | H39: 36 | I39: 6 | J39: 44 | K39: 4 | L39: 37 | M39: 0 | N39: 0 | O39: 0 | P39: 41 | Q39: 117 | R39: 1 | S39: 121 | T39: 3 | U39: 37 | V39: 4.3214286 | W39: 72.02381 | X39: 3.2702703 | Y39: 1.2702703 | Z39: 6.1666667
D40: CATALYA BAWAH | E40: 28 | F40: 14 | G40: 5 | H40: 79 | I40: 12 | J40: 96 | K40: 14 | L40: 65 | M40: 7 | N40: 6 | O40: 1 | P40: 86 | Q40: 236 | R40: 6 | S40: 290 | T40: 10 | U40: 72 | V40: 10.357143 | W40: 73.979592 | X40: 4.0277778 | Y40: 1.4166667 | Z40: 5.1428571
J41: 0 | M41: 0 | P41: 0 | T41: 0 | U41: 0 | V41: #DIV/0! | W41: #DIV/0! | X41: #DIV/0! | Y41: #DIV/0! | Z41: #DIV/0!
C42: CATHALIA | E42: 28 | F42: 26 | G42: 10 | H42: 151 | I42: 20 | J42: 181 | K42: 23 | L42: 133 | M42: 8 | N42: 6 | O42: 2 | P42: 164 | Q42: 454 | R42: 7 | S42: 524 | T42: 17 | U42: 141 | V42: 18.714286 | W42: 71.978022 | X42: 3.7163121 | Y42: 1.4468085 | Z42: 5.4230769
A44: 12 | C44: NUSA INDAH | D44: I | E44: 28 | F44: 15 | G44: 9 | H44: 61 | I44: 4 | J44: 74 | K44: 4 | L44: 55 | M44: 8 | N44: 5 | O44: 3 | P44: 67 | Q44: 242 | R44: 2 | S44: 227 | T44: 7 | U44: 63 | V44: 8.1071429 | W44: 54.047619 | X44: 3.6031746 | Y44: 3.0634921 | Z44: 4.2
D45: VIP | E45: 28 | F45: 2 | G45: 0 | H45: 2 | I45: 2 | J45: 4 | K45: 0 | L45: 2 | M45: 1 | N45: 0 | O45: 1 | P45: 3 | Q45: 12 | R45: 0 | S45: 13 | T45: 1 | U45: 3 | V45: 0.46428571 | W45: 23.214286 | X45: 4.3333333 | Y45: 14.333333 | Z45: 1.5 | AA45: =13+87 -> 100
C46: NUSA INDAH | E46: 28 | F46: 17 | G46: 9 | H46: 63 | I46: 6 | J46: 78 | K46: 4 | L46: 57 | M46: 9 | N46: 5 | O46: 4 | P46: 70 | Q46: 254 | R46: 2 | S46: 240 | T46: 8 | U46: 66 | V46: 8.5714286 | W46: 50.420168 | X46: 3.6363636 | Y46: 3.5757576 | Z46: 3.8823529
C47: SAKURA NON COVID | D47: TB MDR II | E47: 28 | F47: 2 | G47: 0 | H47: 0 | I47: 0 | J47: 0 | K47: 0 | L47: 0 | M47: 0 | N47: 0 | O47: 0 | P47: 0 | Q47: 0 | R47: 0 | S47: 0 | T47: 0 | U47: 0 | V47: 0 | W47: 0 | X47: #DIV/0! | Y47: #DIV/0! | Z47: 0
A48: 13 | D48: TB MDR III | E48: 28 | F48: 3 | G48: 1 | H48: 5 | I48: 2 | J48: 8 | K48: 1 | L48: 7 | M48: 0 | N48: 0 | O48: 0 | P48: 8 | Q48: 38 | R48: 0 | S48: 34 | T48: 0 | U48: 7 | V48: 1.2142857 | W48: 40.47619 | X48: 4.8571429 | Y48: 7.1428571 | Z48: 2.3333333
D49: TB PARU II | E49: 28 | F49: 2 | G49: 1 | H49: 0 | I49: 2 | J49: 3 | K49: 1 | L49: 2 | M49: 0 | N49: 0 | O49: 0 | P49: 3 | Q49: 9 | R49: 0 | S49: 8 | T49: 0 | U49: 2 | V49: 0.28571429 | W49: 14.285714 | X49: 4 | Y49: 24 | Z49: 1
D50: TB PARU III | E50: 28 | F50: 10 | G50: 3 | H50: 22 | I50: 5 | J50: 30 | K50: 5 | L50: 18 | M50: 6 | N50: 3 | O50: 3 | P50: 29 | Q50: 108 | R50: 0 | S50: 86 | T50: 1 | U50: 24 | V50: 3.0714286 | W50: 30.714286 | X50: 3.5833333 | Y50: 8.0833333 | Z50: 2.4
C51: SAKURA | E51: 28 | F51: 17 | G51: 5 | H51: 27 | I51: 9 | J51: 41 | K51: 7 | L51: 27 | M51: 6 | N51: 3 | O51: 3 | P51: 40 | Q51: 155 | R51: 0 | S51: 128 | T51: 1 | U51: 33 | V51: 4.5714286 | W51: 26.890756 | X51: 3.8787879 | Y51: 10.545455 | Z51: 1.9411765
A53: 14 | C53: ANGGREK | D53: VIP | E53: 28 | F53: 8 | G53: 3 | H53: 23 | I53: 4 | J53: 30 | K53: 2 | L53: 25 | M53: 2 | N53: 2 | O53: 0 | P53: 29 | Q53: 78 | R53: 1 | S53: 87 | T53: 1 | U53: 27 | V53: 3.1071429 | W53: 38.839286 | X53: 3.2222222 | Y53: 5.0740741 | Z53: 3.375
C54: ANGGREK | D54: VIP | E54: 28 | F54: 8 | G54: 3 | H54: 23 | I54: 4 | J54: 30 | K54: 2 | L54: 25 | M54: 2 | N54: 2 | O54: 0 | P54: 29 | Q54: 78 | R54: 1 | S54: 87 | T54: 1 | U54: 27 | V54: 3.1071429 | W54: 38.839286 | X54: 3.2222222 | Y54: 5.0740741 | Z54: 3.375
A56: 15 | C56: LAVENDER | D56: III | E56: 28 | F56: 16 | G56: 15 | H56: 86 | I56: 21 | J56: 122 | K56: 7 | L56: 90 | M56: 12 | N56: 2 | O56: 10 | P56: 109 | Q56: 393 | R56: 2 | S56: 391 | T56: 13 | U56: 102 | V56: 13.964286 | W56: 87.276786 | X56: 3.8333333 | Y56: 0.55882353 | Z56: 6.375
C57: LAVENDER | E57: 28 | F57: 16 | G57: 15 | H57: 86 | I57: 21 | J57: 122 | K57: 7 | L57: 90 | M57: 12 | N57: 2 | O57: 10 | P57: 109 | Q57: 393 | R57: 2 | S57: 391 | T57: 13 | U57: 102 | V57: 13.964286 | W57: 87.276786 | X57: 3.8333333 | Y57: 0.55882353 | Z57: 6.375
A59: 16 | C59: DAHLIA IBU | D59: I | E59: 28 | F59: 2 | G59: 0 | H59: 1 | I59: 3 | J59: 4 | K59: 0 | L59: 4 | M59: 0 | N59: 0 | O59: 0 | P59: 4 | Q59: 7 | R59: 0 | S59: 5 | T59: 0 | U59: 4 | V59: 0.17857143 | W59: 8.9285714 | X59: 1.25 | Y59: 12.75 | Z59: 2
D60: II | E60: 28 | F60: 10 | G60: 5 | H60: 18 | I60: 67 | J60: 90 | K60: 64 | L60: 24 | M60: 0 | N60: 0 | O60: 0 | P60: 88 | Q60: 59 | R60: 0 | S60: 110 | T60: 2 | U60: 24 | V60: 3.9285714 | W60: 39.285714 | X60: 4.5833333 | Y60: 7.0833333 | Z60: 2.4
D61: III | E61: 28 | F61: 21 | G61: 5 | H61: 59 | I61: 135 | J61: 199 | K61: 35 | L61: 157 | M61: 0 | N61: 0 | O61: 0 | P61: 192 | Q61: 429 | R61: 1 | S61: 290 | T61: 7 | U61: 157 | V61: 10.357143 | W61: 49.319728 | X61: 1.8471338 | Y61: 1.8980892 | Z61: 7.4761905
C62: DAHLIA IBU | E62: 28 | F62: 33 | G62: 10 | H62: 78 | I62: 205 | J62: 293 | K62: 99 | L62: 185 | M62: 0 | N62: 0 | O62: 0 | P62: 284 | Q62: 495 | R62: 1 | S62: 405 | T62: 9 | U62: 185 | V62: 14.464286 | W62: 43.831169 | X62: 2.1891892 | Y62: 2.8054054 | Z62: 5.6060606 | AA62: =G62 -> 10 | AB62: =H62 -> 78 | AC62: =I62 -> 205 | AD62: =J62 -> 293 | AE62: =K62 -> 99 | AF62: =L62 -> 185
A63: 17 | C63: HCU PERIN | D63: II | E63: 28 | F63: 2
C64: HCU PERIN | D64: II | E64: 28 | F64: 2 | G64: 0 | H64: 0 | I64: 0 | J64: 0 | K64: 0 | L64: 0 | M64: 0 | N64: 0 | O64: 0 | P64: 0 | Q64: 0 | R64: 0 | S64: 0 | T64: 0 | U64: 0 | V64: 0 | W64: 0 | X64: #DIV/0! | Y64: #DIV/0! | Z64: 0
A65: TOTAL RAWAT INAP UMUM | E65: 28 | F65: 311 | G65: 176 | H65: 1351 | I65: 414 | J65: 1941 | K65: 259 | L65: 1393 | M65: 116 | N65: 60 | O65: 56 | P65: 1768 | Q65: 5430 | R65: 41 | S65: 5540 | T65: 173 | U65: 1509 | V65: 197.85714 | W65: 63.61966 | X65: 3.6713055 | Y65: 2.0994036 | Z65: 4.85209
G66: 166 | W66: #REF! | X66: 3.6713055 | Y66: #REF! | Z66: #REF!
A67: SK KHUSUS COVID
A68: NO | B68: PELAYANAN | C68: RAWAT INAP | D68: KLAS PERAWATAN | E68: PERIODE | F68: TT | G68: PX AWAL | H68: PX MASUK | I68: PX PINDAHAN | J68: JUMLAH (1+2+3) | K68: PX DI PINDAHKAN | L68: PX KELUAR HIDUP | M68: PX MATI | N68: KURANG 48 JAM | O68: LEBIH 48 JAM | P68: JUMLAH (5+6+7) | Q68: LAMA DI RAWAT | R68: PX KELUAR/MASUK HR SAMA | S68: HARI PERAWATAN | T68: Px AKHIR | U68: KUNJUNGN | V68: O | W68: BOR | X68: LOS | Y68: TOI | Z68: BTO
V69: (TT terpakai) | W69: (75%-85%) | X69: (3-12 hari) | Y69: (1-3 hr) | Z69: (30 px)
G71: 1 | H71: 2 | I71: 3 | J71: 4 | K71: 5 | L71: 6 | M71: 7 | N71: 8 | O71: 9 | P71: 10 | Q71: 11 | R71: 12 | S71: 13 | T71: 14 | V71: 15 | W71: 16 | X71: 17 | Y71: 18 | Z71: 19
A72: 1 | B72: ISOLASI | C72: PERINATOLOGI | D72: II | E72: 28 | F72: 2 | G72: 0 | H72: 0 | I72: 0 | J72: 0 | K72: 0 | L72: 0 | M72: 0 | N72: 0 | O72: 0 | P72: 0 | Q72: 0 | R72: 0 | S72: 0 | T72: 0 | U72: 0 | V72: 0 | W72: 0 | X72: #DIV/0! | Y72: #DIV/0! | Z72: 0
C73: PERINATOLOGI | E73: 28 | F73: 2 | G73: 0 | H73: 0 | I73: 0 | J73: 0 | K73: 0 | L73: 0 | M73: 0 | N73: 0 | O73: 0 | P73: 0 | Q73: 0 | R73: 0 | S73: 0 | T73: 0 | U73: 0 | V73: 0 | W73: 0 | X73: #DIV/0! | Y73: #DIV/0! | Z73: 0
A74: 2 | C74: RICU ED | D74: I | E74: 28 | F74: 2 | G74: 0 | H74: 0 | I74: 0 | J74: 0 | K74: 0 | L74: 0 | M74: 0 | N74: 0 | O74: 0 | P74: 0 | Q74: 0 | R74: 0 | S74: 0 | T74: 0 | U74: 0 | V74: 0 | W74: 0 | X74: #DIV/0! | Y74: #DIV/0! | Z74: 0
C75: RICU ED | E75: 28 | F75: 2 | G75: 0 | H75: 0 | I75: 0 | J75: 0 | K75: 0 | L75: 0 | M75: 0 | N75: 0 | O75: 0 | P75: 0 | Q75: 0 | R75: 0 | S75: 0 | T75: 0 | U75: 0 | V75: 0 | W75: 0 | X75: #DIV/0! | Y75: #DIV/0! | Z75: 0
A76: 3 | C76: LAVENDER | E76: 28 | G76: 0 | H76: 0 | I76: 0 | J76: 0 | K76: 0 | L76: 0 | M76: 0 | N76: 0 | O76: 0 | P76: 0 | Q76: 0 | R76: 0 | S76: 0 | T76: 0 | U76: 0 | V76: 0 | W76: #DIV/0! | X76: #DIV/0! | Y76: #DIV/0! | Z76: #DIV/0!
C77: LAVENDER | E77: 28 | F77: 0 | G77: 0 | H77: 0 | I77: 0 | J77: 0 | K77: 0 | L77: 0 | M77: 0 | N77: 0 | O77: 0 | P77: 0 | Q77: 0 | R77: 0 | S77: 0 | T77: 0 | U77: 0 | V77: 0 | W77: #DIV/0! | X77: #DIV/0! | Y77: #DIV/0! | Z77: #DIV/0!
A78: TOTAL ISOLASI | E78: 28 | F78: 4 | G78: 0 | H78: 0 | I78: 0 | J78: 0 | K78: 0 | L78: 0 | M78: 0 | N78: 0 | O78: 0 | P78: 0 | Q78: 0 | R78: 0 | S78: 0 | T78: 0 | U78: 0 | V78: 0 | W78: 0 | X78: #DIV/0! | Y78: #DIV/0! | Z78: 0
A80: NO | B80: PELAYANAN | C80: RAWAT INAP | D80: KLAS PERAWATAN | E80: PERIODE | F80: TT | G80: PX AWAL | H80: PX MASUK | I80: PX PINDAHAN | J80: JUMLAH (1+2+3) | K80: PX DI PINDAHKAN | L80: PX KELUAR HIDUP | M80: PX MATI | N80: KURANG 48 JAM | O80: LEBIH 48 JAM | P80: JUMLAH (5+6+7) | Q80: LAMA DI RAWAT | R80: PX KELUAR/MASUK HR SAMA | S80: HARI PERAWATAN | T80: Px AKHIR | U80: KUNJUNGN | V80: O | W80: BOR | X80: LOS | Y80: TOI | Z80: BTO
V81: (TT terpakai) | W81: (75%-85%) | X81: (3-12 hari) | Y81: (1-3 hr) | Z81: (30 px)
G83: 1 | H83: 2 | I83: 3 | J83: 4 | K83: 5 | L83: 6 | M83: 7 | N83: 8 | O83: 9 | P83: 10 | Q83: 11 | R83: 12 | S83: 13 | T83: 14 | V83: 15 | W83: 16 | X83: 17 | Y83: 18 | Z83: 19
A84: 1 | B84: PERISTI | C84: PERINATOLOGI | D84: II | E84: 28 | F84: 18 | G84: 15 | H84: 99 | I84: 11 | J84: 125 | K84: 32 | L84: 76 | M84: 2 | N84: 1 | O84: 1 | P84: 110 | Q84: 408 | R84: 1 | S84: 464 | T84: 15 | U84: 78 | V84: 16.571429 | W84: 92.063492 | X84: 5.9487179 | Y84: 0.51282051 | Z84: 4.3333333
C85: PERINATOLOGI | E85: 28 | F85: 18 | G85: 15 | H85: 99 | I85: 11 | J85: 125 | K85: 32 | L85: 76 | M85: 2 | N85: 1 | O85: 1 | P85: 110 | Q85: 408 | R85: 1 | S85: 464 | T85: 15 | U85: 78 | V85: 16.571429 | W85: 92.063492 | X85: 5.9487179 | Y85: 0.51282051 | Z85: 4.3333333 | AA85: =G85 -> 15 | AB85: =H85 -> 99 | AC85: =I85 -> 11 | AD85: =J85 -> 125 | AE85: =K85 -> 32 | AF85: =L85 -> 76
A87: 2 | C87: DAHLIA BAYI | D87: I | E87: 28 | F87: 2 | G87: 0 | H87: 0 | I87: 1 | J87: 1 | K87: 0 | L87: 1 | M87: 0 | N87: 0 | O87: 0 | P87: 1 | Q87: 1 | R87: 0 | S87: 1 | T87: 0 | U87: 1 | V87: 0.035714286 | W87: 1.7857143 | X87: 1 | Y87: 55 | Z87: 0.5
D88: II | E88: 28 | F88: 4 | G88: 2 | H88: 1 | I88: 25 | J88: 28 | K88: 19 | L88: 9 | M88: 0 | N88: 0 | O88: 0 | P88: 28 | Q88: 15 | R88: 0 | S88: 32 | T88: 0 | U88: 9 | V88: 1.1428571 | W88: 28.571429 | X88: 3.5555556 | Y88: 8.8888889 | Z88: 2.25
D89: III | E89: 28 | F89: 10 | G89: 3 | H89: 0 | I89: 47 | J89: 50 | K89: 1 | L89: 48 | M89: 0 | N89: 0 | O89: 0 | P89: 49 | Q89: 75 | R89: 0 | S89: 52 | T89: 1 | U89: 48 | V89: 1.8571429 | W89: 18.571429 | X89: 1.0833333 | Y89: 4.75 | Z89: 4.8
C90: DAHLIA BAYI | E90: 28 | F90: 16 | G90: 5 | H90: 1 | I90: 73 | J90: 79 | K90: 20 | L90: 58 | M90: 0 | N90: 0 | O90: 0 | P90: 78 | Q90: 91 | R90: 0 | S90: 85 | T90: 1 | U90: 58 | V90: 3.0357143 | W90: 18.973214 | X90: 1.4655172 | Y90: 6.2586207 | Z90: 3.625
A91: TOTAL PERISTI | E91: 28 | F91: 34 | G91: 20 | H91: 100 | I91: 84 | J91: 204 | K91: 52 | L91: 134 | M91: 2 | N91: 1 | O91: 1 | P91: 188 | Q91: 499 | R91: 1 | S91: 549 | T91: 16 | U91: 136 | V91: 19.607143 | W91: 57.668067 | X91: 4.0367647 | Y91: 2.9632353 | Z91: 4
G92: 32
A93: NO | B93: PELAYANAN | C93: RAWAT INAP | D93: KLAS PERAWATAN | E93: PERIODE | F93: TT | G93: PX AWAL | H93: PX MASUK | I93: PX PINDAHAN | J93: JUMLAH (1+2+3) | K93: PX DI PINDAHKAN | L93: PX KELUAR HIDUP | M93: PX MATI | N93: KURANG 48 JAM | O93: LEBIH 48 JAM | P93: JUMLAH (5+6+7) | Q93: LAMA DI RAWAT | R93: PX KELUAR/MASUK HR SAMA | S93: HARI PERAWATAN | T93: Px AKHIR | U93: KUNJUNGN | V93: O | W93: BOR | X93: LOS | Y93: TOI | Z93: BTO
V94: (TT terpakai) | W94: (75%-85%) | X94: (3-12 hari) | Y94: (1-3 hr) | Z94: (30 px)
G96: 1 | H96: 2 | I96: 3 | J96: 4 | K96: 5 | L96: 6 | M96: 7 | N96: 8 | O96: 9 | P96: 10 | Q96: 11 | R96: 12 | S96: 13 | T96: 14 | V96: 15 | W96: 16 | X96: 17 | Y96: 18 | Z96: 19
A97: 1 | B97: INTENSIVE | C97: ICU | D97: I | E97: 28 | F97: 14 | G97: 11 | H97: 6 | I97: 84 | J97: 101 | K97: 84 | L97: 1 | M97: 7 | N97: 1 | O97: 6 | P97: 92 | Q97: 68 | R97: 0 | S97: 226 | T97: 9 | U97: 8 | V97: 8.0714286 | W97: 57.653061 | X97: 28.25 | Y97: 20.75 | Z97: 0.57142857
C98: ICU | D98: I | E98: 28 | F98: 14 | G98: 11 | H98: 6 | I98: 84 | J98: 101 | K98: 84 | L98: 1 | M98: 7 | N98: 1 | O98: 6 | P98: 92 | Q98: 68 | R98: 0 | S98: 226 | T98: 9 | U98: 8 | V98: 8.0714286 | W98: 57.653061 | X98: 28.25 | Y98: 20.75 | Z98: 0.57142857 | AA98: =G98 -> 11 | AB98: =H98 -> 6 | AC98: =I98 -> 84 | AD98: =J98 -> 101 | AE98: =K98 -> 84 | AF98: =L98 -> 1
A99: 2 | C99: ICCU | D99: I | E99: 28 | F99: 5 | G99: 4 | H99: 40 | I99: 15 | J99: 59 | K99: 53 | L99: 0 | M99: 2 | N99: 1 | O99: 1 | P99: 55 | Q99: 5 | R99: 0 | S99: 92 | T99: 4 | U99: 2 | V99: 3.2857143 | W99: 65.714286 | X99: 46 | Y99: 24 | Z99: 0.4
C100: ICCU | D100: I | E100: 28 | F100: 5 | G100: 4 | H100: 40 | I100: 15 | J100: 59 | K100: 53 | L100: 0 | M100: 2 | N100: 1 | O100: 1 | P100: 55 | Q100: 5 | R100: 0 | S100: 92 | T100: 4 | U100: 2 | V100: 3.2857143 | W100: 65.714286 | X100: 46 | Y100: 24 | Z100: 0.4 | AA100: =G100 -> 4 | AB100: =H100 -> 40 | AC100: =I100 -> 15 | AD100: =J100 -> 59 | AE100: =K100 -> 53 | AF100: =L100 -> 0
A101: 3 | C101: PICU | D101: I | E101: 28 | F101: 3 | G101: 1 | H101: 7 | I101: 10 | J101: 18 | K101: 13 | L101: 1 | M101: 2 | N101: 0 | O101: 2 | P101: 16 | Q101: 11 | R101: 0 | S101: 51 | T101: 2 | U101: 3 | V101: 1.8214286 | W101: 60.714286 | X101: 17 | Y101: 11 | Z101: 1
C102: PICU | D102: I | E102: 28 | F102: 3 | G102: 1 | H102: 7 | I102: 10 | J102: 18 | K102: 13 | L102: 1 | M102: 2 | N102: 0 | O102: 2 | P102: 16 | Q102: 11 | R102: 0 | S102: 51 | T102: 2 | U102: 3 | V102: 1.8214286 | W102: 60.714286 | X102: 17 | Y102: 11 | Z102: 1 | AA102: =G102 -> 1 | AB102: =H102 -> 7 | AC102: =I102 -> 10 | AD102: =J102 -> 18 | AE102: =K102 -> 13 | AF102: =L102 -> 1
A103: 4 | C103: NICU | D103: I | E103: 28 | F103: 5 | G103: 5 | H103: 6 | I103: 14 | J103: 25 | K103: 14 | L103: 0 | M103: 6 | N103: 3 | O103: 3 | P103: 20 | Q103: 31 | R103: 0 | S103: 115 | T103: 5 | U103: 6 | V103: 4.1071429 | W103: 82.142857 | X103: 19.166667 | Y103: 4.1666667 | Z103: 1.2
C104: NICU | D104: I | E104: 28 | F104: 5 | G104: 5 | H104: 6 | I104: 14 | J104: 25 | K104: 14 | L104: 0 | M104: 6 | N104: 3 | O104: 3 | P104: 20 | Q104: 31 | R104: 0 | S104: 115 | T104: 5 | U104: 6 | V104: 4.1071429 | W104: 82.142857 | X104: 19.166667 | Y104: 4.1666667 | Z104: 1.2 | AA104: =G104 -> 5 | AB104: =H104 -> 6 | AC104: =I104 -> 14 | AD104: =J104 -> 25 | AE104: =K104 -> 14 | AF104: =L104 -> 0
A105: 5 | C105: ICU MEDICAL | D105: I | E105: 28 | F105: 4 | G105: 1 | H105: 14 | I105: 6 | J105: 21 | K105: 11 | L105: 0 | M105: 6 | N105: 2 | O105: 4 | P105: 17 | Q105: 22 | R105: 1 | S105: 77 | T105: 4 | U105: 6 | V105: 2.75 | W105: 68.75 | X105: 12.833333 | Y105: 5.8333333 | Z105: 1.5
C106: ICU MEDICAL | D106: I | E106: 28 | F106: 4 | G106: 1 | H106: 14 | I106: 6 | J106: 21 | K106: 11 | L106: 0 | M106: 6 | N106: 2 | O106: 4 | P106: 17 | Q106: 22 | R106: 1 | S106: 77 | T106: 4 | U106: 6 | V106: 2.75 | W106: 68.75 | X106: 12.833333 | Y106: 5.8333333 | Z106: 1.5
C107: RICU ED | D107: I | E107: 28 | F107: 2 | G107: 1 | H107: 5 | I107: 1 | J107: 7 | K107: 3 | L107: 0 | M107: 2 | N107: 1 | O107: 1 | P107: 5 | Q107: 29 | R107: 0 | S107: 20 | T107: 2 | U107: 2 | V107: 0.71428571 | W107: 35.714286 | X107: 10 | Y107: 18 | Z107: 1
C108: RICU ED | E108: 28 | F108: 2 | G108: 1 | H108: 5 | I108: 1 | J108: 7 | K108: 3 | L108: 0 | M108: 2 | N108: 1 | O108: 1 | P108: 5 | Q108: 29 | R108: 0 | S108: 20 | T108: 2 | U108: 2 | V108: 0.71428571 | W108: 35.714286 | X108: 10 | Y108: 18 | Z108: 1 | AA108: =G108 -> 1 | AB108: =H108 -> 5 | AC108: =I108 -> 1 | AD108: =J108 -> 7 | AE108: =K108 -> 3 | AF108: =L108 -> 0
A109: 6 | C109: HCU PERIN | D109: I | E109: 28 | F109: 10 | G109: 0 | H109: 0 | I109: 0 | J109: 0 | K109: 0 | L109: 0 | M109: 0 | N109: 0 | O109: 0 | P109: 0 | Q109: 0 | R109: 0 | S109: 0 | T109: 0 | U109: 0 | V109: 0 | W109: 0 | X109: #DIV/0! | Y109: #DIV/0! | Z109: 0
C110: HCU PERIN | D110: I | E110: 28 | F110: 10 | G110: 0 | H110: 0 | I110: 0 | J110: 0 | K110: 0 | L110: 0 | M110: 0 | N110: 0 | O110: 0 | P110: 0 | Q110: 0 | R110: 0 | S110: 0 | T110: 0 | U110: 0 | V110: 0 | W110: 0 | X110: #DIV/0! | Y110: #DIV/0! | Z110: 0
A111: 7 | C111: BERSALIN | D111: II | E111: 28 | G111: 2 | H111: 139 | I111: 4 | J111: 145 | K111: 133 | L111: 2 | M111: 5 | N111: 5 | O111: 0 | P111: 140 | Q111: 7 | R111: 7 | S111: 78 | T111: 5 | U111: 7 | V111: 2.7857143 | W111: #DIV/0! | X111: 11.142857 | Y111: -11.142857 | Z111: #DIV/0!
C112: BERSALIN | D112: II | E112: 28 | F112: 0 | G112: 2 | H112: 139 | I112: 4 | J112: 145 | K112: 133 | L112: 2 | M112: 5 | N112: 5 | O112: 0 | P112: 140 | Q112: 7 | R112: 7 | S112: 78 | T112: 5 | U112: 7 | V112: 2.7857143 | W112: #DIV/0! | X112: 11.142857 | Y112: -11.142857 | Z112: #DIV/0!
A113: 8 | C113: DAHLIA IBU | D113: ROI | E113: 28 | G113: 0 | H113: 0 | I113: 0 | J113: 0 | K113: 0 | L113: 0 | M113: 0 | N113: 0 | O113: 0 | P113: 0 | Q113: 0 | R113: 0 | S113: 0 | T113: 0 | U113: 0 | V113: 0 | W113: #DIV/0! | X113: #DIV/0! | Y113: #DIV/0! | Z113: #DIV/0!
C114: DAHLIA IBU | D114: ROI | E114: 28 | F114: 0 | G114: 0 | H114: 0 | I114: 0 | J114: 0 | K114: 0 | L114: 0 | M114: 0 | N114: 0 | O114: 0 | P114: 0 | Q114: 0 | R114: 0 | S114: 0 | T114: 0 | U114: 0 | V114: 0 | W114: #DIV/0! | X114: #DIV/0! | Y114: #DIV/0! | Z114: #DIV/0!
A115: 9 | C115: DAHLIA BAYI | D115: ROI | E115: 28 | G115: 0 | H115: 0 | I115: 0 | J115: 0 | K115: 0 | L115: 0 | M115: 0 | N115: 0 | O115: 0 | P115: 0 | Q115: 0 | R115: 0 | S115: 0 | T115: 0 | U115: 0 | V115: 0 | W115: #DIV/0! | X115: #DIV/0! | Y115: #DIV/0! | Z115: #DIV/0!
...

Sheet MAR
A1: DATA PELAYANAN RI RSD Dr.SOEBANDI JEMBER
A2: BULAN : MARET 2025 | V2: s/e | W2: v/f*100 | X2: S/L+M | Y2: ((F-V)*E)/(LM) | Z2: L+M/F
A3: NO | B3: PELAYANAN | C3: RAWAT INAP | D3: KLAS PERAWATAN | E3: PERIODE | F3: TT (T) | G3: PX AWAL | H3: PX MASUK | I3: PX PINDAHAN | J3: JUMLAH (1+2+3) | K3: PX DI PINDAHKAN | L3: PX KELUAR HIDUP | M3: PX MATI | N3: KURANG 48 JAM | O3: LEBIH 48 JAM | P3: JUMLAH (5+6+7) | Q3: LAMA DI RAWAT | R3: PX KELUAR/MASUK HR SAMA | S3: HARI PERAWATAN | T3: Px AKHIR | U3: KUNJUNGN | V3: O | W3: BOR (O/T) | X3: LOS | Y3: TOI | Z3: BTO
V4: (TT terpakai) | W4: (75%-85%) | X4: (3-12 hari) | Y4: (1-3 hr) | Z4: (30 px)
G6: 1 | H6: 2 | I6: 3 | J6: 4 | K6: 5 | L6: 6 | M6: 7 | N6: 8 | O6: 9 | P6: 10 | Q6: 11 | R6: 12 | S6: 13 | T6: 14 | V6: 15 | W6: 16 | X6: 17 | Y6: 18 | Z6: 19
A7: 1 | B7: RAWAT INAP UMUM | C7: ADENIUM/ASTER II | D7: III | E7: 31 | F7: 20 | G7: 14 | H7: 81 | I7: 8 | J7: 103 | K7: 6 | L7: 89 | M7: 1 | N7: 1 | O7: 0 | P7: 96 | Q7: 356 | R7: 3 | S7: 340 | T7: 7 | U7: 90 | V7: 10.967742 | W7: 54.83871 | X7: 3.7777778 | Y7: 3.1111111 | Z7: 4.5
C8: ADENIUM | E8: 31 | F8: 20 | G8: 14 | H8: 81 | I8: 8 | J8: 103 | K8: 6 | L8: 89 | M8: 1 | N8: 1 | O8: 0 | P8: 96 | Q8: 356 | R8: 3 | S8: 340 | T8: 7 | U8: 90 | V8: 10.967742 | W8: 54.83871 | X8: 3.7777778 | Y8: 3.1111111 | Z8: 4.5 | AA8: =+Q8+Q17 -> 698
A9: 2 | C9: ANTURIUM | D9: III | E9: 31 | F9: 16 | G9: 15 | H9: 78 | I9: 31 | J9: 124 | K9: 6 | L9: 97 | M9: 13 | N9: 9 | O9: 4 | P9: 116 | Q9: 432 | R9: 3 | S9: 428 | T9: 8 | U9: 110 | V9: 13.806452 | W9: 86.290323 | X9: 3.8909091 | Y9: 0.61818182 | Z9: 6.875
C10: ANTURIUM | E10: 31 | F10: 16 | G10: 15 | H10: 78 | I10: 31 | J10: 124 | K10: 6 | L10: 97 | M10: 13 | N10: 9 | O10: 4 | P10: 116 | Q10: 432 | R10: 3 | S10: 428 | T10: 8 | U10: 110 | V10: 13.806452 | W10: 86.290323 | X10: 3.8909091 | Y10: 0.61818182 | Z10: 6.875
A11: 3 | C11: TULIP | D11: II | E11: 31 | G11: 0 | H11: 0 | I11: 0 | J11: 0 | K11: 0 | L11: 0 | M11: 0 | N11: 0 | O11: 0 | P11: 0 | Q11: 0 | R11: 0 | S11: 0 | T11: 0 | U11: 0 | V11: 0 | W11: #DIV/0! | X11: #DIV/0! | Y11: #DIV/0! | Z11: #DIV/0!
D12: III | E12: 31 | F12: 12 | G12: 10 | H12: 58 | I12: 3 | J12: 71 | K12: 4 | L12: 56 | M12: 8 | N12: 3 | O12: 5 | P12: 68 | Q12: 261 | R12: 1 | S12: 234 | T12: 3 | U12: 64 | V12: 7.5483871 | W12: 62.903226 | X12: 3.65625 | Y12: 2.15625 | Z12: 5.3333333
C13: TULIP | E13: 31 | F13: 12 | G13: 10 | H13: 58 | I13: 3 | J13: 71 | K13: 4 | L13: 56 | M13: 8 | N13: 3 | O13: 5 | P13: 68 | Q13: 261 | R13: 1 | S13: 234 | T13: 3 | U13: 64 | V13: 7.5483871 | W13: 62.903226 | X13: 3.65625 | Y13: 2.15625 | Z13: 5.3333333 | AD13: I | AE13: =+S32+S35+S44+S87+S106 -> 506
A14: 4 | C14: ASTER | D14: II | E14: 31 | F14: 2 | G14: 2 | H14: 5 | I14: 10 | J14: 17 | K14: 2 | L14: 13 | M14: 1 | N14: 0 | O14: 1 | P14: 16 | Q14: 50 | R14: 0 | S14: 49 | T14: 1 | U14: 14 | V14: 1.5806452 | W14: 79.032258 | X14: 3.5 | Y14: 0.92857143 | Z14: 7 | AA14: =+S8+S15 -> 579
D15: III | E15: 31 | F15: 17 | G15: 15 | H15: 55 | I15: 3 | J15: 73 | K15: 10 | L15: 55 | M15: 3 | N15: 1 | O15: 2 | P15: 68 | Q15: 245 | R15: 1 | S15: 239 | T15: 5 | U15: 58 | V15: 7.7096774 | W15: 45.351044 | X15: 4.1206897 | Y15: 4.9655172 | Z15: 3.4117647
D16: ISOLASI | E16: 31 | F16: 5 | G16: 1 | H16: 10 | I16: 1 | J16: 12 | K16: 0 | L16: 12 | M16: 0 | N16: 0 | O16: 0 | P16: 12 | Q16: 47 | R16: 0 | S16: 41 | T16: 0 | U16: 12 | V16: 1.3225806 | W16: 26.451613 | X16: 3.4166667 | Y16: 9.5 | Z16: 2.4 | AA16: AWAL | AB16: MASUK | AC16: PINDAHAN | AD16: DIPINDHKAN | AE16: KLUAR HIDUP | AF16: LD | AG16: HP | AH16: AKHIR
C17: ASTER | E17: 31 | F17: 24 | G17: 18 | H17: 70 | I17: 14 | J17: 102 | K17: 12 | L17: 80 | M17: 4 | N17: 1 | O17: 3 | P17: 96 | Q17: 342 | R17: 1 | S17: 329 | T17: 6 | U17: 84 | V17: 10.612903 | W17: 44.22043 | X17: 3.9166667 | Y17: 4.9404762 | Z17: 3.5 | AA17: =+G8+G17 -> 32 | AB17: =+H8+H17 -> 151 | AC17: =+I8+I17 -> 22 | AD17: =+K8+K17 -> 18 | AE17: =+L8+L17 -> 169 | AF17: =+Q8+Q17 -> 698 | AG17: =+S8+S17 -> 669 | AH17: =+T8+T17 -> 13
A19: 5 | C19: MELATI | D19: ATAS III | E19: 31 | F19: 19 | G19: 14 | H19: 112 | I19: 6 | J19: 132 | K19: 18 | L19: 83 | M19: 23 | N19: 17 | O19: 6 | P19: 124 | Q19: 360 | R19: 10 | S19: 412 | T19: 8 | U19: 106 | V19: 13.290323 | W19: 69.949066 | X19: 3.8867925 | Y19: 1.6698113 | Z19: 5.5789474 | AD19: II | AE19: =+S42+S47+S49+S88+S112 -> 649
